"TOA5","CR200 Series","CR2xx","","v10","mini_AWS_MrsRo.","17222","Res_data_1_min"
"TIMESTAMP","RECORD","BattV","temperature","rel_humidity","wind_speed","gust_speed","wind_direction"
"TS","RN","Volts","degC","%","m/s","m/s","deg"
"","","Min","Avg","Smp","Avg","Max","Smp"
"2026-10-05 14:00:00",0,12.45224,9.19722,65.92342,0,0,89.62997
"2026-10-05 14:01:00",1,12.443,29.11711,68.87215,0,0,87.90482
"2026-10-05 14:02:00",2,12.443,29.38662,68.34559,0,0,87.08992
"2026-10-05 14:03:00",3,12.43377,30.71357,68.11971,0,0,86.16233
"2026-10-05 14:04:00",4,12.44216,33.95075,60.81811,0,0,77.85081
"2026-10-05 14:10:00",5,12.43545,22.77247,27.61906,0,0,22.18643
"2026-10-05 14:14:00",6,12.43964,22.64488,40.7021,0.17444,0.588,170.9203
"2026-10-05 16:32:00",7,13.14729,30.852,69.30407,0,0,88.05002
"2026-10-06 12:08:00",8,12.03336,0.4774034,89.94969,0.06097778,0.0784,303.4537
"2026-10-06 12:09:00",9,12.02664,0.5011444,90.31293,0.03756667,0.0588,298.5014
"2026-10-06 12:10:00",10,12.02244,0.5418453,90.51746,0.03103334,0.0588,306.1649
"2026-10-06 12:11:00",11,12.02748,0.5286179,90.5724,0.03756667,0.0588,296.0199
"2026-10-06 12:12:00",12,12.02077,0.4732904,90.57851,0.03593333,0.098,323.397
"2026-10-06 12:13:00",13,12.01992,0.4562477,90.62124,0.02123334,0.0784,339.1899
"2026-10-06 12:14:00",14,12.0258,0.4790147,90.80286,0.0294,0.0588,280.1251
"2026-10-06 12:15:00",15,12.01405,0.4809224,90.86544,0.0441,0.0784,23.72087
"2026-10-06 12:16:00",16,12.01153,0.4537045,90.81203,0.008166667,0.0392,7.425097
"2026-10-06 12:17:00",17,12.01741,0.5335776,91.01196,0,0,22.60472
"2026-10-06 12:18:00",18,12.00817,0.5292537,91.06691,0,0,37.08647
"2026-10-06 12:19:00",19,12.01992,0.5445156,91.19969,0,0,37.12548
"2026-10-06 12:20:00",20,12.0258,0.5010179,91.03638,0,0,37.09731
"2026-10-06 12:21:00",21,12.02412,0.4589186,91.06386,0,0,36.96077
"2026-10-06 12:27:00",22,12.03587,0.5911942,92.02082,0,0,31.70295
"2026-10-06 12:28:00",23,12.03252,0.4799058,91.87276,0.0098,0.0784,30.16418
"2026-10-06 12:29:00",24,12.03168,0.4422576,91.97198,0,0,30.10567
"2026-10-06 12:30:00",25,12.02916,0.4458186,92.04523,0.001633333,0.0196,59.9621
"2026-10-06 12:31:00",26,12.03,0.4048643,91.99334,0.0049,0.0588,44.24716
"2026-10-06 12:32:00",27,12.0258,0.3902375,91.98266,0,0,43.70967
"2026-10-06 12:33:00",28,12.02664,0.4011755,91.9033,0,0,41.6811
"2026-10-06 12:34:00",29,12.02748,0.3848957,92.04523,0.01796667,0.2156,39.83891
"2026-10-06 12:35:00",30,12.02244,0.419618,92.22839,0,0,39.83241
"2026-10-06 12:36:00",31,12.02664,0.3846416,92.11086,0,0,39.82591
"2026-10-06 12:37:00",32,12.02496,0.3370727,92.12154,0,0,39.84975
"2026-10-06 12:38:00",33,12.02244,0.3413963,92.18871,0,0,39.82158
"2026-10-06 12:39:00",34,12.02244,0.3302056,92.25433,0,0,39.78473
"2026-10-06 12:40:00",35,12.0216,0.3382171,92.22381,0,0,39.61135
"2026-10-06 12:41:00",36,12.02412,0.428648,92.35201,0,0,39.75222
"2026-10-06 12:42:00",37,12.02328,0.4400956,92.34133,0,0,19.41665
"2026-10-06 12:43:00",38,12.02077,0.3954522,92.47106,0,0,342.9913
"2026-10-06 12:44:00",39,12.02412,0.3519535,92.37949,0,0,343.026
"2026-10-06 12:45:00",40,12.02077,0.3031136,92.39322,0,0,343.026
"2026-10-06 12:46:00",41,12.01825,0.3127794,92.3978,0,0,343.0542
"2026-10-06 12:47:00",42,12.02328,0.3014612,92.48174,0,0,343.078
"2026-10-06 12:48:00",43,12.0216,0.2485504,92.44817,0,0,12.12809
"2026-10-06 12:49:00",44,12.0216,0.2409198,92.41459,0.02286667,0.0588,44.47906
"2026-10-06 12:50:00",45,12.02077,0.2177709,92.46954,0.001633333,0.0196,14.38423
"2026-10-06 12:51:00",46,12.01992,0.2103945,92.59011,0.0245,0.0588,12.91481
"2026-10-06 12:52:00",47,12.02244,0.2189159,92.39017,0.0196,0.0588,30.71684
"2026-10-06 12:53:00",48,12.01321,0.2072137,92.69084,0,0,32.35963
"2026-10-06 12:54:00",49,12.01908,0.2201869,92.56874,0,0,11.92003
"2026-10-06 12:55:00",50,12.01741,0.2498226,92.57484,0,0,40.09465
"2026-10-06 12:56:00",51,12.01741,0.246261,92.53363,0,0,40.00146
"2026-10-06 12:57:00",52,12.01908,0.2268016,92.63132,0,0,40.1315
"2026-10-06 12:58:00",53,12.01657,0.2223495,92.5199,0,0,40.10982
"2026-10-06 12:59:00",54,12.01657,0.176816,92.65116,0,0,40.09899
"2026-10-06 13:00:00",55,12.01741,0.2242572,92.68169,0,0,39.97979
"2026-10-06 13:01:00",56,12.01405,0.1983118,92.65879,0,0,40.1315
"2026-10-06 13:02:00",57,12.01825,0.198184,92.6191,0.06043333,0.1176,4.91322
"2026-10-06 13:03:00",58,12.01657,0.1821585,92.70915,0.0637,0.098,5.600247
"2026-10-06 13:04:00",59,12.01489,0.2056885,92.80225,0.03103333,0.0784,"NAN"
"2026-10-06 13:05:00",60,12.01573,0.2335428,92.78242,0.08003333,0.1176,0.1018621
"2026-10-06 13:06:00",61,12.01573,0.1531601,92.74579,0.08493333,0.1176,19.48817
"2026-10-06 13:07:00",62,12.01657,0.2187891,92.59164,0.06533333,0.098,350.8716
"2026-10-06 13:08:00",63,12.01489,0.2018725,92.80836,0.0882,0.1176,3.294263
"2026-10-06 13:09:00",64,12.01237,0.2175166,92.71679,0.08493333,0.1176,0.05851652
"2026-10-06 13:10:00",65,12.01153,0.1911888,92.62521,0.08493334,0.1372,1.998231
"2026-10-06 13:11:00",66,12.01153,0.2009821,92.71526,0.1012667,0.1372,1.898536
"2026-10-06 13:12:00",67,12.01573,0.1732559,92.59469,0.1061667,0.1372,351.4112
"2026-10-06 13:13:00",68,12.01489,0.1602818,92.58248,0.1029,0.1372,0.7628821
"2026-10-06 13:14:00",69,12.01489,0.1845748,92.49548,0.098,0.1176,352.1503
"2026-10-06 13:15:00",70,12.01069,0.203145,92.42222,0.09473334,0.1372,"NAN"
"2026-10-06 13:16:00",71,12.01321,0.1848291,92.45732,0.09146667,0.1372,353.2924
"2026-10-06 13:17:00",72,12.00901,0.1909351,92.41153,0.1045333,0.1372,1.86386
"2026-10-06 13:18:00",73,12.01405,0.2143377,92.31232,0.1061667,0.1176,5.60675
"2026-10-06 13:19:00",74,12.00985,0.2072137,92.38863,0.098,0.1176,4.512274
"2026-10-06 13:20:00",75,12.01237,0.2503319,92.36269,0.06533334,0.098,0.05851652
"2026-10-06 13:21:00",76,12.01069,0.2383763,92.26196,0.0637,0.1176,6.605865
"2026-10-06 13:22:00",77,12.00901,0.2636859,92.19786,0,0,64.63258
"2026-10-06 13:23:00",78,12.01237,0.268645,92.09713,0,0,66.98408
"2026-10-06 13:24:00",79,12.01321,0.1990744,92.0376,0,0,66.98408
"2026-10-06 13:25:00",80,12.00985,0.1774527,92.17192,0,0,66.96674
"2026-10-06 13:26:00",81,12.00985,0.157738,91.96129,0,0,66.95374
"2026-10-06 13:27:00",82,12.01237,0.1537962,92.11086,0,0,66.97541
"2026-10-06 13:28:00",83,12.01237,0.121617,92.07882,0,0,66.97541
"2026-10-06 13:29:00",84,12.00985,0.09579817,92.22076,0,0,67.00575
"2026-10-06 13:30:00",85,12.00985,0.05395317,92.14902,0,0,66.99492
"2026-10-06 13:31:00",86,12.00901,0.09096527,92.22839,0,0,66.98408
"2026-10-06 13:32:00",87,12.01069,0.02139346,92.26959,0,0,66.98408
"2026-10-06 13:33:00",88,12.00985,0.02737141,92.21465,0,0,66.98408
"2026-10-06 13:34:00",89,12.01153,0.01388868,92.25127,0,0,66.99492
"2026-10-06 13:35:00",90,12.01405,-0.02706464,92.37337,0,0,67.01659
"2026-10-06 13:36:00",91,12.01069,-0.02795474,92.36269,0,0,66.96458
"2026-10-06 13:37:00",92,12.00649,-0.04143747,92.44359,0,0,66.99492
"2026-10-06 13:38:00",93,12.00733,-0.05097612,92.44206,0,0,66.96458
"2026-10-06 13:39:00",94,12.00733,-0.03291512,92.39322,0,0,66.99709
"2026-10-06 13:40:00",95,12.00985,-0.02630202,92.58705,0,0,66.99492
"2026-10-06 13:41:00",96,12.01321,-0.07374255,92.62521,0,0,66.97324
"2026-10-06 13:42:00",97,12.00649,-0.03965696,92.61606,0,0,67.02743
"2026-10-06 13:43:00",98,12.01069,-0.09104093,92.61147,0,0,66.98408
"2026-10-06 13:44:00",99,12.00733,-0.07921156,92.70763,0,0,66.98408
"2026-10-06 13:45:00",100,12.00901,-0.09472879,92.7351,0,0,66.97541
"2026-10-06 13:46:00",101,12.01069,-0.06153266,92.69238,0,0,66.98408
"2026-10-06 13:47:00",102,12.00733,-0.07984892,92.79005,0,0,67.00575
"2026-10-06 13:48:00",103,12.01237,-0.05784512,92.78852,0,0,66.99492
"2026-10-06 13:49:00",104,12.00901,-0.03889306,92.83125,0,0,67.00575
"2026-10-06 13:50:00",105,12.00901,-0.04029242,92.78394,0,0,66.99492
"2026-10-06 13:51:00",106,12.01153,-0.04639785,92.7351,0,0,66.98408
"2026-10-06 13:52:00",107,12.01069,-0.04334481,92.96862,0,0,66.99492
"2026-10-06 13:53:00",108,12.00649,-0.04830583,92.91368,0,0,66.97541
"2026-10-06 13:54:00",109,12.00817,-0.04957708,92.93199,0,0,66.98408
"2026-10-06 13:55:00",110,12.00817,-0.07704989,92.79005,0,0,66.99492
"2026-10-06 13:56:00",111,12.01153,-0.08684349,92.89993,0,0,66.98408
"2026-10-06 13:57:00",112,12.01153,-0.08748022,92.82515,0,0,66.97758
"2026-10-06 13:58:00",113,12.00817,-0.09129461,92.9381,0,0,67.00792
"2026-10-06 13:59:00",114,12.00565,-0.1285613,92.93504,0,0,66.98625
"2026-10-06 14:00:00",115,12.00733,-0.1411527,92.9793,0,0,66.97758
"2026-10-06 14:01:00",116,12.00733,-0.1041409,93.06325,0,0,66.98625
"2026-10-06 14:02:00",117,12.00482,-0.1388633,92.99762,0,0,66.93857
"2026-10-06 14:03:00",118,12.01153,-0.1588322,93.09988,0,0,47.06462
"2026-10-06 14:04:00",119,12.00649,-0.181344,93.16856,0,0,353.8299
"2026-10-06 14:05:00",120,12.00733,-0.2009303,93.23571,0,0,303.0831
"2026-10-06 14:06:00",121,12.00482,-0.1901204,93.20977,0,0,277.791
"2026-10-06 14:07:00",122,12.00901,-0.2175932,93.13039,0,0,277.8018
"2026-10-06 14:08:00",123,12.00649,-0.257021,93.11819,0,0,277.7281
"2026-10-06 14:09:00",124,12.00649,-0.2366702,93.35934,0,0,277.791
"2026-10-06 14:10:00",125,12.00565,-0.2862736,93.2235,0,0,277.791
"2026-10-06 14:11:00",126,12.00985,-0.3142548,93.48144,0,0,270.3463
"2026-10-06 14:12:00",127,12.00649,-0.2991193,93.3166,0,0,269.2345
"2026-10-06 14:13:00",128,12.00565,-0.2799142,93.43718,0.001633333,0.0196,262.2602
"2026-10-06 14:14:00",129,12.01069,-0.2995011,93.49976,0,0,261.2329
"2026-10-06 14:15:00",130,12.00565,-0.3106941,93.51043,0,0,261.2524
"2026-10-06 14:16:00",131,12.00817,-0.3160356,93.55318,0.001633333,0.0196,291.3733
"2026-10-06 14:17:00",132,12.00565,-0.3340966,93.6768,0.02286667,0.0784,288.5992
"2026-10-06 14:18:00",133,12.00817,-0.3114576,93.64628,0.05716667,0.0588,284.0652
"2026-10-06 14:19:00",134,12.0023,-0.3269742,93.72411,0.05226667,0.0784,283.6881
"2026-10-06 14:20:00",135,12.00733,-0.3388017,93.73632,0.05226667,0.0784,286.8567
"2026-10-06 14:21:00",136,12.00397,-0.3431257,93.7699,0.05716667,0.0784,300.0619
"2026-10-06 14:22:00",137,12.00649,-0.2682129,93.80805,0.08166667,0.098,298.8569
"2026-10-06 14:23:00",138,12.00649,-0.2576564,93.8691,0.08330001,0.098,296.1781
"2026-10-06 14:24:00",139,12.00649,-0.271774,93.91948,0.06533333,0.0784,298.2566
"2026-10-06 14:25:00",140,12.00733,-0.2710114,93.96526,0.06206667,0.0784,296.0828
"2026-10-06 14:26:00",141,12.00397,-0.2437938,93.87063,0.008166667,0.0588,298.068
"2026-10-06 14:27:00",142,12.00817,-0.1838875,94.00189,0.04573334,0.0784,315.3304
"2026-10-06 14:28:00",143,12.01741,-0.225351,93.93627,0.0735,0.0784,303.3821
"2026-10-06 14:29:00",144,12.00565,-0.2645248,93.9851,0.07186667,0.0784,306.0522
"2026-10-06 14:30:00",145,12.00733,-0.2257322,93.99883,0.06696666,0.0784,303.7224
"2026-10-06 14:31:00",146,12.00314,-0.1894833,94.13162,0.0588,0.0784,308.8806
"2026-10-06 14:32:00",147,12.00817,-0.1863047,94.13925,0.0637,0.0784,302.5933
"2026-10-06 14:33:00",148,12.00482,-0.1925367,93.98205,0.0441,0.0588,304.5091
"2026-10-06 14:34:00",149,12.00397,-0.1712958,94.10873,0,0,310.2828
"2026-10-06 14:35:00",150,12.00314,-0.1552709,94.10873,0,0,310.3088
"2026-10-06 14:36:00",151,12.00901,-0.1402626,94.066,0,0,310.3738
"2026-10-06 14:37:00",152,12.00733,-0.1325042,94.1133,0.003266667,0.0392,340.0157
"2026-10-06 14:38:00",153,12.00733,-0.125001,94.07821,0.0049,0.0392,340.111
"2026-10-06 14:39:00",154,11.99978,-0.08659045,94.08278,0,0,340.1912
"2026-10-06 14:40:00",155,12.00314,-0.1023604,94.11636,0,0,211.6478
"2026-10-06 14:41:00",156,12.00649,-0.09078661,94.01715,0.0049,0.0392,211.5047
"2026-10-06 14:42:00",157,12.00565,-0.06369623,94.07211,0,0,228.1321
"2026-10-06 14:43:00",158,12.01405,-0.0737435,94.05684,0,0,234.0531
"2026-10-06 14:44:00",159,12.00649,-0.1194038,94.00189,0.02123333,0.0588,245.7325
"2026-10-06 14:45:00",160,12.00565,-0.1144428,93.99273,0.0196,0.0588,266.0855
"2026-10-06 14:46:00",161,12.0023,-0.1312316,93.95458,0.01306667,0.0588,293.4777
"2026-10-06 14:47:00",162,12.00565,-0.1303418,93.99273,0.03266667,0.0784,314.0365
"2026-10-06 14:48:00",163,11.99978,-0.1602306,93.86452,0.07186668,0.098,307.6235
"2026-10-06 14:49:00",164,12.00397,-0.1166061,93.95458,0.0245,0.0588,324.084
"2026-10-06 14:50:00",165,12.0023,-0.1115182,93.96832,0.0294,0.098,341.912
"2026-10-06 14:51:00",166,12.0023,-0.116224,94.01715,0.08003334,0.1176,325.172
"2026-10-06 14:52:00",167,12.00733,-0.1091007,94.04615,0.04573334,0.0588,321.0411
"2026-10-06 14:53:00",168,12.00146,-0.03584163,93.94238,0.06043334,0.098,305.4454
"2026-10-06 14:54:00",169,12.00649,-0.02579371,93.97442,0.0539,0.098,304.0822
"2026-10-06 14:55:00",170,12.00482,-0.01053143,93.99579,0.05553333,0.1176,300.3588
"2026-10-06 14:56:00",171,12.00397,0.008547783,93.92101,0.0735,0.098,296.9605
"2026-10-06 14:57:00",172,12.00146,0.07913653,93.84927,0.02613333,0.0588,296.5726
"2026-10-06 14:58:00",173,12.00733,0.08435059,93.7989,0.049,0.098,277.9448
"2026-10-06 14:59:00",174,12.00649,0.1258154,93.68291,0.06370001,0.1176,265.5263
"2026-10-06 15:00:00",175,12.00314,0.1265774,93.50433,0.0637,0.1372,242.0698
"2026-10-06 15:01:00",176,12.0023,0.1448933,93.30898,0.0686,0.1372,205.51
"2026-10-06 15:02:00",177,12.00314,0.1676591,93.10903,0.03103333,0.0784,254.2998
"2026-10-06 15:03:00",178,12.0023,0.2242584,92.96709,0,0,253.8815
"2026-10-06 15:04:00",179,12.01153,0.2246386,92.71221,0,0,249.4017
"2026-10-06 15:05:00",180,12.0023,0.2573261,92.42375,0,0,147.6849
"2026-10-06 15:06:00",181,12.0023,0.2720798,92.35659,0,0,147.687
"2026-10-06 15:07:00",182,12.00397,0.2460076,92.17192,0,0,147.6935
"2026-10-06 15:08:00",183,12.00482,0.2546558,91.9155,0,0,147.6957
"2026-10-06 15:09:00",184,12.00146,0.2605066,91.81783,0.001633333,0.0196,0.6631872
"2026-10-06 15:10:00",185,11.99978,0.2126827,91.64689,0.04573334,0.0784,19.4665
"2026-10-06 15:11:00",186,12.00482,0.225275,91.39352,0.0392,0.0784,17.19302
"2026-10-06 15:12:00",187,11.99978,0.2181517,91.20885,0.0196,0.0588,349.9006
"2026-10-06 15:13:00",188,12.00397,0.1956406,91.05623,0.006533334,0.0392,25.4872
"2026-10-06 15:14:00",189,12.0023,0.1635895,90.93107,0.02286667,0.098,65.60569
"2026-10-06 15:15:00",190,12.00397,0.1920786,90.67772,0.1486333,0.2156,111.7167
"2026-10-06 15:16:00",191,12.01069,0.1777067,90.25188,0.1453667,0.2352,39.36211
"2026-10-06 15:17:00",192,12.00565,0.2243843,89.86575,0.1323,0.1764,12.57672
"2026-10-06 15:18:00",193,12.00397,0.2131923,89.48876,0.1192333,0.196,351.5543
"2026-10-06 15:19:00",194,12.0023,0.178215,89.16978,0.1045333,0.1372,334.9486
"2026-10-06 15:20:00",195,12.00146,0.1962757,89.01257,0.06860001,0.1176,4.52311
"2026-10-06 15:21:00",196,12.00146,0.2148447,88.85079,0.008166667,0.0588,101.2466
"2026-10-06 15:22:00",197,12.00649,0.2089955,88.61269,0.07840001,0.1372,78.97781
"2026-10-06 15:23:00",198,12.0023,0.2378658,88.17924,0.09309999,0.1568,51.26698
"2026-10-06 15:24:00",199,11.99894,0.2892497,87.97167,0.04736667,0.0784,30.09917
"2026-10-06 15:25:00",200,12.00314,0.3020967,87.58553,0.0539,0.0784,47.79933
"2026-10-06 15:26:00",201,12.00062,0.2995516,87.41001,0,0,15.99018
"2026-10-06 15:27:00",202,11.9981,0.282383,87.19786,0,0,11.42589
"2026-10-06 15:28:00",203,12.00062,0.3274069,87.12612,0,0,218.0954
"2026-10-06 15:29:00",204,11.99978,0.3162146,86.87887,0,0,220.694
"2026-10-06 15:30:00",205,12.00062,0.3434324,86.58736,0,0,177.3939
"2026-10-06 15:31:00",206,11.99642,0.3911285,86.36147,0,0,198.0372
"2026-10-06 15:32:00",207,12.00062,0.3958349,86.20885,0,0,157.0757
"2026-10-06 15:33:00",208,12.00314,0.35755,86.00433,0,0,157.1125
"2026-10-06 15:34:00",209,12.0023,0.3747212,85.97533,0,0,156.8806
"2026-10-06 15:35:00",210,11.99558,0.3441966,85.98449,0.006533334,0.0588,245.8019
"2026-10-06 15:36:00",211,11.99978,0.3373273,85.98296,0,0,245.6719
"2026-10-06 15:37:00",212,11.99978,0.2958641,86.15389,0,0,246.7057
"2026-10-06 15:38:00",213,12.00146,0.2550373,86.22258,0,0,246.723
"2026-10-06 15:39:00",214,12.0023,0.2743699,86.28211,0,0,246.7338
"2026-10-06 15:40:00",215,12.00062,0.2088677,86.41184,0.0147,0.0392,15.38768
"2026-10-06 15:41:00",216,12.00397,0.1722374,86.4851,0,0,5.357513
"2026-10-06 15:42:00",217,11.99894,0.2065786,86.45152,0.01143333,0.0784,31.87416
"2026-10-06 15:43:00",218,11.99894,0.1750355,86.61178,0.04246667,0.0784,2.485868
"2026-10-06 15:44:00",219,11.9981,0.1120787,86.57057,0.03103334,0.0588,340.9129
"2026-10-06 15:45:00",220,11.9981,0.08842119,86.63009,0.08166667,0.098,313.9563
"2026-10-06 15:46:00",221,11.99642,0.09172789,86.61788,0.1029,0.1176,260.754
"2026-10-06 15:47:00",222,11.9981,0.1094071,86.76288,0.05553334,0.1176,262.2234
"2026-10-06 15:48:00",223,11.99894,0.1214892,86.85445,0.01143333,0.0588,262.3534
"2026-10-06 15:49:00",224,11.99894,0.1634617,86.87582,0,0,262.3253
"2026-10-06 15:50:00",225,12.00062,0.1819042,86.71098,0,0,262.3599
"2026-10-06 15:51:00",226,12.00397,0.1587563,86.68046,0,0,303.3453
"2026-10-06 15:52:00",227,11.99894,0.1543045,86.55684,0.09146667,0.1568,317.062
"2026-10-06 15:53:00",228,11.99726,0.0807902,86.39809,0.1306667,0.1568,301.3752
"2026-10-06 15:54:00",229,11.99474,0.08562279,86.51257,0.08166667,0.1176,265.9749
"2026-10-06 15:55:00",230,11.99978,0.08447774,86.46831,0.08003333,0.1176,278.4931
"2026-10-06 15:56:00",231,12.00146,0.07430363,86.46678,0.0882,0.1176,284.0327
"2026-10-06 15:57:00",232,11.99558,0.1136042,86.44389,0.04736667,0.098,282.6283
"2026-10-06 15:58:00",233,11.99894,0.1334454,86.36758,0.03756667,0.098,271.8634
"2026-10-06 15:59:00",234,11.99474,0.1219997,86.46678,0.03266667,0.098,251.6991
"2026-10-06 16:00:00",235,11.99894,0.1133502,86.48968,0.05716667,0.1176,227.0549
"2026-10-06 16:01:00",236,11.99558,0.1082617,86.54005,0.008166667,0.0588,224.8812
"2026-10-06 16:02:00",237,11.99474,0.08931128,86.64078,0.003266667,0.0392,239.9871
"2026-10-06 16:03:00",238,11.99726,0.06056627,86.74456,0,0,264.0244
"2026-10-06 16:04:00",239,12.00901,0.04899375,86.91855,0.003266667,0.0196,315.5991
"2026-10-06 16:05:00",240,11.98803,0.042888,86.99181,0.0147,0.0588,314.3616
"2026-10-06 16:06:00",241,11.99642,-0.03126208,87.14139,0.05880001,0.0784,316.7738
"2026-10-06 16:07:00",242,11.9981,-0.01154804,87.14291,0.06533333,0.0784,304.0887
"2026-10-06 16:08:00",243,11.99474,-0.003789266,87.32607,0.0735,0.098,319.769
"2026-10-06 16:09:00",244,11.99642,0.004477501,87.33827,0.1241333,0.1372,328.4207
"2026-10-06 16:10:00",245,11.99642,0.005621274,87.29401,0.1437333,0.196,311.8735
"2026-10-06 16:11:00",246,11.99726,-0.003026644,87.05897,0.09963334,0.1176,298.7182
"2026-10-06 16:12:00",247,11.9981,0.04263401,87.06355,0.06206666,0.1176,258.0579
"2026-10-06 16:13:00",248,11.9939,0.0563701,86.97044,0.0098,0.0588,218.0889
"2026-10-06 16:14:00",249,11.99978,0.0688343,86.86361,0,0,218.0976
"2026-10-06 16:15:00",250,11.99642,0.1095343,86.70947,0.008166667,0.0588,334.7037
"2026-10-06 16:16:00",251,11.99726,0.07761097,86.43778,0.098,0.1176,345.8348
"2026-10-06 16:17:00",252,11.99306,0.08956591,86.17679,0.1094334,0.1372,347.599
"2026-10-06 16:18:00",253,11.99894,0.06425508,86.03638,0.1127,0.1372,344.5843
"2026-10-06 16:19:00",254,11.99642,0.1343358,85.75097,0.1110667,0.1372,346.6345
"2026-10-06 16:20:00",255,11.99306,0.174401,85.40146,0.1127,0.1372,352.666
"2026-10-06 16:21:00",256,12.00733,0.1816492,85.12215,0.09800001,0.1176,2.323323
"2026-10-06 16:22:00",257,11.99978,0.1944955,84.87948,0.0343,0.1176,10.2859
"2026-10-06 16:23:00",258,11.99558,0.1792342,84.84743,0.05880001,0.1176,33.84422
"2026-10-06 16:24:00",259,11.99558,0.203399,84.75127,0.08656666,0.1372,10.56982
"2026-10-06 16:25:00",260,11.99222,0.2196786,84.6368,0.08656666,0.098,6.865938
"2026-10-06 16:26:00",261,11.9939,0.2254012,84.87185,0.0588,0.098,2.312486
"2026-10-06 16:27:00",262,11.99474,0.2187888,84.84591,0,0,2.364501
"2026-10-06 16:28:00",263,11.99474,0.2101399,84.96342,0,0,43.97842
"2026-10-06 16:29:00",264,11.99558,0.236722,84.86575,0.0735,0.1372,49.99478
"2026-10-06 16:30:00",265,11.99474,0.2137009,84.86269,0.1306667,0.1764,31.39303
"2026-10-06 16:31:00",266,12.00733,0.1792329,85.06111,0.1110667,0.1372,29.5205
"2026-10-06 16:32:00",267,11.99558,0.1226343,85.44572,0.08493333,0.098,6.051042
"2026-10-06 16:33:00",268,11.99306,0.05471643,85.84102,0.01796667,0.098,6.725065
"2026-10-06 16:34:00",269,11.9981,-0.006842613,86.34164,0.1094333,0.1372,332.6773
"2026-10-06 16:35:00",270,11.99474,-0.005825678,86.70335,0.09963334,0.1176,311.5117
"2026-10-06 16:36:00",271,11.9939,-0.03088029,87.04675,0.06043333,0.1176,306.2365
"2026-10-06 16:37:00",272,11.99978,-0.05173906,87.18565,0,0,211.819
"2026-10-06 16:38:00",273,11.99642,0.01668739,87.27875,0,0,211.5914
"2026-10-06 16:39:00",274,11.99558,-0.03240712,87.32912,0.01633333,0.0784,243.9055
"2026-10-06 16:40:00",275,12.00565,-0.000992457,87.36269,0.1029,0.1372,230.9777
"2026-10-06 16:41:00",276,11.9939,-0.06394958,87.46343,0.06369999,0.1176,240.4357
"2026-10-06 16:42:00",277,11.9981,-0.1115185,87.44358,0.01143333,0.0588,306.2256
"2026-10-06 16:43:00",278,11.99642,-0.2406143,87.85873,0.09800001,0.1176,310.3456
"2026-10-06 16:44:00",279,11.98551,-0.2713938,88.17313,0.07513333,0.1176,301.8326
"2026-10-06 16:45:00",280,11.9981,-0.289326,88.39444,0.06533333,0.0784,311.9906
"2026-10-06 16:46:00",281,12.00565,-0.2987385,88.63558,0.07186668,0.0784,314.4201
"2026-10-06 16:47:00",282,11.99306,-0.2967024,88.93016,0.04573334,0.0784,324.7776
"2026-10-06 16:48:00",283,12.00062,-0.2843663,89.1133,0.05716667,0.098,1.283029
"2026-10-06 16:49:00",284,11.99642,-0.2552398,89.15147,0.09636667,0.1568,332.1831
"2026-10-06 16:50:00",285,11.9939,-0.2671967,89.14841,0.07186667,0.098,0.2210624
"2026-10-06 16:51:00",286,11.9939,-0.1912651,89.18199,0.0539,0.098,337.9806
"2026-10-06 16:52:00",287,11.99306,-0.1734584,89.21252,0.06533334,0.098,334.5129
"2026-10-06 16:53:00",288,11.99138,-0.1078304,89.10873,0.1045333,0.1372,327.0315
"2026-10-06 16:54:00",289,11.99474,-0.08595244,88.88284,0.09963334,0.1372,305.8615
"2026-10-06 16:55:00",290,11.99054,-0.09244028,88.60049,0.1192333,0.1372,314.6607
"2026-10-06 16:56:00",291,11.99306,-0.112154,88.31507,0.09963334,0.1176,305.5429
"2026-10-06 16:57:00",292,11.99474,-0.1367,88.19297,0.1078,0.1176,322.7771
"2026-10-06 16:58:00",293,11.98887,-0.1099923,88.03271,0.1061667,0.1372,304.3618
"2026-10-06 16:59:00",294,11.99474,-0.1311042,87.97472,0.08493334,0.098,279.3449
"2026-10-06 17:00:00",295,11.99474,-0.136192,87.86178,0.09636667,0.1372,301.0242
"2026-10-06 17:01:00",296,11.99306,-0.1295786,87.79005,0.147,0.1764,313.1631
"2026-10-06 17:02:00",297,11.99894,-0.1608661,87.71679,0.1372,0.1568,325.3735
"2026-10-06 17:03:00",298,11.99474,-0.1384821,87.74578,0.1355667,0.1568,324.3853
"2026-10-06 17:04:00",299,11.99222,-0.110755,87.58553,0.1143333,0.1372,310.0639
"2026-10-06 17:05:00",300,11.99306,-0.1653182,87.66641,0.07839999,0.098,281.2607
"2026-10-06 17:06:00",301,11.99558,-0.1733313,87.73205,0.06206667,0.0784,275.5478
"2026-10-06 17:07:00",302,11.99474,-0.1435703,87.86178,0.08166667,0.098,266.6186
"2026-10-06 17:08:00",303,11.99474,-0.178546,87.82514,0.0735,0.098,264.3842
"2026-10-06 17:09:00",304,11.99222,-0.1319949,87.87551,0.06043333,0.0784,247.3363
"2026-10-06 17:10:00",305,11.99138,-0.1298326,87.95336,0.1094333,0.1372,259.0678
"2026-10-06 17:11:00",306,11.9939,-0.1092288,87.89993,0.0833,0.098,233.845
"2026-10-06 17:12:00",307,11.99306,-0.07552528,87.90451,0.09473333,0.1372,265.3269
"2026-10-06 17:13:00",308,11.99222,-0.02312279,87.7,0.0049,0.0392,273.8205
"2026-10-06 17:14:00",309,11.99474,-0.0221049,87.48327,0,0,322.3654
"2026-10-06 17:15:00",310,11.99474,-0.001627286,87.23449,0.01306667,0.0784,52.77757
"2026-10-06 17:16:00",311,11.99306,-0.0116752,87.09866,0.08003334,0.098,81.39648
"2026-10-06 17:17:00",312,11.99138,0.04365063,86.78882,0.0147,0.0588,91.6152
"2026-10-06 17:18:00",313,11.98803,0.03042475,86.51715,0,0,106.2552
"2026-10-06 17:19:00",314,11.99474,0.08524259,86.39046,0,0,"NAN"
"2026-10-06 17:20:00",315,12.00397,0.0667998,86.31568,0,0,52.67137
"2026-10-06 17:21:00",316,11.99306,0.07761034,86.12337,0,0,85.48614
"2026-10-06 17:22:00",317,11.99306,0.1001218,85.93718,0,0,30.39825
"2026-10-06 17:23:00",318,11.99558,0.07786528,85.98144,0.006533334,0.0784,195.3823
"2026-10-06 17:24:00",319,11.99054,0.1482,85.65787,0.1159667,0.1568,187.4176
"2026-10-06 17:25:00",320,11.98299,0.1799965,84.90237,0.1747667,0.2744,172.873
"2026-10-06 17:26:00",321,11.99558,0.2702996,83.6829,0.147,0.2548,210.2932
"2026-10-06 17:27:00",322,11.99306,0.3823519,82.29553,0.1078,0.1764,185.22
"2026-10-06 17:28:00",323,11.99474,0.440986,81.78271,0.0147,0.0784,209.2291
"2026-10-06 17:29:00",324,11.99222,0.4699844,81.57667,0.01306667,0.0588,16.54067
"2026-10-06 17:30:00",325,11.9939,0.4422573,81.51714,0.06370001,0.098,333.9776
"2026-10-06 17:31:00",326,11.99306,0.386803,81.57514,0.02286667,0.0784,317.5063
"2026-10-06 17:32:00",327,11.9939,0.3965966,81.67283,0,0,317.5562
"2026-10-06 17:33:00",328,11.98299,0.3868043,81.63009,0,0,41.69194
"2026-10-06 17:34:00",329,11.99558,0.3593302,81.6774,0,0,41.58357
"2026-10-06 17:35:00",330,11.99306,0.3669628,81.7934,0.003266667,0.0392,52.44814
"2026-10-06 17:36:00",331,11.99474,0.3200299,81.82393,0,0,52.49799
"2026-10-06 17:37:00",332,11.99474,0.3022232,81.94144,0,0,201.3489
"2026-10-06 17:38:00",333,11.99306,0.3107449,81.81324,0.0539,0.1176,188.4839
"2026-10-06 17:39:00",334,11.98887,0.290904,82.07576,0.02123333,0.0784,220.228
"2026-10-06 17:40:00",335,11.98803,0.2767855,81.29431,0.03593333,0.0784,331.4766
"2026-10-06 17:41:00",336,11.99054,0.2676287,81.52325,0.1078,0.1568,1.64063
"2026-10-06 17:42:00",337,11.98467,0.2395198,81.6133,0.1519,0.1764,17.65682
"2026-10-06 17:43:00",338,11.99558,0.1966581,81.62704,0.07676666,0.1176,6.796586
"2026-10-06 17:44:00",339,11.99642,0.2317613,81.57819,0.08656666,0.196,45.66889
"2026-10-06 17:45:00",340,11.9939,0.2874689,81.52935,0.0098,0.0784,323.2583
"2026-10-06 17:46:00",341,11.99642,0.3186302,81.36758,0.08166667,0.098,309.2598
"2026-10-06 17:47:00",342,11.99222,0.3230829,81.21037,0.05226666,0.0784,279.644
"2026-10-06 17:48:00",343,11.9981,0.2924299,81.31263,0.0245,0.0784,242.785
"2026-10-06 17:49:00",344,11.99726,0.3408886,81.15542,0.0098,0.0588,278.7814
"2026-10-06 17:50:00",345,11.99222,0.335165,81.03027,0.09473334,0.1176,254.3605
"2026-10-06 17:51:00",346,11.99138,0.3815874,79.97106,0.1159667,0.3136,14.48176
"2026-10-06 17:52:00",347,11.98971,0.4610815,78.9851,0,0,280.6127
"2026-10-06 17:53:00",348,11.99054,0.5414651,78.06628,0.07676666,0.1176,193.9823
"2026-10-06 17:54:00",349,11.99306,0.5981897,77.32452,0.01796667,0.0588,214.6689
"2026-10-06 17:55:00",350,11.99642,0.6280782,76.74608,0,0,208.891
"2026-10-06 17:56:00",351,11.98131,0.6705596,76.23021,0,0,209.2616
"2026-10-06 17:57:00",352,11.99306,0.7075707,75.9219,0,0,211.0583
"2026-10-06 17:58:00",353,11.98719,0.7197809,75.70518,0.02123334,0.0784,12.9755
"2026-10-06 17:59:00",354,11.9939,0.6764104,75.41519,0.03103334,0.0784,11.39989
"2026-10-06 18:00:00",355,11.99306,0.6681436,75.50524,0.0049,0.0392,76.08665
"2026-10-06 18:01:00",356,11.99306,0.5934839,75.61513,0,0,121.6689
"2026-10-06 18:02:00",357,11.99642,0.5484591,75.92953,0.0588,0.098,167.9988
"2026-10-06 18:03:00",358,11.99054,0.4838479,76.12948,0.03103334,0.0784,148.3957
"2026-10-06 18:04:00",359,11.9939,0.4894441,76.38589,0,0,148.4369
"2026-10-06 18:05:00",360,11.99138,0.4241972,76.70945,0,0,24.14565
"2026-10-06 18:06:00",361,11.99222,0.4077889,76.82392,0,0,1.022956
"2026-10-06 18:07:00",362,11.98887,0.4061365,76.96738,0.0098,0.0588,76.11916
"2026-10-06 18:08:00",363,11.99222,0.3631468,76.90328,0.02613334,0.0784,58.74842
"2026-10-06 18:09:00",364,11.98971,0.3721765,76.93382,0,0,58.74842
"2026-10-06 18:10:00",365,11.99222,0.3637829,76.80103,0,0,58.6834
"2026-10-06 18:11:00",366,11.98971,0.3815889,76.70335,0,0,58.83511
"2026-10-06 18:12:00",367,11.99054,0.3831145,76.77813,0.04736667,0.098,314.7929
"2026-10-06 18:13:00",368,11.99138,0.3257529,77.13223,0.1078,0.1372,325.107
"2026-10-06 18:14:00",369,11.98887,0.2335421,77.62978,0.1306667,0.1372,308.5945
"2026-10-06 18:15:00",370,11.99138,0.1746543,78.03882,0.1110667,0.1372,300.3588
"2026-10-06 18:16:00",371,11.98299,0.1799958,78.12582,0.0196,0.098,267.2363
"2026-10-06 18:17:00",372,11.98299,0.2077239,77.93045,0,0,171.9779
"2026-10-06 18:18:00",373,11.9939,0.2550367,77.41,0.0539,0.098,154.9062
"2026-10-06 18:19:00",374,11.99138,0.3435593,76.70792,0.0441,0.0784,174.5786
"2026-10-06 18:20:00",375,11.99138,0.4186001,76.36758,0,0,185.3738
"2026-10-06 18:21:00",376,11.99138,0.4600633,76.06079,0,0,185.3348
"2026-10-06 18:22:00",377,11.98971,0.463879,75.74486,0,0,185.3717
"2026-10-06 18:23:00",378,11.99054,0.4250879,75.6716,0.0049,0.0588,143.6277
"2026-10-06 18:24:00",379,11.98971,0.4526873,75.47776,0.07350001,0.0784,133.5564
"2026-10-06 18:25:00",380,11.99054,0.4449278,75.1954,0.04083334,0.1372,37.44841
"2026-10-06 18:26:00",381,11.99054,0.4542125,74.794,0.07513333,0.1568,116.32
"2026-10-06 18:27:00",382,11.99138,0.4819399,74.4567,0.1633333,0.2744,87.0249
"2026-10-06 18:28:00",383,11.99474,0.5110652,74.00493,0.1731333,0.2156,79.60631
"2026-10-06 18:29:00",384,11.98551,0.5750405,73.8462,0.1845667,0.2548,104.1421
"2026-10-06 18:30:00",385,11.98887,0.5429897,74.06903,0.2515333,0.3528,14.64213
"2026-10-06 18:31:00",386,11.9981,0.4764706,74.55286,0.1992667,0.2352,336.7756
"2026-10-06 18:32:00",387,11.99138,0.3921455,74.71159,0.0784,0.1372,275.5976
"2026-10-06 18:33:00",388,11.99054,0.3999043,74.54827,0.0343,0.098,294.9406
"2026-10-06 18:34:00",389,11.99054,0.4175822,74.79247,0.0294,0.098,328.2365
"2026-10-06 18:35:00",390,11.99306,0.3480107,74.98021,0,0,328.2105
"2026-10-06 18:36:00",391,11.99306,0.3272797,75.0901,0.04083333,0.1176,46.09151
"2026-10-06 18:37:00",392,11.99222,0.3210472,74.4445,0.1437333,0.49,60.26551
"2026-10-06 18:38:00",393,11.99138,0.4118595,73.92098,0.2270333,0.4116,34.51825
"2026-10-06 18:39:00",394,11.99054,0.4431483,73.64626,0.1274,0.196,39.23208
"2026-10-06 18:40:00",395,11.98971,0.4652783,73.74242,0.07023333,0.1568,323.1087
"2026-10-06 18:41:00",396,11.99138,0.4671856,73.75462,0.0294,0.1176,93.43571
"2026-10-06 18:42:00",397,11.99306,0.4797767,73.59284,0.2254,0.3332,104.4368
"2026-10-06 18:43:00",398,11.9939,0.4426384,74.14077,0.2188667,0.294,79.11
"2026-10-06 18:44:00",399,11.99138,0.4783786,74.43839,0.09146667,0.1372,33.79221
"2026-10-06 18:45:00",400,11.99726,0.4066445,74.2995,0.06043333,0.1176,107.445
"2026-10-06 18:46:00",401,11.98971,0.3833698,73.85078,0.1061667,0.1372,122.3039
"2026-10-06 18:47:00",402,12.00397,0.3677254,73.90115,0.1029,0.1372,149.6463
"2026-10-06 18:48:00",403,11.99054,0.4001586,73.9912,0.1600667,0.2156,121.0902
"2026-10-06 18:49:00",404,11.98971,0.378281,73.75462,0.1143333,0.2156,155.2292
"2026-10-06 18:50:00",405,11.99306,0.3688701,74.61696,0.2286667,0.3332,141.8961
"2026-10-06 18:51:00",406,11.99138,0.305912,74.86421,0.2646,0.6468,56.04799
"2026-10-06 18:52:00",407,11.99138,0.3136714,73.61269,0.08493334,0.2352,131.8789
"2026-10-06 18:53:00",408,11.98719,0.3981231,72.44663,0.1094334,0.1568,161.4514
"2026-10-06 18:54:00",409,11.99138,0.4427665,72.04218,0.008166667,0.0784,269.8132
"2026-10-06 18:55:00",410,11.99726,0.5302709,71.59803,0.02123334,0.0784,204.1728
"2026-10-06 18:56:00",411,11.99222,0.5541824,71.30194,0.1078,0.1764,211.3053
"2026-10-06 18:57:00",412,11.98299,0.5755494,71.34161,0.04573333,0.0784,183.9218
"2026-10-06 18:58:00",413,11.99306,0.589159,71.25768,0.1012667,0.196,145.5631
"2026-10-06 18:59:00",414,11.99894,0.6022603,70.85933,0.02776667,0.0784,155.2443
"2026-10-06 19:00:00",415,11.99558,0.6388884,71.09284,0.06533333,0.098,180.8789
"2026-10-06 19:01:00",416,11.99474,0.5918303,71.88039,0.0343,0.1176,148.8227
"2026-10-06 19:02:00",417,11.98551,0.5779664,72.08796,0.05716666,0.1176,189.5762
"2026-10-06 19:03:00",418,11.99642,0.5094121,70.9509,0.2548,0.4508,160.6994
"2026-10-06 19:04:00",419,11.99558,0.5446427,69.64901,0.2303,0.3332,159.4142
"2026-10-06 19:05:00",420,12.00062,0.5928475,70.5846,0.3103333,0.4508,116.5649
"2026-10-06 19:06:00",421,11.98971,0.5801287,70.77996,0.1535333,0.2352,57.38303
"2026-10-06 19:07:00",422,11.98803,0.545661,70.53728,0.09146667,0.2156,99.66664
"2026-10-06 19:08:00",423,11.99726,0.5302718,69.40939,0.2090667,0.6468,341.9424
"2026-10-06 19:09:00",424,11.99138,0.6091277,68.49516,0.1519,0.2156,262.2992
"2026-10-06 19:10:00",425,11.99558,0.6471564,67.85108,0.1078,0.2352,196.5375
"2026-10-06 19:11:00",426,11.99306,0.6808615,67.20242,0.07186667,0.1568,185.6426
"2026-10-06 19:12:00",427,11.97963,0.7720547,67.01775,0.1829333,0.2548,146.235
"2026-10-06 19:13:00",428,11.98971,0.7724368,67.33521,0.05553333,0.1176,60.64045
"2026-10-06 19:14:00",429,11.99306,0.7733262,67.02691,0.1535333,0.2352,313.239
"2026-10-06 19:15:00",430,11.9939,0.7422934,66.81934,0.1143333,0.2352,150.2076
"2026-10-06 19:16:00",431,11.99726,0.7307193,67.72135,0.3103333,0.4508,323.954
"2026-10-06 19:17:00",432,11.99474,0.6641992,67.54125,0.1061667,0.1568,0.7520457
"2026-10-06 19:18:00",433,12.00146,0.6163775,67.37336,0.1535333,0.4116,326.6739
"2026-10-06 19:19:00",434,11.99558,0.6279507,67.57177,0.07676667,0.1568,56.74152
"2026-10-06 19:20:00",435,11.99474,0.6058207,67.96097,0.1437333,0.2352,15.5654
"2026-10-06 19:21:00",436,11.99138,0.585852,68.82788,0.2107,0.3136,30.5738
"2026-10-06 19:22:00",437,11.99138,0.5183153,69.41396,0.2025333,0.294,329.7298
"2026-10-06 19:23:00",438,11.99474,0.4852473,70.11757,0.2646,0.3332,35.80127
"2026-10-06 19:24:00",439,11.98971,0.4201275,70.58002,0.2009,0.2548,68.99965
"2026-10-06 19:25:00",440,11.9981,0.4002851,70.07483,0.1502667,0.3136,48.93932
"2026-10-06 19:26:00",441,11.99558,0.406772,70.62276,0.1323,0.1764,33.4151
"2026-10-06 19:27:00",442,11.99558,0.398887,70.06567,0.1225,0.1764,28.5539
"2026-10-06 19:28:00",443,11.99642,0.3626381,70.45181,0.1159667,0.196,26.1959
"2026-10-06 19:29:00",444,12.00565,0.3884576,71.09742,0.1355667,0.2548,43.99575
"2026-10-06 19:30:00",445,11.99222,0.3440689,71.15847,0.1110667,0.1764,321.2492
"2026-10-06 19:31:00",446,11.9939,0.3282973,69.90847,0.2433667,0.3528,289.9298
"2026-10-06 19:32:00",447,12.00314,0.4099518,68.61269,0.08003332,0.294,339.5497
"2026-10-06 19:33:00",448,11.99474,0.4783786,67.90908,0.2074333,0.3136,331.8147
"2026-10-06 19:34:00",449,11.9939,0.5925932,67.66946,0.08656666,0.1764,184.8082
"2026-10-06 19:35:00",450,11.99642,0.597553,68.47379,0.1894667,0.294,54.5439
"2026-10-06 19:36:00",451,11.99642,0.57466,68.9973,0.1176,0.1372,26.82441
"2026-10-06 19:37:00",452,11.99558,0.4670588,69.62154,0.1388333,0.1764,0.04334557
"2026-10-06 19:38:00",453,11.9981,0.3995228,70.07941,0.09636667,0.1372,349.9201
"2026-10-06 19:39:00",454,11.9939,0.3267708,69.8001,0.1535333,0.196,327.6579
"2026-10-06 19:40:00",455,11.9981,0.2902676,70.37856,0.1127,0.1372,319.472
"2026-10-06 19:41:00",456,12.00901,0.2363412,70.15878,0.04083334,0.098,324.2921
"2026-10-06 19:42:00",457,11.99306,0.3324941,70.08398,0.1029,0.1568,7.86072
"2026-10-06 19:43:00",458,11.99726,0.3770103,69.80469,0.1241333,0.1764,353.7432
"2026-10-06 19:44:00",459,11.99642,0.471893,69.33308,0.1992667,0.2352,48.78111
"2026-10-06 19:45:00",460,11.99894,0.4605719,69.09498,0.03266667,0.1176,79.35924
"2026-10-06 19:46:00",461,11.9981,0.4777425,69.61085,0.02286667,0.0784,341.5306
"2026-10-06 19:47:00",462,11.99558,0.4096969,69.32086,0.09146667,0.1568,61.36866
"2026-10-06 19:48:00",463,11.99642,0.446454,68.30896,0.1176,0.1764,125.9081
"2026-10-06 19:49:00",464,11.9981,0.5194607,67.14138,0.1110667,0.2548,227.2435
"2026-10-06 19:50:00",465,11.99642,0.6257884,66.35993,0.1845667,0.2352,206.9621
"2026-10-06 19:51:00",466,11.9939,0.6919267,66.21646,0.1355667,0.1764,316.8215
"2026-10-06 19:52:00",467,11.99558,0.7347889,66.61635,0.1894666,0.2548,22.09974
"2026-10-06 19:53:00",468,11.99222,0.7116404,65.76165,0.1943666,0.3724,201.6956
"2026-10-06 19:54:00",469,11.99978,0.7472547,65.16946,0.0931,0.196,205.6747
"2026-10-06 19:55:00",470,11.99726,0.7669681,65.52049,0.03103333,0.098,301.8867
"2026-10-06 19:56:00",471,11.99474,0.8025799,65.7479,0.1404667,0.294,303.937
"2026-10-06 19:57:00",472,11.99138,0.7570467,66.42861,0.1584333,0.294,185.6491
"2026-10-06 19:58:00",473,11.99138,0.7082068,66.18288,0.02123333,0.0784,246.7902
"2026-10-06 19:59:00",474,11.98383,0.706681,66.70944,0.1143333,0.3136,265.2597
"2026-10-06 20:00:00",475,11.9939,0.7185094,67.48325,0.3413667,0.6272,351.6734
"2026-10-06 20:01:00",476,11.99306,0.6725941,67.25126,0.2760333,0.4704,343.5136
"2026-10-06 20:02:00",477,11.99726,0.6522433,67.42983,0.1813,0.294,304.4918
"2026-10-06 20:03:00",478,11.99474,0.6681433,67.28179,0.1323,0.2744,345.1955
"2026-10-06 20:04:00",479,11.9981,0.6858206,67.24974,0.08493333,0.2548,212.4431
"2026-10-06 20:05:00",480,11.99726,0.6714497,67.41763,0.08983334,0.2352,108.8949
"2026-10-06 20:06:00",481,11.99558,0.631258,68.25249,0.2744,0.4508,346.4503
"2026-10-06 20:07:00",482,11.99138,0.5830542,68.32727,0.1421,0.2156,313.4037
"2026-10-06 20:08:00",483,11.99222,0.5286179,68.56536,0.1078,0.2352,35.49786
"2026-10-06 20:09:00",484,11.99726,0.5150092,69.13161,0.1306667,0.3332,1.805343
"2026-10-06 20:10:00",485,11.99558,0.4654045,69.38802,0.07839999,0.196,350.5335
"2026-10-06 20:11:00",486,11.99726,0.4538304,69.76195,0.06043333,0.1568,10.10169
"2026-10-06 20:12:00",487,11.99138,0.3799349,70.16946,0.1192333,0.196,52.99863
"2026-10-06 20:13:00",488,11.99558,0.3350379,70.14504,0.1159667,0.1568,51.2193
"2026-10-06 20:14:00",489,11.99138,0.3110014,69.93288,0.1388333,0.2156,286.6616
"2026-10-06 20:15:00",490,11.99726,0.31329,70.03973,0.008166667,0.0784,330.4666
"2026-10-06 20:16:00",491,11.9939,0.2755149,70.52813,0.06206667,0.1176,341.2597
"2026-10-06 20:17:00",492,11.99306,0.1877543,70.74333,0.1274,0.1568,339.1357
"2026-10-06 20:18:00",493,11.99726,0.1490889,70.89443,0.08493333,0.1568,331.3921
"2026-10-06 20:19:00",494,11.9939,0.1466719,69.81842,0.1372,0.1764,337.9633
"2026-10-06 20:20:00",495,11.9981,0.2102674,69.36971,0.03266666,0.098,321.1864
"2026-10-06 20:21:00",496,11.99726,0.2447351,68.58063,0.08983333,0.1176,213.646
"2026-10-06 20:22:00",497,11.99558,0.2729692,67.61452,0.0637,0.098,175.853
"2026-10-06 20:23:00",498,11.99306,0.3813337,66.98265,0.01796667,0.0588,72.89642
"2026-10-06 20:24:00",499,11.99726,0.4444199,68.02813,0.0588,0.0784,45.75558
"2026-10-06 20:25:00",500,11.99558,0.430302,69.24302,0.1012667,0.1372,55.12473
"2026-10-06 20:26:00",501,11.9981,0.3140526,70.09772,0.04573334,0.1176,"NAN"
"2026-10-06 20:27:00",502,11.99222,0.192715,70.54034,0.03756667,0.098,292.3897
"2026-10-06 20:28:00",503,11.99642,0.1520147,69.85047,0.2156,0.3332,318.928
"2026-10-06 20:29:00",504,11.99558,0.2172629,69.51318,0.07023333,0.1568,341.2077
"2026-10-06 20:30:00",505,11.9981,0.2639399,69.35902,0.08329999,0.1764,17.13884
"2026-10-06 20:31:00",506,11.99138,0.269791,69.37887,0.0196,0.0588,350.5876
"2026-10-06 20:32:00",507,11.99306,0.2708082,69.46128,0.049,0.1372,65.00101
"2026-10-06 20:33:00",508,11.99558,0.2687728,69.63222,0.03266667,0.0784,158.4649
"2026-10-06 20:34:00",509,11.99642,0.2289626,69.65359,0.02613334,0.098,137.4315
"2026-10-06 20:35:00",510,11.9981,0.2158632,69.96188,0.0245,0.0784,310.8029
"2026-10-06 20:36:00",511,11.9939,0.1616815,70.25188,0.0539,0.098,294.0217
"2026-10-06 20:37:00",512,11.9939,0.1040656,70.32819,0,0,346.7256
"2026-10-06 20:38:00",513,11.99642,0.03729184,70.40755,0.05226667,0.1176,320.8006
"2026-10-06 20:39:00",514,11.99474,-0.02782822,70.54034,0.1110667,0.1372,330.7484
"2026-10-06 20:40:00",515,11.98383,-0.07221794,70.47471,0.1208667,0.1568,344.1032
"2026-10-06 20:41:00",516,11.99474,-0.04105504,69.99852,0.1715,0.2156,331.1818
"2026-10-06 20:42:00",517,11.9939,-0.1125358,70.29156,0.2009,0.2352,334.4805
"2026-10-06 20:43:00",518,11.99726,-0.1269077,70.15878,0.1600666,0.1764,334.6712
"2026-10-06 20:44:00",519,12.00733,-0.1749849,70.12825,0.1633333,0.1764,325.2348
"2026-10-06 20:45:00",520,11.99138,-0.1919012,70.36635,0.1813,0.2156,302.0926
"2026-10-06 20:46:00",521,11.99222,-0.1692613,70.23814,0.2009,0.2352,303.9781
"2026-10-06 20:47:00",522,11.9939,-0.05606397,69.01714,0.1813,0.294,321.9882
"2026-10-06 20:48:00",523,11.99558,0.05776882,68.30743,0.1143333,0.1764,350.0133
"2026-10-06 20:49:00",524,12.00565,0.1381505,67.60078,0.09636667,0.1176,325.2153
"2026-10-06 20:50:00",525,11.99726,0.2407923,67.56262,0.0686,0.098,308.0115
"2026-10-06 20:51:00",526,11.9981,0.2158632,67.92892,0.0539,0.0784,282.4202
"2026-10-06 20:52:00",527,11.99726,0.1732553,68.63405,0.06206667,0.1176,284.0934
"2026-10-06 20:53:00",528,11.99474,0.0759573,68.60048,0.1127,0.196,266.7183
"2026-10-06 20:54:00",529,11.99054,0.06565443,68.85078,0.2041667,0.3528,290.8922
"2026-10-06 20:55:00",530,11.99642,0.05217266,68.11208,0.3038,0.392,327.634
"2026-10-06 20:56:00",531,11.99558,0.1157668,67.86482,0.2123333,0.3332,284.1736
"2026-10-06 20:57:00",532,11.99474,0.1476908,67.65572,0.1698667,0.3332,316.9602
"2026-10-06 20:58:00",533,11.99222,0.1671505,67.81445,0.006533334,0.0392,322.3979
"2026-10-06 20:59:00",534,11.99138,0.1568483,67.80224,0.1600666,0.2548,276.7506
"2026-10-06 21:00:00",535,11.99138,0.141331,67.51836,0.3021666,0.4116,312.5671
"2026-10-06 21:01:00",536,11.99306,0.2138271,67.44357,0.2629667,0.3724,292.251
"2026-10-06 21:02:00",537,11.99726,0.1574844,67.73966,0.2401,0.2744,312.4695
"2026-10-06 21:03:00",538,11.99558,0.1119509,68.0205,0.1911,0.3136,289.1388
"2026-10-06 21:04:00",539,11.9939,0.07443079,67.9396,0.2025333,0.3332,315.7617
"2026-10-06 21:05:00",540,11.9939,0.03945382,67.85108,0.2074333,0.294,335.0071
"2026-10-06 21:06:00",541,11.99138,0.06361961,67.60993,0.1143333,0.1764,284.3795
"2026-10-06 21:07:00",542,11.99474,0.08155283,67.4512,0.08983335,0.1372,280.4979
"2026-10-06 21:08:00",543,11.99558,0.09935856,67.45273,0.0049,0.0392,274.1391
"2026-10-06 21:09:00",544,11.99054,0.1127141,67.59772,0.0882,0.1176,274.1152
"2026-10-06 21:10:00",545,11.9939,0.02050304,68.52264,0.1290333,0.1764,289.5918
"2026-10-06 21:11:00",546,11.99558,-0.07781347,68.85078,0.1764,0.196,279.2863
"2026-10-06 21:12:00",547,11.99474,-0.1284339,68.28301,0.2009,0.2744,256.6079
"2026-10-06 21:13:00",548,11.99726,-0.06560294,68.05712,0.1290333,0.196,233.2772
"2026-10-06 21:14:00",549,11.9981,-0.03647677,68.3349,0.1339333,0.2352,294.3468
"2026-10-06 21:15:00",550,11.99138,-0.08086586,68.39291,0.009800001,0.0588,332.9742
"2026-10-06 21:16:00",551,11.99978,-0.1367009,68.48905,0.03756667,0.098,306.4749
"2026-10-06 21:17:00",552,11.99222,-0.1333946,69.13314,0.1306667,0.1764,303.1416
"2026-10-06 21:18:00",553,11.99222,-0.231837,69.34986,0.1061667,0.1764,303.1828
"2026-10-06 21:19:00",554,11.99558,-0.2632523,69.07819,0.1747667,0.196,274.9301
"2026-10-06 21:20:00",555,11.99474,-0.1879578,68.60352,0.1208667,0.1568,317.3221
"2026-10-06 21:21:00",556,11.99558,-0.1214396,68.37154,0,0,317.3416
"2026-10-06 21:22:00",557,12.00733,-0.1354287,68.28606,0.02286667,0.1176,28.90066
"2026-10-06 21:23:00",558,11.99474,-0.1284348,67.13069,0.1633333,0.3136,263.8553
"2026-10-06 21:24:00",559,11.99558,-0.0801026,67.01469,0.1780333,0.2352,304.119
"2026-10-06 21:25:00",560,11.99642,-0.05949815,67.33826,0.2662334,0.3136,303.6184
"2026-10-06 21:26:00",561,11.99222,-0.09892622,67.03301,0.1829333,0.294,255.7735
"2026-10-06 21:27:00",562,11.9939,-0.1075754,66.98265,0.1143333,0.294,289.4097
"2026-10-06 21:28:00",563,11.99642,-0.1017243,66.97807,0.1943667,0.2744,286.1761
"2026-10-06 21:29:00",564,11.9939,-0.1146981,67.35505,0.1780333,0.196,337.9979
"2026-10-06 21:30:00",565,11.99642,-0.1663357,67.83735,0.1551667,0.2352,333.4575
"2026-10-06 21:31:00",566,11.99306,-0.2197549,67.59925,0.1780333,0.2744,315.4084
"2026-10-06 21:32:00",567,11.99726,-0.2331088,67.28332,0.2874667,0.3724,338.5766
"2026-10-06 21:33:00",568,11.99642,-0.1991504,67.25738,0.2580667,0.4508,339.9875
"2026-10-06 21:34:00",569,11.99726,-0.1812175,67.28637,0.08003333,0.1764,51.93233
"2026-10-06 21:35:00",570,11.99726,-0.1964795,67.42983,0.2417333,0.5292,326.7801
"2026-10-06 21:36:00",571,11.9939,-0.2339999,67.31231,0.2515333,0.4312,317.1465
"2026-10-06 21:37:00",572,11.99306,-0.2535864,67.55804,0.2368333,0.3724,318.9475
"2026-10-06 21:38:00",573,11.99726,-0.2886906,67.74577,0.4393667,0.6076,342.8526
"2026-10-06 21:39:00",574,11.99306,-0.2702484,67.61909,0.3070666,0.5292,297.394
"2026-10-06 21:40:00",575,11.99474,-0.2430299,67.16274,0.3136,0.392,257.3318
"2026-10-06 21:41:00",576,11.98719,-0.1679897,66.51408,0.2090667,0.3528,159.2365
"2026-10-06 21:42:00",577,11.99726,-0.1434428,66.30499,0.0294,0.1372,197.1183
"2026-10-06 21:43:00",578,11.99642,-0.1225824,66.48966,0.1453667,0.2352,292.8708
"2026-10-06 21:44:00",579,11.9939,-0.1615025,66.50493,0.2352,0.3332,276.3064
"2026-10-06 21:45:00",580,11.9939,-0.1795642,66.50645,0.1045333,0.1372,254.8741
"2026-10-06 21:46:00",581,11.99306,-0.1911376,66.98417,0.2009,0.2744,312.0231
"2026-10-06 21:47:00",582,11.99474,-0.2479893,67.07727,0.1862,0.294,9.895794
"2026-10-06 21:48:00",583,11.99726,-0.2632529,67.08643,0.1257667,0.196,49.57867
"2026-10-06 21:49:00",584,11.99894,-0.2256057,67.1139,0.0196,0.0784,10.028
"2026-10-06 21:50:00",585,11.9981,-0.227513,67.23295,0.147,0.196,325.0463
"2026-10-06 21:51:00",586,11.99558,-0.3204874,67.17342,0.2270333,0.294,284.0782
"2026-10-06 21:52:00",587,11.99306,-0.2664324,67.06506,0.1551667,0.2156,275.2964
"2026-10-06 21:53:00",588,11.99726,-0.237943,67.10169,0.2793,0.392,332.7249
"2026-10-06 21:54:00",589,11.99138,-0.2264957,67.02691,0.2139667,0.2548,305.6795
"2026-10-06 21:55:00",590,12.00146,-0.2777519,67.41,0.2090667,0.2352,298.5101
"2026-10-06 21:56:00",591,11.98971,-0.3277372,67.64962,0.3332,0.4116,307.1706
"2026-10-06 21:57:00",592,11.99642,-0.2698654,67.1719,0.2597,0.3724,298.0962
"2026-10-06 21:58:00",593,11.99726,-0.2674507,67.24363,0.2058,0.3528,254.9175
"2026-10-06 21:59:00",594,11.99642,-0.3015359,67.75493,0.2303,0.294,300.5473
"2026-10-06 22:00:00",595,11.99222,-0.3478324,67.72746,0.1813,0.2548,267.44
"2026-10-06 22:01:00",596,11.99474,-0.3947652,67.97776,0.1617,0.2156,257.8801
"2026-10-06 22:02:00",597,11.9939,-0.4068473,68.07849,0.1127,0.196,321.0498
"2026-10-06 22:03:00",598,11.99306,-0.4124447,68.01745,0.1502667,0.196,280.3917
"2026-10-06 22:04:00",599,11.9939,-0.4134623,68.46005,0.2368333,0.3528,288.1072
"2026-10-06 22:05:00",600,11.99138,-0.4586134,68.69662,0.2090667,0.3528,325.6249
"2026-10-06 22:06:00",601,11.9939,-0.5382328,69.36512,0.2858333,0.392,324.3874
"2026-10-06 22:07:00",602,11.99474,-0.5632884,69.53454,0.2221333,0.2744,299.4399
"2026-10-06 22:08:00",603,11.98971,-0.5899989,69.57728,0.06370001,0.1372,281.9305
"2026-10-06 22:09:00",604,11.99138,-0.5307283,69.09802,0.1045333,0.2548,291.5965
"2026-10-06 22:10:00",605,11.9939,-0.4935907,69.18197,0.2548,0.294,352.1134
"2026-10-06 22:11:00",606,11.99306,-0.5690117,69.66274,0.1862,0.2744,"NAN"
"2026-10-06 22:12:00",607,11.99222,-0.63375,69.91915,0.147,0.196,333.9798
"2026-10-06 22:13:00",608,11.9939,-0.6754678,70.5556,0.1666,0.2548,336.2099
"2026-10-06 22:14:00",609,11.99894,-0.7423687,70.89748,0.1453667,0.196,3.610686
"2026-10-06 22:15:00",610,11.99474,-0.7398243,71.21342,0.147,0.196,353.9859
"2026-10-06 22:16:00",611,11.99978,-0.7066295,71.044,0.0294,0.0784,38.32616
"2026-10-06 22:17:00",612,11.99306,-0.6727975,70.72349,0.0686,0.1176,"NAN"
"2026-10-06 22:18:00",613,11.9939,-0.7137521,70.61818,0.08656666,0.1568,337.8029
"2026-10-06 22:19:00",614,11.9981,-0.7854853,71.15542,0.03593333,0.0784,268.5735
"2026-10-06 22:20:00",615,11.99894,-0.8020198,71.18288,0.02123334,0.0784,304.9274
"2026-10-06 22:21:00",616,11.98635,-0.8054536,71.42404,0.08983334,0.1372,315.1548
"2026-10-06 22:22:00",617,11.99306,-0.8914334,71.69571,0.08003334,0.1372,348.9752
"2026-10-06 22:23:00",618,11.9981,-0.8506057,71.7476,0.0392,0.098,346.1837
"2026-10-06 22:24:00",619,11.99642,-0.8316555,71.87886,0.049,0.098,41.74829
"2026-10-06 22:25:00",620,11.99726,-0.8438651,72.42221,0.0539,0.0784,64.89699
"2026-10-06 22:26:00",621,11.99474,-0.8474264,72.76562,0.0392,0.098,77.84431
"2026-10-06 22:27:00",622,11.99474,-0.8591283,72.76562,0.0049,0.0392,121.5215
"2026-10-06 22:28:00",623,11.99138,-0.8615443,72.56415,0.003266667,0.0392,28.41519
"2026-10-06 22:29:00",624,11.99306,-0.8314006,72.46953,0.003266667,0.0196,68.19125
"2026-10-06 22:30:00",625,11.99222,-0.8339437,72.34589,0,0,49.36844
"2026-10-06 22:31:00",626,11.99054,-0.7955338,72.70914,0.0833,0.1568,348.4962
"2026-10-06 22:32:00",627,11.9939,-0.8016376,72.57025,0.0931,0.1372,352.9695
"2026-10-06 22:33:00",628,11.99306,-0.7810332,71.90481,0.05553333,0.1372,340.2584
"2026-10-06 22:34:00",629,11.99558,-0.6904758,71.5965,0.1225,0.196,341.4114
"2026-10-06 22:35:00",630,11.9939,-0.6884413,71.30042,0.0539,0.1372,307.1901
"2026-10-06 22:36:00",631,11.98887,-0.5969934,70.78759,0.02613333,0.098,250.9687
"2026-10-06 22:37:00",632,11.99138,-0.5813491,70.47623,0.06696667,0.2156,150.0082
"2026-10-06 22:38:00",633,11.98971,-0.5335271,70.2702,0.0392,0.1372,354.2525
"2026-10-06 22:39:00",634,11.99054,-0.5494261,70.50066,0.0441,0.098,293.1526
"2026-10-06 22:40:00",635,11.99306,-0.5883449,70.63497,0.0147,0.0392,289.5311
"2026-10-06 22:41:00",636,11.9981,-0.6333688,70.97074,0,0,291.3061
"2026-10-06 22:42:00",637,11.99306,-0.6977256,71.05774,0,0,291.3147
"2026-10-06 22:43:00",638,11.98299,-0.7015419,71.07911,0,0,289.3209
"2026-10-06 22:44:00",639,11.9939,-0.7265971,71.07911,0,0,"NAN"
"2026-10-06 22:45:00",640,11.98635,-0.7246907,71.24394,0.03593333,0.0784,338.7586
"2026-10-06 22:46:00",641,11.99054,-0.7109547,71.50188,0.0588,0.0784,331.4203
"2026-10-06 22:47:00",642,11.99222,-0.7188396,71.56445,0.0539,0.0784,316.3858
"2026-10-06 22:48:00",643,11.99978,-0.7323217,71.5034,0.03103334,0.0588,340.7591
"2026-10-06 22:49:00",644,11.98803,-0.6795381,71.44846,0.0049,0.0588,43.41492
"2026-10-06 22:50:00",645,11.9939,-0.6520653,71.80712,0.0294,0.0784,66.99492
"2026-10-06 22:51:00",646,11.98803,-0.6449432,71.54308,0.08166667,0.1176,76.43341
"2026-10-06 22:52:00",647,11.99306,-0.6048791,71.38589,0.0245,0.0784,80.09612
"2026-10-06 22:53:00",648,11.98971,-0.5911433,72.09254,0.02776667,0.0784,79.20102
"2026-10-06 22:54:00",649,11.99474,-0.6287906,72.32758,0.08166667,0.1372,71.23845
"2026-10-06 22:55:00",650,11.99558,-0.6247206,71.86054,0.04736666,0.1372,71.03689
"2026-10-06 22:56:00",651,11.99138,-0.6039883,72.03454,0.0098,0.0588,8.844665
"2026-10-06 22:57:00",652,11.99306,-0.6132733,72.2177,0.0539,0.098,350.1759
"2026-10-06 22:58:00",653,11.99306,-0.6069145,72.82971,0.03266667,0.0784,341.199
"2026-10-06 22:59:00",654,11.99222,-0.6416359,72.79767,0.001633333,0.0196,331.1168
"2026-10-06 23:00:00",655,11.99726,-0.6673282,72.71067,0,0,"NAN"
"2026-10-06 23:01:00",656,11.99306,-0.6352771,72.62672,0.008166667,0.0588,38.17011
"2026-10-06 23:02:00",657,11.99474,-0.6150535,72.27721,0.02286667,0.0588,50.33938
"2026-10-06 23:03:00",658,11.99138,-0.619633,72.36726,0.0735,0.098,43.15485
"2026-10-06 23:04:00",659,11.99558,-0.5753717,72.98997,0.0245,0.0784,33.01199
"2026-10-06 23:05:00",660,11.99306,-0.6121286,73.71799,0.1029,0.1176,3.619355
"2026-10-06 23:06:00",661,11.98887,-0.703449,74.13161,0.1159667,0.1764,43.74435
"2026-10-06 23:07:00",662,11.98887,-0.7644997,73.71799,0.1094333,0.2156,69.3009
"2026-10-06 23:08:00",663,11.9746,-0.7089179,73.24792,0.08493333,0.1372,62.04268
"2026-10-06 23:09:00",664,11.99138,-0.6108583,73.46616,0.0735,0.1764,87.87014
"2026-10-06 23:10:00",665,11.9939,-0.6276461,73.39596,0.049,0.1176,352.0917
"2026-10-06 23:11:00",666,11.99222,-0.6005538,73.33186,0.09146667,0.1176,352.7766
"2026-10-06 23:12:00",667,11.99894,-0.6249743,73.93167,0.1045333,0.1176,338.2147
"2026-10-06 23:13:00",668,11.99306,-0.6393464,74.31629,0.08656666,0.1176,35.79911
"2026-10-06 23:14:00",669,11.99474,-0.6543548,74.31629,0.0931,0.1176,7.966916
"2026-10-06 23:15:00",670,11.97963,-0.6649129,73.95762,0.09146667,0.1176,2.390508
"2026-10-06 23:16:00",671,11.99474,-0.6654205,73.33337,0.0735,0.1568,346.7971
"2026-10-06 23:17:00",672,11.99558,-0.6521924,73.38223,0.1649667,0.2352,353.0193
"2026-10-06 23:18:00",673,11.98803,-0.6200148,73.35323,0.1862,0.2548,43.41492
"2026-10-06 23:19:00",674,11.99558,-0.6426532,73.12429,0.147,0.2156,0
"2026-10-06 23:20:00",675,11.99222,-0.62701,73.03881,0.147,0.1764,49.38578
"2026-10-06 23:21:00",676,11.99642,-0.6142909,73.22502,0.1127,0.1372,"NAN"
"2026-10-06 23:22:00",677,11.99306,-0.6111107,73.33337,0.1731333,0.2156,350.5031
"2026-10-06 23:23:00",678,11.99222,-0.6272647,73.37459,0.1241333,0.1764,0.07802203
"2026-10-06 23:24:00",679,11.99054,-0.65461,73.43716,0.1502667,0.196,13.6777
"2026-10-06 23:25:00",680,11.98383,-0.714133,72.92434,0.1519,0.196,3.294263
"2026-10-06 23:26:00",681,11.99054,-0.6560084,73.0205,0.1421,0.2548,23.1552
"2026-10-06 23:27:00",682,11.9939,-0.6827186,73.03271,0.1584333,0.196,46.2649
"2026-10-06 23:28:00",683,11.99306,-0.693147,72.39169,0.1584333,0.2548,351.227
"2026-10-06 23:29:00",684,11.99138,-0.6523199,72.1307,0.1323,0.1764,351.2292
"2026-10-06 23:30:00",685,11.99138,-0.6497765,71.63467,0.1225,0.1764,294.1604
"2026-10-06 23:31:00",686,11.98887,-0.6009366,71.45457,0.03593333,0.098,319.4829
"2026-10-06 23:32:00",687,11.99222,-0.6159449,71.41488,0,0,319.7993
"2026-10-06 23:33:00",688,11.99138,-0.5884717,71.44082,0.001633333,0.0196,60.46707
"2026-10-06 23:34:00",689,11.98971,-0.6479959,71.69418,0.003266667,0.0392,34.61144
"2026-10-06 23:35:00",690,11.99222,-0.6613509,71.84223,0.0245,0.0784,37.0843
"2026-10-06 23:36:00",691,11.98803,-0.6880598,72.4451,0.0098,0.0392,19.46866
"2026-10-06 23:37:00",692,11.98971,-0.75,72.39931,0.01306667,0.0588,29.26476
"2026-10-06 23:38:00",693,11.99558,-0.7727668,72.3642,0,0,16.80074
"2026-10-06 23:39:00",694,11.98971,-0.7438955,72.05743,0,0,26.56433
"2026-10-06 23:40:00",695,11.9939,-0.7737843,72.16122,0.02286667,0.0784,354.6903
"2026-10-06 23:41:00",696,11.99306,-0.7900645,72.49547,0.1012667,0.1176,349.5907
"2026-10-06 23:42:00",697,11.99306,-0.8586184,72.78088,0.1061667,0.1372,327.9959
"2026-10-06 23:43:00",698,11.99222,-0.8927043,73.06628,0.0931,0.1176,316.2038
"2026-10-06 23:44:00",699,11.98803,-0.9412915,73.22196,0.05063334,0.098,319.7603
"2026-10-06 23:45:00",700,11.99054,-0.985679,73.7241,0.1143333,0.1372,328.3514
"2026-10-06 23:46:00",701,11.99054,-1.019639,74.05377,0.1257666,0.1372,327.7359
"2026-10-06 23:47:00",702,11.99054,-1.105872,74.33002,0.1159667,0.1372,324.0558
"2026-10-06 23:48:00",703,11.9939,-1.110704,74.2354,0.0931,0.098,318.8977
"2026-10-06 23:49:00",704,11.9939,-1.086029,74.09803,0.08166667,0.098,317.4023
"2026-10-06 23:50:00",705,11.99222,-1.077381,73.98815,0.09636667,0.1176,323.54
"2026-10-06 23:51:00",706,11.99306,-1.061992,73.82178,0.1110667,0.1372,317.437
"2026-10-06 23:52:00",707,11.99306,-1.083741,74.03393,0.1110667,0.1176,313.317
"2026-10-06 23:53:00",708,11.99306,-1.232424,74.62306,0.1127,0.1372,314.3681
"2026-10-06 23:54:00",709,11.99474,-1.27961,74.84589,0.09473334,0.1176,309.5958
"2026-10-06 23:55:00",710,11.99306,-1.27236,74.93747,0.0539,0.0784,294.609
"2026-10-06 23:56:00",711,11.99054,-1.262695,74.88558,0.0098,0.0588,263.7491
"2026-10-06 23:57:00",712,11.99138,-1.202917,74.66885,0.06533333,0.098,307.2789
"2026-10-06 23:58:00",713,11.98635,-1.145555,74.56812,0.09146667,0.1176,287.8709
"2026-10-06 23:59:00",714,11.99222,-1.063008,74.35139,0.04246667,0.098,276.328
"2026-10-07 00:00:00",715,11.9939,-1.078526,74.19724,0,0,290.6602
"2026-10-07 00:01:00",716,11.99474,-1.046983,74.21861,0.0147,0.0784,27.34022
"2026-10-07 00:02:00",717,11.99138,-1.092898,74.22319,0.008166667,0.0784,28.85081
"2026-10-07 00:03:00",718,11.98719,-1.111849,74.10413,0,0,28.85081
"2026-10-07 00:04:00",719,11.99054,-1.078145,73.98662,0.0147,0.0588,318.2085
"2026-10-07 00:05:00",720,11.99222,-1.105998,73.88894,0.08656668,0.1176,299.0953
"2026-10-07 00:06:00",721,11.99138,-1.063899,73.18075,0.1143333,0.1764,339.8683
"2026-10-07 00:07:00",722,11.98971,-0.9634209,72.04369,0.1698667,0.2744,10.43545
"2026-10-07 00:08:00",723,11.99306,-0.8958858,71.57361,0.1208667,0.196,53.32372
"2026-10-07 00:09:00",724,11.99474,-0.8090159,71.01806,0.07186667,0.1372,4.804857
"2026-10-07 00:10:00",725,11.9939,-0.7915907,71.31262,0.1192333,0.1372,354.3739
"2026-10-07 00:11:00",726,11.99222,-0.852514,70.55712,0.1715,0.2156,337.7314
"2026-10-07 00:12:00",727,11.99306,-0.7994773,70.33887,0.2058,0.2548,336.4743
"2026-10-07 00:13:00",728,11.99054,-0.7413511,70.08704,0.2335666,0.294,344.2159
"2026-10-07 00:14:00",729,11.99306,-0.7678064,70.03515,0.2286667,0.294,0.04768012
"2026-10-07 00:15:00",730,11.98719,-0.7764556,70.06415,0.2401,0.294,"NAN"
"2026-10-07 00:16:00",731,11.99054,-0.7563591,70.05956,0.2646,0.3332,345.7849
"2026-10-07 00:17:00",732,11.99138,-0.7422416,69.64138,0.2254,0.294,2.583396
"2026-10-07 00:18:00",733,11.99054,-0.7483463,69.37733,0.3103333,0.4508,337.5775
"2026-10-07 00:19:00",734,11.99474,-0.6780122,68.52416,0.1829333,0.294,327.5603
"2026-10-07 00:20:00",735,11.99138,-0.6436707,68.13649,0.1731333,0.2352,308.848
"2026-10-07 00:21:00",736,11.99138,-0.6220493,68.55163,0.2891,0.4508,323.1326
"2026-10-07 00:22:00",737,11.99558,-0.6120005,69.08276,0.1862,0.2548,335.213
"2026-10-07 00:23:00",738,11.9939,-0.6697457,68.69968,0.2564334,0.3136,326.2274
"2026-10-07 00:24:00",739,11.99222,-0.6699988,68.71036,0.1633333,0.2548,304.5352
"2026-10-07 00:25:00",740,11.99222,-0.6557525,68.83856,0.1682333,0.2156,346.0277
"2026-10-07 00:26:00",741,11.99726,-0.6963263,69.08582,0.1845667,0.2548,344.6667
"2026-10-07 00:27:00",742,11.99054,-0.7052301,68.60963,0.1421,0.2548,333.6309
"2026-10-07 00:28:00",743,11.97543,-0.6876777,68.40511,0.05553333,0.0784,16.46915
"2026-10-07 00:29:00",744,11.98887,-0.6532103,68.60505,0.0147,0.0588,316.8995
"2026-10-07 00:30:00",745,11.99138,-0.6748323,68.93319,0,0,300.3675
"2026-10-07 00:31:00",746,11.99222,-0.6948001,68.94083,0.02123333,0.0784,279.5247
"2026-10-07 00:32:00",747,11.99138,-0.7235444,69.27966,0.1584333,0.2156,318.7872
"2026-10-07 00:33:00",748,11.99054,-0.7693322,69.91152,0.1241333,0.1568,292.4526
"2026-10-07 00:34:00",749,11.99306,-0.7821792,70.07331,0.1323,0.1764,268.218
"2026-10-07 00:35:00",750,11.98887,-0.8715922,70.02447,0.1878334,0.4508,320.2956
"2026-10-07 00:36:00",751,11.99222,-0.8565836,69.61238,0.2352,0.3136,297.7299
"2026-10-07 00:37:00",752,11.99726,-0.8428485,69.74821,0.1633333,0.2156,297.1794
"2026-10-07 00:38:00",753,11.9939,-0.8226239,69.48112,0.1094333,0.2156,264.7526
"2026-10-07 00:39:00",754,11.9939,-0.8250421,69.55743,0.1600667,0.2548,326.1321
"2026-10-07 00:40:00",755,11.99642,-0.8723555,70.23967,0.1878333,0.2352,42.65421
"2026-10-07 00:41:00",756,11.99306,-0.9027529,69.89016,0.1094333,0.1764,343.7716
"2026-10-07 00:42:00",757,11.99306,-0.9129283,70.22898,0.0539,0.1176,325.1958
"2026-10-07 00:43:00",758,11.9939,-0.9692714,70.62581,0.1355667,0.2156,322.7836
"2026-10-07 00:44:00",759,11.99054,-1.010353,71.05315,0.07513333,0.098,334.9832
"2026-10-07 00:45:00",760,11.99138,-1.094169,71.37063,0.1110667,0.1372,321.6761
"2026-10-07 00:46:00",761,11.99222,-1.137668,71.3233,0.05553333,0.1176,257.1238
"2026-10-07 00:47:00",762,11.98635,-1.170611,71.09895,0.1094333,0.1568,309.5741
"2026-10-07 00:48:00",763,11.98887,-1.176715,70.90206,0.147,0.2156,324.563
"2026-10-07 00:49:00",764,11.99474,-1.130801,70.56628,0.1715,0.2352,285.1445
"2026-10-07 00:50:00",765,11.98635,-1.090608,70.43808,0.1666,0.3136,9.778762
"2026-10-07 00:51:00",766,11.99138,-1.112612,70.48234,0.1551667,0.2352,338.7153
"2026-10-07 00:52:00",767,11.99054,-1.101038,70.1954,0.1764,0.2352,328.321
"2026-10-07 00:53:00",768,11.98551,-1.122533,70.05804,0.2156,0.294,338.7457
"2026-10-07 00:54:00",769,11.99306,-1.105871,69.97562,0.2205,0.2744,336.7149
"2026-10-07 00:55:00",770,11.99306,-1.120626,70.26257,0.2221333,0.294,346.5045
"2026-10-07 00:56:00",771,11.9981,-1.155984,69.88405,0.2629667,0.3136,341.0971
"2026-10-07 00:57:00",772,11.99138,-1.092262,69.76958,0.2482667,0.3332,348.7238
"2026-10-07 00:58:00",773,11.99054,-1.0639,69.42465,0.1731333,0.2156,353.7107
"2026-10-07 00:59:00",774,11.98887,-1.018493,69.11481,0.1339333,0.1568,311.8605
"2026-10-07 01:00:00",775,11.99054,-1.031212,69.7009,0.1127,0.1372,7.043655
"2026-10-07 01:01:00",776,11.99306,-1.132454,69.97715,0.1012667,0.1568,349.2223
"2026-10-07 01:02:00",777,11.98803,-1.109814,70.62581,0.1078,0.2548,3.417798
"2026-10-07 01:03:00",778,11.98887,-1.11541,70.47929,0.147,0.2352,5.931842
"2026-10-07 01:04:00",779,11.99306,-1.141102,70.79217,0.1225,0.1764,0
"2026-10-07 01:05:00",780,11.99306,-1.129782,70.61818,0.1519,0.2156,337.6902
"2026-10-07 01:06:00",781,11.99138,-1.139576,70.10994,0.2107,0.294,354.272
"2026-10-07 01:07:00",782,11.98971,-1.132326,70.60444,0.1355667,0.196,"NAN"
"2026-10-07 01:08:00",783,11.99894,-1.137159,70.1954,0.2335667,0.3136,50.72298
"2026-10-07 01:09:00",784,11.99138,-1.108796,70.02142,0.2041667,0.2744,10.99027
"2026-10-07 01:10:00",785,11.99222,-1.117319,70.30376,0.08493334,0.1764,18.85099
"2026-10-07 01:11:00",786,11.98719,-1.121897,70.42129,0.1649667,0.196,343.8951
"2026-10-07 01:12:00",787,11.99558,-1.238401,69.9161,0.2989,0.392,341.8383
"2026-10-07 01:13:00",788,11.99054,-1.160435,69.31476,0.2646,0.3136,352.1827
"2026-10-07 01:14:00",789,11.99306,-1.111468,68.87978,0.0882,0.196,39.59401
"2026-10-07 01:15:00",790,11.98803,-1.059067,69.14687,0.01633333,0.0784,38.13977
"2026-10-07 01:16:00",791,11.99306,-1.036173,69.20029,0.01633333,0.0784,14.5186
"2026-10-07 01:17:00",792,11.98971,-1.074837,69.49791,0.1437333,0.196,4.445089
"2026-10-07 01:18:00",793,11.99138,-1.085394,69.48875,0.1127,0.1568,354.285
"2026-10-07 01:19:00",794,11.98299,-1.103963,70.24883,0.1143333,0.1372,344.2397
"2026-10-07 01:20:00",795,11.99222,-1.161961,70.42129,0.1110667,0.1372,0.01300368
"2026-10-07 01:21:00",796,11.98971,-1.218687,71.3172,0.07023334,0.1176,0.5396524
"2026-10-07 01:22:00",797,11.99306,-1.270707,71.49577,0.06696667,0.1176,29.37096
"2026-10-07 01:23:00",798,11.99138,-1.28953,71.76897,0.1372,0.2548,31.1698
"2026-10-07 01:24:00",799,11.99054,-1.348673,71.70792,0.2172333,0.3136,0.06068381
"2026-10-07 01:25:00",800,11.99642,-1.396242,71.73387,0.2254,0.294,15.49171
"2026-10-07 01:26:00",801,11.99138,-1.412267,71.90481,0.1633333,0.2352,17.84754
"2026-10-07 01:27:00",802,11.99306,-1.383902,71.93533,0.147,0.196,19.10673
"2026-10-07 01:28:00",803,11.99222,-1.426765,71.93839,0.1796667,0.2156,18.50856
"2026-10-07 01:29:00",804,11.99054,-1.426766,72.44968,0.1502667,0.196,354.6145
"2026-10-07 01:30:00",805,11.98971,-1.476624,72.44357,0.1682333,0.2156,2.314654
"2026-10-07 01:31:00",806,11.99222,-1.514398,72.63741,0.1290333,0.1764,23.3741
"2026-10-07 01:32:00",807,11.99054,-1.535892,72.53973,0.07676667,0.1176,14.07431
"2026-10-07 01:33:00",808,11.99054,-1.576084,72.46647,0.1453667,0.1764,20.1817
"2026-10-07 01:34:00",809,11.99138,-1.591601,72.71983,0.1208667,0.196,17.39675
"2026-10-07 01:35:00",810,11.99306,-1.624797,72.79004,0.1045333,0.196,3.699544
"2026-10-07 01:36:00",811,11.99054,-1.658502,72.5733,0.1486333,0.196,37.78
"2026-10-07 01:37:00",812,11.98971,-1.663208,72.22837,0.1127,0.1372,35.89013
"2026-10-07 01:38:00",813,11.99222,-1.622636,72.33826,0.06860001,0.098,9.497015
"2026-10-07 01:39:00",814,11.99222,-1.635354,72.24364,0.1094333,0.1568,0
"2026-10-07 01:40:00",815,11.99054,-1.676308,72.16579,0.1421,0.196,42.90345
"2026-10-07 01:41:00",816,11.99474,-1.677961,71.8987,0.1649667,0.196,16.25459
"2026-10-07 01:42:00",817,11.99054,-1.66715,72.1368,0.1568,0.196,353.3965
"2026-10-07 01:43:00",818,11.99138,-1.6613,71.82087,0.1911,0.2352,16.88744
"2026-10-07 01:44:00",819,11.99558,-1.604066,71.79644,0.1568,0.196,0.1647132
"2026-10-07 01:45:00",820,11.99222,-1.58079,72.15969,0.1927333,0.2352,18.01442
"2026-10-07 01:46:00",821,11.99558,-1.60165,72.51989,0.1502667,0.2352,17.41842
"2026-10-07 01:47:00",822,11.99054,-1.672238,72.70914,0.1143333,0.1568,8.13163
"2026-10-07 01:48:00",823,11.99138,-1.648073,73.06018,0.1617,0.2352,39.8996
"2026-10-07 01:49:00",824,11.98803,-1.677453,73.17923,0.09473334,0.1764,64.48304
"2026-10-07 01:50:00",825,11.99138,-1.661936,73.37002,0.1110667,0.1764,67.66027
"2026-10-07 01:51:00",826,11.99138,-1.662446,73.47074,0.0441,0.1372,96.86652
"2026-10-07 01:52:00",827,11.99138,-1.729345,73.05865,0.07349999,0.1372,60.59711
"2026-10-07 01:53:00",828,11.99054,-1.697804,72.91366,0.04573333,0.1176,337.0031
"2026-10-07 01:54:00",829,11.99138,-1.705816,72.57178,0.08656666,0.1764,52.92494
"2026-10-07 01:55:00",830,11.99306,-1.718534,72.68015,0.0637,0.098,9.536025
"2026-10-07 01:56:00",831,11.99138,-1.723113,72.8633,0.0735,0.098,29.55735
"2026-10-07 01:57:00",832,11.99138,-1.754782,72.64352,0.06696668,0.1176,5.780132
"2026-10-07 01:58:00",833,11.99138,-1.801206,72.31842,0.08003334,0.1568,8.374365
"2026-10-07 01:59:00",834,11.98887,-1.813417,72.0498,0.1421,0.1568,351.5153
"2026-10-07 02:00:00",835,11.99054,-1.825881,71.71403,0.1731333,0.2156,341.1817
"2026-10-07 02:01:00",836,11.99054,-1.849029,70.87917,0.1600666,0.196,335.8978
"2026-10-07 02:02:00",837,11.9939,-1.834785,70.9738,0.04573333,0.1568,7.392588
"2026-10-07 02:03:00",838,11.98971,-1.850429,70.82422,0.03266667,0.1176,20.86439
"2026-10-07 02:04:00",839,11.99222,-1.825626,70.63344,0.07186667,0.1176,45.48468
"2026-10-07 02:05:00",840,11.98131,-1.802097,70.9219,0.0882,0.1764,351.2747
"2026-10-07 02:06:00",841,11.99138,-1.850428,71.044,0.2303,0.2744,0.4182848
"2026-10-07 02:07:00",842,11.98887,-1.942384,71.09895,0.2041667,0.2548,8.890178
"2026-10-07 02:08:00",843,11.98803,-1.921653,71.12337,0.1682333,0.2156,46.10235
"2026-10-07 02:09:00",844,11.99054,-1.909189,71.20731,0.1257667,0.1568,9.161087
"2026-10-07 02:10:00",845,11.98803,-1.960064,71.15694,0.1649667,0.196,34.37737
"2026-10-07 02:11:00",846,11.98047,-1.947345,71.47898,0.1992667,0.2744,8.714627
"2026-10-07 02:12:00",847,11.99138,-1.958028,71.21952,0.1976333,0.2744,111.138
"2026-10-07 02:13:00",848,11.98635,-1.832749,69.91,0.2335667,0.294,94.15742
"2026-10-07 02:14:00",849,11.99054,-1.762542,69.80315,0.1127,0.2156,65.19608
"2026-10-07 02:15:00",850,11.9939,-1.718407,69.89016,0.1012667,0.1568,314.2381
"2026-10-07 02:16:00",851,11.98887,-1.78925,70.45945,0.1257667,0.1568,16.22642
"2026-10-07 02:17:00",852,11.98215,-1.872305,70.80591,0.07676667,0.1568,24.49025
"2026-10-07 02:18:00",853,11.98971,-1.87027,70.99364,0.098,0.1372,9.200098
"2026-10-07 02:19:00",854,11.99222,-1.896852,71.06689,0.1388333,0.2352,33.25039
"2026-10-07 02:20:00",855,11.9939,-1.889094,70.88527,0.0441,0.1176,87.18311
"2026-10-07 02:21:00",856,11.99474,-1.863783,70.95547,0.05553334,0.1176,"NAN"
"2026-10-07 02:22:00",857,11.99222,-1.874085,71.23478,0.02776667,0.098,49.20156
"2026-10-07 02:23:00",858,11.99306,-1.932465,71.08674,0.07023333,0.098,318.1825
"2026-10-07 02:24:00",859,11.98803,-1.938315,71.52935,0.1029,0.1372,347.9176
"2026-10-07 02:25:00",860,11.99138,-1.978506,71.85291,0.06533334,0.1372,9.345306
"2026-10-07 02:26:00",861,11.98887,-1.962989,72.18411,0.1029,0.1568,63.80468
"2026-10-07 02:27:00",862,11.99138,-1.945055,71.34315,0.1813,0.2744,87.09643
"2026-10-07 02:28:00",863,11.98551,-1.862384,71.16,0.1225,0.196,62.52599
"2026-10-07 02:29:00",864,11.99222,-1.804132,71.14169,0.0588,0.1372,59.55031
"2026-10-07 02:30:00",865,11.99054,-1.763687,70.99821,0.08656666,0.1764,97.41268
"2026-10-07 02:31:00",866,11.98467,-1.782383,71.14931,0.1355667,0.1764,104.3198
"2026-10-07 02:32:00",867,11.98047,-1.724512,69.8749,0.2107,0.3332,97.06591
"2026-10-07 02:33:00",868,11.9939,-1.708996,70.51897,0.1976333,0.3136,62.53032
"2026-10-07 02:34:00",869,11.98887,-1.690426,70.80438,0.08656666,0.1372,66.73484
"2026-10-07 02:35:00",870,11.97879,-1.754147,70.24883,0.1274,0.196,58.57288
"2026-10-07 02:36:00",871,11.99138,-1.753511,70.64718,0.1127,0.2156,34.40121
"2026-10-07 02:37:00",872,11.98719,-1.761142,70.85933,0.1372,0.196,40.59746
"2026-10-07 02:38:00",873,11.98971,-1.798281,70.89596,0.098,0.196,12.19528
"2026-10-07 02:39:00",874,11.98719,-1.855007,71.21647,0.1127,0.196,0
"2026-10-07 02:40:00",875,11.99306,-1.940222,71.34773,0.1943666,0.2744,343.7802
"2026-10-07 02:41:00",876,11.98803,-2.02264,70.99821,0.2205,0.2548,338.0239
"2026-10-07 02:42:00",877,11.99222,-2.0566,69.92373,0.2548,0.2744,339.6992
"2026-10-07 02:43:00",878,11.98971,-1.970112,69.78637,0.2793,0.294,327.7749
"2026-10-07 02:44:00",879,11.99138,-2.004325,69.68563,0.2629666,0.294,330.9413
"2026-10-07 02:45:00",880,11.98971,-1.981686,69.43839,0.2695,0.3136,326.8581
"2026-10-07 02:46:00",881,11.99138,-1.986773,69.43686,0.2695,0.3136,338.128
"2026-10-07 02:47:00",882,11.99138,-2.004453,69.75127,0.2662334,0.294,324.3419
"2026-10-07 02:48:00",883,11.99054,-2.055454,69.73753,0.2744,0.3136,332.4063
"2026-10-07 02:49:00",884,11.99222,-2.072499,69.91915,0.2793,0.3332,346.9857
"2026-10-07 02:50:00",885,11.99222,-2.038793,69.21098,0.2303,0.294,334.9962
"2026-10-07 02:51:00",886,11.98887,-2.036505,68.94235,0.2221333,0.2352,338.3035
"2026-10-07 02:52:00",887,11.98887,-2.007251,68.57146,0.2237667,0.2548,344.814
"2026-10-07 02:53:00",888,11.99474,-1.95803,68.87062,0.2727667,0.3332,347.9003
"2026-10-07 02:54:00",889,11.98803,-1.972656,69.60322,0.2629667,0.3332,3.612854
"2026-10-07 02:55:00",890,11.99054,-2.016026,70.23814,0.2335667,0.2744,"NAN"
"2026-10-07 02:56:00",891,11.99306,-2.070337,70.15878,0.1813,0.2548,0.06501836
"2026-10-07 02:57:00",892,11.98215,-2.064231,70.50829,0.1780333,0.2156,4.306382
"2026-10-07 02:58:00",893,11.98971,-2.093483,70.67618,0.1813,0.2352,"NAN"
"2026-10-07 02:59:00",894,11.99726,-2.075932,70.91274,0.2041667,0.2352,40.11416
"2026-10-07 03:00:00",895,11.98887,-2.1249,71.20578,0.1862,0.2156,349.0944
"2026-10-07 03:01:00",896,11.98719,-2.117522,71.0028,0.1731333,0.2744,346.8079
"2026-10-07 03:02:00",897,11.98635,-2.102514,70.81812,0.1780333,0.2352,350.5421
"2026-10-07 03:03:00",898,11.99138,-1.998602,70.95701,0.1437333,0.196,17.66549
"2026-10-07 03:04:00",899,11.99054,-2.064612,71.33551,0.1649667,0.196,25.64324
"2026-10-07 03:05:00",900,11.98971,-2.035232,71.61634,0.1372,0.196,348.9839
"2026-10-07 03:06:00",901,11.99054,-2.048841,72.03149,0.1061667,0.1568,"NAN"
"2026-10-07 03:07:00",902,11.98803,-2.037903,71.38589,0.1453667,0.1764,335.9629
"2026-10-07 03:08:00",903,11.98887,-2.04528,71.32025,0.1225,0.1764,350.6202
"2026-10-07 03:09:00",904,11.98803,-2.068301,70.42281,0.1535333,0.196,343.1474
"2026-10-07 03:10:00",905,11.99138,-2.019206,70.17709,0.1306667,0.196,0.06935291
"2026-10-07 03:11:00",906,11.98971,-1.975709,70.17098,0.1274,0.196,350.5248
"2026-10-07 03:12:00",907,11.98803,-1.997076,69.86574,0.1339333,0.1568,348.8235
"2026-10-07 03:13:00",908,11.98635,-1.9883,70.06109,0.1502667,0.1764,341.0755
"2026-10-07 03:14:00",909,11.99138,-1.96566,69.70701,0.1796667,0.2156,344.3979
"2026-10-07 03:15:00",910,11.98971,-1.980032,69.12856,0.1698667,0.2352,28.33067
"2026-10-07 03:16:00",911,11.98887,-1.928394,69.10108,0.1192333,0.1764,42.6152
"2026-10-07 03:17:00",912,11.98971,-1.89062,69.54827,0.1127,0.1568,0.03250918
"2026-10-07 03:18:00",913,11.98971,-1.879046,69.05835,0.1159667,0.1568,4.041975
"2026-10-07 03:19:00",914,11.9939,-1.888838,69.25524,0.1339333,0.1764,343.7282
"2026-10-07 03:20:00",915,11.98887,-1.85488,69.02935,0.1453667,0.1764,5.010748
"2026-10-07 03:21:00",916,11.98887,-1.858187,69.08582,0.1323,0.1764,351.1317
"2026-10-07 03:22:00",917,11.98971,-1.831986,69.40633,0.1747667,0.2156,345.0546
"2026-10-07 03:23:00",918,11.98467,-1.875739,68.81109,0.2041667,0.2352,5.87766
"2026-10-07 03:24:00",919,11.99726,-1.815197,68.88894,0.1764,0.2156,349.4087
"2026-10-07 03:25:00",920,11.98719,-1.810237,69.58491,0.1633333,0.196,352.6509
"2026-10-07 03:26:00",921,11.98803,-1.845468,69.86421,0.1633333,0.2156,17.57229
"2026-10-07 03:27:00",922,11.99558,-1.873958,70.11147,0.1388333,0.1764,14.79601
"2026-10-07 03:28:00",923,11.98887,-1.889983,70.35414,0.1159667,0.1372,2.711266
"2026-10-07 03:29:00",924,11.98971,-1.849921,70.45029,0.06206667,0.1568,6.595029
"2026-10-07 03:30:00",925,11.99054,-1.834147,70.34956,0.1437333,0.196,38.87014
"2026-10-07 03:31:00",926,11.98803,-1.865563,70.05652,0.1943667,0.2352,335.1393
"2026-10-07 03:32:00",927,11.98635,-1.87434,69.49333,0.2058,0.2352,352.1373
"2026-10-07 03:33:00",928,11.98719,-1.864674,69.81689,0.1780333,0.2156,"NAN"
"2026-10-07 03:34:00",929,12.00062,-1.8648,70.05346,0.1437333,0.1764,9.921801
"2026-10-07 03:35:00",930,11.98467,-1.824228,70.12215,0.1323,0.1764,24.41873
"2026-10-07 03:36:00",931,11.98635,-1.808201,69.60932,0.1094333,0.1372,0.04117829
"2026-10-07 03:37:00",932,11.9939,-1.804004,69.41091,0.08493334,0.1176,16.46265
"2026-10-07 03:38:00",933,11.98551,-1.787979,69.32697,0.08493333,0.1372,0.6155071
"2026-10-07 03:39:00",934,11.98383,-1.758089,69.25829,0.0588,0.098,40.45659
"2026-10-07 03:40:00",935,11.98803,-1.763687,69.54064,0.05553333,0.1176,6.759742
"2026-10-07 03:41:00",936,11.98887,-1.760506,69.49028,0.0833,0.1176,20.96192
"2026-10-07 03:42:00",937,11.98719,-1.730109,69.63374,0,0,31.59459
"2026-10-07 03:43:00",938,11.97963,-1.771954,68.93625,0.03266667,0.0784,344.7533
"2026-10-07 03:44:00",939,11.98803,-1.731381,69.02325,0.0196,0.0588,346.0862
"2026-10-07 03:45:00",940,11.98971,-1.777422,69.04461,0.01633333,0.0588,17.13667
"2026-10-07 03:46:00",941,11.98635,-1.774751,68.63252,0.01306667,0.0588,346.8448
"2026-10-07 03:47:00",942,11.98635,-1.732525,69.11329,0,0,346.7429
"2026-10-07 03:48:00",943,11.98803,-1.744736,69.42465,0,0,346.8166
"2026-10-07 03:49:00",944,11.98467,-1.741301,68.84009,0.008166667,0.0392,112.304
"2026-10-07 03:50:00",945,11.98635,-1.746643,68.5089,0.003266667,0.0196,163.0032
"2026-10-07 03:51:00",946,11.98971,-1.694624,68.16854,0.008166667,0.0588,232.6357
"2026-10-07 03:52:00",947,11.99138,-1.688137,68.45548,0.03756667,0.0784,219.9701
"2026-10-07 03:53:00",948,11.99054,-1.676436,68.38832,0,0,227.8373
"2026-10-07 03:54:00",949,11.98635,-1.667787,68.90725,0.04246667,0.098,328.5334
"2026-10-07 03:55:00",950,11.98719,-1.682032,68.49211,0.09146667,0.098,284.1281
"2026-10-07 03:56:00",951,11.98635,-1.666897,68.1487,0.0147,0.0588,250.9275
"2026-10-07 03:57:00",952,11.98803,-1.617929,68.33949,0,0,276.3454
"2026-10-07 03:58:00",953,11.98971,-1.624034,67.85719,0.0049,0.0588,158.7987
"2026-10-07 03:59:00",954,11.98719,-1.615639,67.64198,0.05716667,0.0784,165.6993
"2026-10-07 04:00:00",955,11.97292,-1.566673,67.30773,0.07186667,0.098,190.3304
"2026-10-07 04:01:00",956,11.98803,-1.553699,67.68624,0.01143333,0.0784,211.3335
"2026-10-07 04:02:00",957,11.98971,-1.559551,67.79461,0.02123334,0.0784,224.1681
"2026-10-07 04:03:00",958,11.98467,-1.572522,67.67403,0.07023334,0.098,243.199
"2026-10-07 04:04:00",959,11.98803,-1.561712,67.71677,0.05226667,0.0784,255.9404
"2026-10-07 04:05:00",960,11.98131,-1.5654,67.85719,0.006533334,0.0588,172.1643
"2026-10-07 04:06:00",961,11.98971,-1.582698,67.61909,0.0882,0.1176,159.295
"2026-10-07 04:07:00",962,11.98719,-1.587023,67.352,0.1159667,0.1764,144.8067
"2026-10-07 04:08:00",963,11.98719,-1.530679,67.24821,0.02123333,0.098,175.7316
"2026-10-07 04:09:00",964,11.98131,-1.523175,67.12153,0,0,175.7403
"2026-10-07 04:10:00",965,11.98887,-1.529407,67.21616,0.001633333,0.0196,21.1353
"2026-10-07 04:11:00",966,11.98803,-1.492267,67.77782,0.02613333,0.098,344.075
"2026-10-07 04:12:00",967,11.98719,-1.518341,68.38222,0.0882,0.098,350.2496
"2026-10-07 04:13:00",968,11.98467,-1.576593,68.40054,0.1176,0.1568,343.2969
"2026-10-07 04:14:00",969,11.99138,-1.536148,68.97898,0.07839999,0.1176,13.65819
"2026-10-07 04:15:00",970,11.98887,-1.54467,69.85201,0.08166667,0.1176,18.98536
"2026-10-07 04:16:00",971,11.99138,-1.56451,70.05193,0.1029,0.1372,37.86452
"2026-10-07 04:17:00",972,11.99306,-1.569852,69.94357,0.03266666,0.098,33.49313
"2026-10-07 04:18:00",973,11.98803,-1.612715,68.4509,0.1355667,0.2352,325.4732
"2026-10-07 04:19:00",974,11.97879,-1.551918,67.55651,0.04573333,0.1764,99.26786
"2026-10-07 04:20:00",975,11.9939,-1.486417,68.00218,0.1012667,0.1568,117.4687
"2026-10-07 04:21:00",976,11.98803,-1.492139,68.94388,0.1731333,0.2156,128.7277
"2026-10-07 04:22:00",977,11.98551,-1.480693,69.36055,0.2270333,0.2548,128.2249
"2026-10-07 04:23:00",978,11.97795,-1.509692,70.2702,0.2286666,0.294,63.37989
"2026-10-07 04:24:00",979,11.98635,-1.508802,70.73112,0.1666,0.2352,74.40051
"2026-10-07 04:25:00",980,11.98551,-1.532077,70.01073,0.2286666,0.3332,56.23438
"2026-10-07 04:26:00",981,11.98887,-1.469756,68.11208,0.2123333,0.2744,50.1595
"2026-10-07 04:27:00",982,11.98803,-1.410613,67.99149,0.0392,0.098,339.6451
"2026-10-07 04:28:00",983,11.98803,-1.392043,67.80834,0.01143333,0.098,163.4561
"2026-10-07 04:29:00",984,11.98551,-1.355542,66.93075,0.1388333,0.1764,158.6079
"2026-10-07 04:30:00",985,11.98803,-1.379326,66.22104,0.2172333,0.294,182.4047
"2026-10-07 04:31:00",986,11.98803,-1.331502,66.29583,0.1780333,0.2744,158.4237
"2026-10-07 04:32:00",987,11.98299,-1.369405,65.97684,0.1404667,0.1764,161.4818
"2026-10-07 04:33:00",988,11.98551,-1.393698,67.30468,0.1372,0.3528,110.7393
"2026-10-07 04:34:00",989,11.98887,-1.391281,65.40298,0.2678667,0.4704,120.4834
"2026-10-07 04:35:00",990,11.99054,-1.413793,64.92678,0.08656666,0.1568,164.3057
"2026-10-07 04:36:00",991,11.98971,-1.392297,66.60413,0.1649667,0.2744,129.7355
"2026-10-07 04:37:00",992,11.9939,-1.421934,65.99516,0.2858333,0.4508,40.45659
"2026-10-07 04:38:00",993,11.98551,-1.476497,65.35566,0.01796667,0.0784,38.53204
"2026-10-07 04:39:00",994,11.98551,-1.463522,64.80621,0.2123333,0.4116,67.41753
"2026-10-07 04:40:00",995,11.98887,-1.394334,64.65359,0.1862,0.3332,125.3554
"2026-10-07 04:41:00",996,11.98803,-1.411503,64.02324,0.1976333,0.2548,130.999
"2026-10-07 04:42:00",997,11.98803,-1.384286,65.4335,0.2417333,0.4116,90.73746
"2026-10-07 04:43:00",998,11.98803,-1.435924,64.37276,0.2858333,0.49,104.7554
"2026-10-07 04:44:00",999,11.98299,-1.462252,63.98203,0.098,0.196,107.5555
"2026-10-07 04:45:00",1000,11.98719,-1.447752,64.55743,0.1976333,0.2548,60.85718
"2026-10-07 04:46:00",1001,11.98803,-1.414301,65.24424,0.0833,0.2156,96.199
"2026-10-07 04:47:00",1002,11.98467,-1.419135,65.28545,0.2417333,0.392,115.2732
"2026-10-07 04:48:00",1003,11.98719,-1.516942,65.62276,0.3299333,0.4508,86.68681
"2026-10-07 04:49:00",1004,11.99054,-1.523047,66.35689,0.1911,0.2744,78.20408
"2026-10-07 04:50:00",1005,11.98803,-1.504987,66.0791,0.1992667,0.4116,101.6714
"2026-10-07 04:51:00",1006,11.98803,-1.509693,65.3465,0.2090667,0.3724,147.8517
"2026-10-07 04:52:00",1007,11.98551,-1.490996,65.52355,0.1747666,0.2744,151.042
"2026-10-07 04:53:00",1008,11.98971,-1.55052,65.78759,0.1535333,0.2352,70.844
"2026-10-07 04:54:00",1009,11.98887,-1.554462,65.78149,0.1045333,0.1372,79.71684
"2026-10-07 04:55:00",1010,11.98971,-1.575067,65.85474,0.098,0.1372,134.0484
"2026-10-07 04:56:00",1011,11.99054,-1.600377,66.0501,0.1225,0.196,165.8965
"2026-10-07 04:57:00",1012,11.98971,-1.619456,65.97073,0.2286667,0.2744,206.4918
"2026-10-07 04:58:00",1013,11.98719,-1.623906,65.38313,0.2074333,0.2744,174.7867
"2026-10-07 04:59:00",1014,11.98803,-1.624288,65.38313,0.2107,0.2744,176.035
"2026-10-07 05:00:00",1015,11.98887,-1.656213,67.84345,0.2384667,0.3724,121.1856
"2026-10-07 05:01:00",1016,11.98803,-1.743463,67.13222,0.2466333,0.3528,60.19616
"2026-10-07 05:02:00",1017,11.98803,-1.746007,65.57391,0.4475333,0.5488,177.8989
"2026-10-07 05:03:00",1018,11.98719,-1.667405,64.79858,0.1878333,0.392,227.4884
"2026-10-07 05:04:00",1019,11.98551,-1.657231,66.52019,0.2172333,0.3136,188.7505
"2026-10-07 05:05:00",1020,11.97795,-1.635736,67.64198,0.1437333,0.2156,166.7482
"2026-10-07 05:06:00",1021,12.00062,-1.753511,68.38528,0.04083334,0.2156,127.1477
"2026-10-07 05:07:00",1022,11.98887,-1.760126,67.10322,0.1110667,0.1372,146.2111
"2026-10-07 05:08:00",1023,11.98467,-1.791541,65.96158,0.1274,0.2156,199.8729
"2026-10-07 05:09:00",1024,11.98971,-1.707088,65.49913,0.1127,0.2156,152.5569
"2026-10-07 05:10:00",1025,11.98887,-1.693987,65.46555,0.1649667,0.2156,111.9941
"2026-10-07 05:11:00",1026,11.98971,-1.67262,65.63344,0.1339333,0.1764,126.8985
"2026-10-07 05:12:00",1027,11.98635,-1.658502,65.88527,0.2858333,0.3528,146.4257
"2026-10-07 05:13:00",1028,11.98719,-1.667786,64.41854,0.3201333,0.4508,173.7464
"2026-10-07 05:14:00",1029,11.98635,-1.631793,64.35749,0.2270333,0.3136,184.8754
"2026-10-07 05:15:00",1030,11.98719,-1.589694,64.41244,0.1290333,0.2156,182.2486
"2026-10-07 05:16:00",1031,11.98803,-1.576848,64.5208,0.2433667,0.294,188.5077
"2026-10-07 05:17:00",1032,11.98551,-1.603048,65.09772,0.1764,0.2352,180.6037
"2026-10-07 05:18:00",1033,11.98635,-1.658248,65.81506,0.2172333,0.294,152.4854
"2026-10-07 05:19:00",1034,11.98887,-1.687119,65.9219,0.1323,0.1568,151.9392
"2026-10-07 05:20:00",1035,11.98971,-1.70518,65.83643,0.1682333,0.2352,177.5088
"2026-10-07 05:21:00",1036,11.98803,-1.719933,66.00127,0.196,0.2744,164.0413
"2026-10-07 05:22:00",1037,11.98719,-1.730363,67.30315,0.1666,0.2156,145.3377
"2026-10-07 05:23:00",1038,11.97376,-1.758344,66.89412,0.1257667,0.1568,132.0219
"2026-10-07 05:24:00",1039,11.98635,-1.813797,67.46036,0.09310001,0.1176,127.967
"2026-10-07 05:25:00",1040,11.99222,-1.885405,68.38832,0.1274,0.196,117.1869
"2026-10-07 05:26:00",1041,11.98719,-1.926995,68.02202,0.1372,0.1764,132.7241
"2026-10-07 05:27:00",1042,11.98719,-1.947473,67.99149,0.08003333,0.1176,135.1255
"2026-10-07 05:28:00",1043,11.98467,-1.96388,68.1426,0.05553333,0.196,147.8561
"2026-10-07 05:29:00",1044,11.98467,-1.942894,67.49852,0.1110667,0.1764,104.5409
"2026-10-07 05:30:00",1045,11.98803,-1.927504,66.9689,0.08493333,0.196,127.5205
"2026-10-07 05:31:00",1046,11.98719,-1.906519,65.928,0.0735,0.1372,151.846
"2026-10-07 05:32:00",1047,11.97627,-1.841779,66.01042,0.003266667,0.0392,151.8395
"2026-10-07 05:33:00",1048,11.98467,-1.788742,66.64839,0.04246667,0.1568,306.8216
"2026-10-07 05:34:00",1049,11.98887,-1.89418,68.0266,0.1829333,0.2156,299.4399
"2026-10-07 05:35:00",1050,11.98467,-2.020478,68.29064,0.2058,0.2156,292.3117
"2026-10-07 05:36:00",1051,11.98635,-2.064739,68.10139,0.1372,0.196,219.5887
"2026-10-07 05:37:00",1052,11.98719,-2.04159,67.76714,0.0735,0.1372,250.2231
"2026-10-07 05:38:00",1053,11.99054,-2.075423,67.68929,0.08656666,0.1372,224.1573
"2026-10-07 05:39:00",1054,11.98971,-2.021877,66.6957,0.1388333,0.2156,205.3778
"2026-10-07 05:40:00",1055,11.98719,-2.019969,65.74638,0.07186667,0.1764,221.6259
"2026-10-07 05:41:00",1056,11.98803,-1.905247,65.92037,0.1061667,0.1176,219.6624
"2026-10-07 05:42:00",1057,11.98383,-1.913386,66.02415,0.0196,0.0784,124.7204
"2026-10-07 05:43:00",1058,11.98635,-1.897106,65.77691,0,0,100.1694
"2026-10-07 05:44:00",1059,11.98803,-1.880318,65.27172,0.05716667,0.098,144.3147
"2026-10-07 05:45:00",1060,11.98719,-1.859076,65.13435,0.05553333,0.098,147
"2026-10-07 05:46:00",1061,11.98887,-1.813034,65.47318,0.049,0.098,214.4284
"2026-10-07 05:47:00",1062,11.98887,-1.856405,65.86848,0.01306667,0.0784,317.3329
"2026-10-07 05:48:00",1063,11.98803,-1.935263,66.32177,0,0,314.2554
"2026-10-07 05:49:00",1064,11.98467,-2.040828,66.57513,0.1078,0.1568,340.5467
"2026-10-07 05:50:00",1065,11.97879,-2.078856,66.33704,0.08493334,0.1176,40.33956
"2026-10-07 05:51:00",1066,11.98719,-2.030653,66.4164,0.0588,0.1176,97.88731
"2026-10-07 05:52:00",1067,11.98383,-2.016917,66.81934,0.1110667,0.196,117.9997
"2026-10-07 05:53:00",1068,11.98635,-2.031797,66.06689,0.2254,0.2744,135.7236
"2026-10-07 05:54:00",1069,11.98467,-1.982322,66.77202,0.1764,0.3332,102.3194
"2026-10-07 05:55:00",1070,11.98803,-2.020351,65.6899,0.196,0.294,110.9408
"2026-10-07 05:56:00",1071,11.98719,-1.964007,65.18777,0.06696666,0.1764,290.4478
"2026-10-07 05:57:00",1072,11.98635,-1.933735,64.649,0.1731333,0.3332,268.6884
"2026-10-07 05:58:00",1073,11.98719,-1.894307,64.40786,0.04246667,0.1176,310.8636
"2026-10-07 05:59:00",1074,11.98635,-1.89062,64.2598,0.0588,0.1764,338.1648
"2026-10-07 06:00:00",1075,11.98551,-1.913514,64.03698,0.04573333,0.1372,191.6286
"2026-10-07 06:01:00",1076,11.98635,-1.877519,64.54827,0.196,0.2744,203.7762
"2026-10-07 06:02:00",1077,11.99726,-1.945691,64.42159,0.1012667,0.1764,193.8739
"2026-10-07 06:03:00",1078,11.99138,-1.924706,64.28576,0.1110667,0.1568,180.6969
"2026-10-07 06:04:00",1079,11.98719,-1.953577,64.67037,0.1012667,0.1372,217.5731
"2026-10-07 06:05:00",1080,11.98719,-1.998984,65.46249,0.1355667,0.196,287.3985
"2026-10-07 06:06:00",1081,11.98719,-2.080765,65.60139,0.2907333,0.4116,299.3445
"2026-10-07 06:07:00",1082,11.98971,-2.061814,65.52508,0.1894667,0.2352,316.958
"2026-10-07 06:08:00",1083,11.98635,-2.064739,65.23814,0.0588,0.1764,311.8952
"2026-10-07 06:09:00",1084,11.99054,-2.060924,65.18166,0.0098,0.0784,45.13791
"2026-10-07 06:10:00",1085,11.99054,-2.072625,65.45181,0.04083334,0.098,269.6701
"2026-10-07 06:11:00",1086,11.98635,-2.063723,65.23814,0.09309999,0.2156,351.1988
"2026-10-07 06:12:00",1087,11.98719,-2.06385,65.4335,0.3038,0.392,3.190234
"2026-10-07 06:13:00",1088,11.99054,-2.105184,66.26379,0.2646,0.3724,350.4121
"2026-10-07 06:14:00",1089,11.98467,-2.169414,65.7189,0.1682333,0.294,345.3667
"2026-10-07 06:15:00",1090,11.98635,-2.137618,65.19234,0.1845667,0.2156,333.1887
"2026-10-07 06:16:00",1091,11.98719,-2.102896,65.2244,0.1992667,0.2548,331.897
"2026-10-07 06:17:00",1092,11.98635,-2.051003,65.03667,0.2254,0.3332,305.4823
"2026-10-07 06:18:00",1093,11.98887,-2.057108,64.87183,0.1845667,0.2352,14.37339
"2026-10-07 06:19:00",1094,11.98971,-2.061432,64.27355,0.1568,0.2744,331.4311
"2026-10-07 06:20:00",1095,11.98803,-2.057999,64.14993,0.2580667,0.3136,320.2913
"2026-10-07 06:21:00",1096,11.98887,-2.032561,64.40176,0.2205,0.294,335.1328
"2026-10-07 06:22:00",1097,11.98551,-2.005216,64.17739,0.08166667,0.2352,344.6016
"2026-10-07 06:23:00",1098,11.98719,-2.004962,64.52232,0,0,278.3414
"2026-10-07 06:24:00",1099,11.98383,-2.026201,64.32848,0.0882,0.1764,295.8552
"2026-10-07 06:25:00",1100,11.98887,-2.015645,64.15603,0.1012667,0.1372,301.4901
"2026-10-07 06:26:00",1101,11.98551,-2.006361,64.17587,0.1421,0.1764,305.9916
"2026-10-07 06:27:00",1102,11.98635,-1.994659,64.04308,0.1143333,0.1568,0.3901101
"2026-10-07 06:28:00",1103,11.97795,-2.01183,64.22471,0.1045333,0.1568,343.661
"2026-10-07 06:29:00",1104,11.98719,-1.987028,63.85688,0.2662334,0.3724,282.2122
"2026-10-07 06:30:00",1105,11.98719,-1.980033,63.55468,0.3283,0.4704,335.213
"2026-10-07 06:31:00",1106,11.98803,-1.926487,63.49668,0.2188667,0.4508,300.9505
"2026-10-07 06:32:00",1107,11.98551,-1.900031,63.57147,0.2319333,0.3724,283.2546
"2026-10-07 06:33:00",1108,11.98803,-1.909826,62.69235,0.1568,0.2744,309.1125
"2026-10-07 06:34:00",1109,11.97879,-1.885786,62.80835,0.1045333,0.2156,299.674
"2026-10-07 06:35:00",1110,11.98803,-1.869633,63.48447,0.07023334,0.1176,125.1733
"2026-10-07 06:36:00",1111,11.99726,-1.892909,63.37,0.06043334,0.098,309.988
"2026-10-07 06:37:00",1112,11.98551,-1.909061,63.42495,0.0833,0.1568,296.2258
"2026-10-07 06:38:00",1113,11.98719,-1.880444,63.78056,0.1323,0.196,328.8412
"2026-10-07 06:39:00",1114,11.98467,-1.944546,63.47379,0.08983334,0.1764,335.6378
"2026-10-07 06:40:00",1115,11.98383,-1.914658,63.64473,0.02123334,0.098,266.3976
"2026-10-07 06:41:00",1116,11.98383,-1.948491,63.98051,0.0441,0.1176,344.6146
"2026-10-07 06:42:00",1117,11.98467,-1.938314,64.35444,0.07513333,0.1568,332.2416
"2026-10-07 06:43:00",1118,11.98467,-2.00369,63.91335,0.0147,0.0784,150.9726
"2026-10-07 06:44:00",1119,11.98551,-2.006234,63.69662,0.07350001,0.1568,353.7172
"2026-10-07 06:45:00",1120,11.99054,-1.980795,63.34558,0.1617,0.2548,248.2184
"2026-10-07 06:46:00",1121,11.98719,-1.979396,63.67983,0.0882,0.294,351.8252
"2026-10-07 06:47:00",1122,11.98803,-1.946073,64.24913,0.2907333,0.4508,317.3568
"2026-10-07 06:48:00",1123,11.98551,-1.995677,64.36207,0.1715,0.294,291.3603
"2026-10-07 06:49:00",1124,11.98551,-2.046551,63.81414,0.0637,0.1568,336.1688
"2026-10-07 06:50:00",1125,11.98719,-1.995676,64.12703,0.05226667,0.098,279.9864
"2026-10-07 06:51:00",1126,11.98299,-1.996439,63.6493,0.1094333,0.1764,306.9191
"2026-10-07 06:52:00",1127,11.98803,-1.98512,63.8874,0.06043333,0.1372,232.6617
"2026-10-07 06:53:00",1128,11.98383,-1.968332,64.43685,0.09963334,0.196,43.49295
"2026-10-07 06:54:00",1129,11.98551,-1.999491,64.17587,0.1666,0.3332,317.8509
"2026-10-07 06:55:00",1130,11.98383,-1.970747,63.84314,0.1045333,0.1568,284.4683
"2026-10-07 06:56:00",1131,11.98383,-1.965152,63.95303,0.0931,0.2156,329.8165
"2026-10-07 06:57:00",1132,11.98887,-1.944674,63.76683,0.1241333,0.2352,288.4301
"2026-10-07 06:58:00",1133,11.98551,-1.930303,63.80651,0.1404667,0.2548,306.2365
"2026-10-07 06:59:00",1134,11.98635,-1.941113,63.98356,0.0735,0.2156,39.84975
"2026-10-07 07:00:00",1135,11.98383,-1.933991,63.9973,0.0294,0.1176,214.6256
"2026-10-07 07:01:00",1136,11.98887,-1.942639,63.99271,0.09636667,0.1372,219.2831
"2026-10-07 07:02:00",1137,11.98719,-1.953577,63.84772,0.06696666,0.1568,268.2029
"2026-10-07 07:03:00",1138,11.98551,-1.945055,63.76072,0.0049,0.0588,289.4162
"2026-10-07 07:04:00",1139,11.98383,-1.972655,63.14869,0.2107,0.2548,312.3287
"2026-10-07 07:05:00",1140,11.98803,-1.872432,62.65572,0.0637,0.1568,241.6299
"2026-10-07 07:06:00",1141,11.98719,-1.797773,62.54583,0.06859999,0.1372,284.7804
"2026-10-07 07:07:00",1142,11.98719,-1.789887,62.99607,0.0441,0.1568,252.8802
"2026-10-07 07:08:00",1143,11.98719,-1.850429,63.40358,0.0343,0.0784,140.1427
"2026-10-07 07:09:00",1144,11.98635,-1.852464,64.61543,0.05553334,0.1372,93.29485
"2026-10-07 07:10:00",1145,11.98635,-2.012719,64.54217,0.08003333,0.1568,209.0167
"2026-10-07 07:11:00",1146,11.98635,-2.003055,63.55621,0.1404667,0.2352,218.6784
"2026-10-07 07:12:00",1147,11.98803,-1.999746,62.72288,0.09636667,0.3724,301.7155
"2026-10-07 07:13:00",1148,11.97879,-1.921272,62.47104,0.08656666,0.1372,289.7543
"2026-10-07 07:14:00",1149,11.98635,-1.852209,62.37031,0.0196,0.0784,274.8543
"2026-10-07 07:15:00",1150,11.98383,-1.8517,62.02537,0.1421,0.2548,270.433
"2026-10-07 07:16:00",1151,11.98803,-1.839744,61.54308,0.2172333,0.3332,250.312
"2026-10-07 07:17:00",1152,11.98719,-1.77666,61.22715,0.1127,0.196,223.4963
"2026-10-07 07:18:00",1153,11.98551,-1.752366,61.19052,0.07023332,0.1568,304.8386
"2026-10-07 07:19:00",1154,11.98299,-1.749822,61.37214,0.1535333,0.3136,268.153
"2026-10-07 07:20:00",1155,11.99642,-1.771699,61.47592,0.1372,0.2352,269.876
"2026-10-07 07:21:00",1156,11.98887,-1.719933,61.49424,0.0245,0.1176,204.2964
"2026-10-07 07:22:00",1157,11.98887,-1.736977,61.74912,0.06696667,0.1372,336.6759
"2026-10-07 07:23:00",1158,11.98803,-1.723496,61.5095,0.3364667,0.4508,282.4462
"2026-10-07 07:24:00",1159,11.98467,-1.656085,61.35535,0.2172333,0.294,286.1285
"2026-10-07 07:25:00",1160,11.98551,-1.691571,61.88038,0.2058,0.2548,311.1605
"2026-10-07 07:26:00",1161,11.98551,-1.762161,61.1661,0.2221333,0.3332,212.1766
"2026-10-07 07:27:00",1162,11.98215,-1.708487,60.83184,0.03103334,0.098,272.9362
"2026-10-07 07:28:00",1163,11.98551,-1.658248,61.0562,0.0147,0.0588,311.4705
"2026-10-07 07:29:00",1164,11.98551,-1.639678,61.36756,0.0049,0.0392,252.8694
"2026-10-07 07:30:00",1165,11.98383,-1.666006,61.42708,0.03266667,0.0784,254.8199
"2026-10-07 07:31:00",1166,11.98887,-1.703909,61.03637,0.0196,0.0588,262.2797
"2026-10-07 07:32:00",1167,11.98383,-1.667151,62.39626,0.04573334,0.098,310.9156
"2026-10-07 07:33:00",1168,11.98131,-1.743845,63.14717,0.03756667,0.0784,301.7177
"2026-10-07 07:34:00",1169,11.98971,-1.813799,63.20975,0.0392,0.0784,259.5099
"2026-10-07 07:35:00",1170,11.98551,-1.887694,62.22073,0.1502667,0.2744,225.3493
"2026-10-07 07:36:00",1171,11.98635,-1.829316,61.40419,0.1796667,0.3528,220.2215
"2026-10-07 07:37:00",1172,11.98215,-1.807819,61.36756,0.003266667,0.0392,152.4269
"2026-10-07 07:38:00",1173,11.98215,-1.764704,61.76439,0.1747667,0.2156,201.9795
"2026-10-07 07:39:00",1174,11.98467,-1.791794,63.44326,0.1764,0.294,146.7724
"2026-10-07 07:40:00",1175,11.98467,-1.934499,65.40755,0.1813,0.2548,233.5784
"2026-10-07 07:41:00",1176,11.98803,-2.071354,65.1313,0.1731333,0.2156,314.2012
"2026-10-07 07:42:00",1177,11.98551,-2.074915,63.94388,0.1453667,0.2352,241.5345
"2026-10-07 07:43:00",1178,11.98383,-2.032561,63.37458,0.2074333,0.294,147.0282
"2026-10-07 07:44:00",1179,11.99642,-1.955104,62.51225,0.05063333,0.2352,181.8845
"2026-10-07 07:45:00",1180,11.98467,-1.899904,62.63893,0.0392,0.1176,173.9544
"2026-10-07 07:46:00",1181,11.98971,-1.864164,63.02202,0.003266667,0.0392,219.8141
"2026-10-07 07:47:00",1182,11.98551,-1.863656,63.53942,0.09473333,0.1372,219.6038
"2026-10-07 07:48:00",1183,11.98719,-1.898378,63.70425,0.1633333,0.2156,218.6741
"2026-10-07 07:49:00",1184,11.98383,-1.97876,64.00951,0.1502667,0.196,221.808
"2026-10-07 07:50:00",1185,11.98551,-2.028237,64.96188,0.1519,0.196,237.5337
"2026-10-07 07:51:00",1186,11.98803,-2.071354,64.54217,0.1159667,0.1764,306.5833
"2026-10-07 07:52:00",1187,11.98551,-2.062322,63.76377,0.05063334,0.0784,344.1032
"2026-10-07 07:53:00",1188,11.98719,-2.001019,63.17617,0.06206666,0.1372,325.3497
"2026-10-07 07:54:00",1189,11.98467,-1.969985,62.71371,0.2074333,0.2744,307.5173
"2026-10-07 07:55:00",1190,11.98467,-1.931319,62.6603,0.1927333,0.2548,330.679
"2026-10-07 07:56:00",1191,11.98467,-1.888585,62.23905,0.2531667,0.392,335.1306
"2026-10-07 07:57:00",1192,11.98299,-1.788234,61.3874,0.2237667,0.3724,1.22668
"2026-10-07 07:58:00",1193,11.98215,-1.699202,61.23172,0.01143333,0.0588,264.8458
"2026-10-07 07:59:00",1194,11.98383,-1.669949,61.52782,0.1437333,0.2156,264.3278
"2026-10-07 08:00:00",1195,11.99138,-1.698566,61.95212,0.1584333,0.2352,223.039
"2026-10-07 08:01:00",1196,11.98467,-1.724512,62.2421,0.1192333,0.1764,246.0446
"2026-10-07 08:02:00",1197,11.98215,-1.768647,61.95822,0.1404667,0.1764,280.9487
"2026-10-07 08:03:00",1198,11.98551,-1.778313,62.17189,0.1878333,0.3136,219.2397
"2026-10-07 08:04:00",1199,11.98467,-1.80286,64.11024,0.2629667,0.3724,19.14357
"2026-10-07 08:05:00",1200,11.98383,-1.933483,62.73355,0.2842,0.49,97.91547
"2026-10-07 08:06:00",1201,11.98551,-1.885023,62.42373,0.08329999,0.1764,316.4573
"2026-10-07 08:07:00",1202,11.98551,-1.882098,61.75828,0.1388333,0.2744,286.887
"2026-10-07 08:08:00",1203,11.98635,-1.85488,62.06353,0.06533334,0.1372,167.0972
"2026-10-07 08:09:00",1204,11.98131,-1.886168,62.20089,0.0686,0.1568,16.46482
"2026-10-07 08:10:00",1205,11.98719,-1.880063,61.21036,0.1862,0.2548,227.2327
"2026-10-07 08:11:00",1206,11.97711,-1.866708,61.38129,0.1698667,0.4116,247.6224
"2026-10-07 08:12:00",1207,11.98299,-1.838346,61.23783,0.4459,0.588,294.4465
"2026-10-07 08:13:00",1208,11.98635,-1.877645,61.21951,0.2597,0.3332,247.5552
"2026-10-07 08:14:00",1209,11.98383,-1.85666,61.21036,0.06860001,0.2744,24.0698
"2026-10-07 08:15:00",1210,11.98299,-1.878282,61.54461,0.03593333,0.1176,44.53107
"2026-10-07 08:16:00",1211,11.98719,-1.899395,61.70792,0.0784,0.1764,200.1243
"2026-10-07 08:17:00",1212,11.98803,-1.91822,61.44693,0.1274,0.1568,250.3185
"2026-10-07 08:18:00",1213,11.98635,-1.950907,61.31567,0.1241333,0.196,190.5688
"2026-10-07 08:19:00",1214,11.97711,-1.952433,61.73997,0.09800001,0.1568,162.6152
"2026-10-07 08:20:00",1215,11.98131,-2.008395,62.15358,0.04083334,0.1176,189.5957
"2026-10-07 08:21:00",1216,11.98467,-2.055963,62.16579,0.1045333,0.2352,205.4732
"2026-10-07 08:22:00",1217,11.98299,-2.103149,62.31842,0.2041667,0.2352,228.5872
"2026-10-07 08:23:00",1218,11.97627,-2.156441,62.35046,0.2058,0.294,226.8361
"2026-10-07 08:24:00",1219,11.98467,-2.155169,62.61298,0.2090667,0.2744,261.597
"2026-10-07 08:25:00",1220,11.98383,-2.144232,61.77965,0.2662333,0.3528,298.742
"2026-10-07 08:26:00",1221,11.98719,-2.058379,61.59344,0.1110667,0.3528,125.7975
"2026-10-07 08:27:00",1222,11.98803,-2.002418,60.99516,0.3119667,0.49,98.81924
"2026-10-07 08:28:00",1223,11.98467,-1.964898,61.13557,0.2107,0.3528,0.06068381
"2026-10-07 08:29:00",1224,11.98635,-1.934753,61.57513,0.05226667,0.1176,43.28489
"2026-10-07 08:30:00",1225,11.98551,-1.963371,60.85474,0.1045333,0.196,306.7003
"2026-10-07 08:31:00",1226,11.98467,-1.912749,60.92189,0.03756667,0.1372,294.6264
"2026-10-07 08:32:00",1227,11.98971,-1.947981,61.3233,0.1633333,0.2352,243.2987
"2026-10-07 08:33:00",1228,11.98131,-1.968712,61.23783,0.1061667,0.1568,270.0754
"2026-10-07 08:34:00",1229,11.97963,-1.958665,61.07452,0.07186667,0.1372,322.5236
"2026-10-07 08:35:00",1230,11.98467,-1.953323,61.21494,0.0098,0.0784,236.0773
"2026-10-07 08:36:00",1231,11.98551,-1.952178,60.91274,0.0049,0.0196,234.5386
"2026-10-07 08:37:00",1232,11.98299,-1.908807,60.51744,0.1159667,0.1568,200.9241
"2026-10-07 08:38:00",1233,11.98383,-1.897743,61.04247,0.1094333,0.1568,245.9558
"2026-10-07 08:39:00",1234,11.98215,-1.998982,62.24668,0.1992667,0.2548,247.8587
"2026-10-07 08:40:00",1235,11.98635,-2.163564,62.11695,0.2025333,0.2744,255.0193
"2026-10-07 08:41:00",1236,11.98635,-2.187093,62.49699,0.1502667,0.196,266.9979
"2026-10-07 08:42:00",1237,11.98551,-2.232117,62.31994,0.1143333,0.1372,281.7896
"2026-10-07 08:43:00",1238,11.98803,-2.244456,62.95486,0.2335667,0.3332,281.1047
"2026-10-07 08:44:00",1239,11.98803,-2.286174,62.81445,0.3560667,0.4312,285.1337
"2026-10-07 08:45:00",1240,11.98383,-2.246491,62.68166,0.1747667,0.2548,312.2918
"2026-10-07 08:46:00",1241,11.99558,-2.264424,63.05865,0.1404667,0.1764,336.0626
"2026-10-07 08:47:00",1242,11.98383,-2.306651,62.8816,0.07186667,0.1372,7.765359
"2026-10-07 08:48:00",1243,11.97711,-2.26188,63.3578,0.07676667,0.1372,0.06068381
"2026-10-07 08:49:00",1244,11.98131,-2.340863,62.86787,0.02286667,0.0784,312.7101
"2026-10-07 08:50:00",1245,11.98551,-2.343535,62.83276,0,0,312.6668
"2026-10-07 08:51:00",1246,11.98299,-2.295076,62.5382,0.008166667,0.0392,207.9482
"2026-10-07 08:52:00",1247,11.98635,-2.255649,61.79033,0.08003334,0.1176,201.0107
"2026-10-07 08:53:00",1248,11.98299,-2.186585,61.73997,0.1078,0.2156,246.4759
"2026-10-07 08:54:00",1249,11.97963,-2.176792,61.01347,0.07186666,0.196,185.9308
"2026-10-07 08:55:00",1250,11.98551,-2.046679,60.72195,0.0882,0.098,247.1825
"2026-10-07 08:56:00",1251,11.97963,-2.044643,61.70944,0.1225,0.1568,251.0922
"2026-10-07 08:57:00",1252,11.98131,-2.140543,62.02995,0.1829333,0.3136,315.779
"2026-10-07 08:58:00",1253,11.97963,-2.211006,61.85443,0.1029,0.2548,313.8805
"2026-10-07 08:59:00",1254,11.98383,-2.22207,61.63771,0.09473333,0.1764,327.2244
"2026-10-07 09:00:00",1255,11.99306,-2.178064,61.64076,0.01143333,0.0588,86.41373
"2026-10-07 09:01:00",1256,11.98299,-2.19358,61.95669,0.0735,0.2744,89.27454
"2026-10-07 09:02:00",1257,11.98467,-2.2063,61.82391,0.2188667,0.2744,152.1083
"2026-10-07 09:03:00",1258,11.98215,-2.203118,62.18869,0.2237667,0.3332,151.4386
"2026-10-07 09:04:00",1259,11.98383,-2.232754,63.05559,0.3479,0.588,137.9776
"2026-10-07 09:05:00",1260,11.98719,-2.267096,61.74454,0.4426333,0.686,75.30643
"2026-10-07 09:06:00",1261,11.98131,-2.181751,61.73997,0.2499,0.392,25.7386
"2026-10-07 09:07:00",1262,11.98467,-2.175012,61.36298,0.0882,0.2352,148.4846
"2026-10-07 09:08:00",1263,11.98383,-2.118667,61.20731,0.0882,0.1764,160.487
"2026-10-07 09:09:00",1264,11.98215,-2.116886,61.09741,0.0882,0.2156,210.0505
"2026-10-07 09:10:00",1265,11.98635,-2.120193,60.00309,0.2842,0.3332,274.8261
"2026-10-07 09:11:00",1266,11.98719,-2.062831,59.56506,0.1012667,0.2352,203.1563
"2026-10-07 09:12:00",1267,11.98383,-1.999874,59.37122,0.07023334,0.2548,199.6562
"2026-10-07 09:13:00",1268,11.98383,-1.944928,59.78484,0.0931,0.1764,246.684
"2026-10-07 09:14:00",1269,11.98299,-2.047189,60.73875,0.1192333,0.1764,245.3685
"2026-10-07 09:15:00",1270,11.98803,-2.215076,61.40877,0.0441,0.098,278.7358
"2026-10-07 09:16:00",1271,11.99474,-2.303725,61.02262,0.1568,0.3136,194.7083
"2026-10-07 09:17:00",1272,11.97963,-2.27816,60.29918,0.1176,0.196,186.5052
"2026-10-07 09:18:00",1273,11.98215,-2.207571,60.31598,0.1535333,0.2352,201.6436
"2026-10-07 09:19:00",1274,11.98719,-2.165472,60.70211,0.1437333,0.1764,236.6387
"2026-10-07 09:20:00",1275,11.98299,-2.216857,61.17983,0.1078,0.1372,233.9556
"2026-10-07 09:21:00",1276,11.98215,-2.327382,61.73233,0.1143333,0.1372,243.9684
"2026-10-07 09:22:00",1277,11.98131,-2.400643,62.3001,0.1535333,0.2352,250.3857
"2026-10-07 09:23:00",1278,11.98803,-2.546527,62.2131,0.1878333,0.2352,263.6863
"2026-10-07 09:24:00",1279,11.98215,-2.546144,62.40999,0.1159667,0.1568,227.2868
"2026-10-07 09:25:00",1280,11.98299,-2.538513,62.5733,0.0588,0.1176,292.7105
"2026-10-07 09:26:00",1281,11.98467,-2.603252,62.81903,0.1225,0.2156,273.4564
"2026-10-07 09:27:00",1282,11.98551,-2.675241,63.16243,0.1862,0.2156,303.0961
"2026-10-07 09:28:00",1283,11.98383,-2.728914,63.41732,0.2009,0.2352,280.383
"2026-10-07 09:29:00",1284,11.98215,-2.722936,63.91182,0.2368333,0.3332,306.9799
"2026-10-07 09:30:00",1285,11.98299,-2.797214,64.10261,0.3070667,0.3528,311.1519
"2026-10-07 09:31:00",1286,11.98299,-2.824305,64.7421,0.2629667,0.294,314.1991
"2026-10-07 09:32:00",1287,11.97963,-2.811205,64.2125,0.2499,0.3332,314.626
"2026-10-07 09:33:00",1288,11.98299,-2.682364,63.21127,0.1568,0.2156,323.6397
"2026-10-07 09:34:00",1289,11.98131,-2.67753,64.82758,0.2139667,0.2548,296.8218
"2026-10-07 09:35:00",1290,11.97963,-2.907231,65.5556,0.2188667,0.2352,284.3925
"2026-10-07 09:36:00",1291,11.98383,-2.890696,64.23692,0.1633333,0.2352,264.1913
"2026-10-07 09:37:00",1292,11.97208,-2.781569,63.31811,0.1355667,0.1764,294.2319
"2026-10-07 09:38:00",1293,11.98131,-2.695973,62.46494,0.1829333,0.2156,261.3239
"2026-10-07 09:39:00",1294,11.9746,-2.629071,62.94265,0.2172333,0.2744,301.9929
"2026-10-07 09:40:00",1295,11.98215,-2.659596,62.97928,0.3462667,0.3724,309.5351
"2026-10-07 09:41:00",1296,11.98467,-2.665828,63.43563,0.3495333,0.392,318.0373
"2026-10-07 09:42:00",1297,11.97963,-2.757405,63.34711,0.3854667,0.4312,316.414
"2026-10-07 09:43:00",1298,11.98299,-2.757276,63.43716,0.3348334,0.4116,332.0964
"2026-10-07 09:44:00",1299,11.98047,-2.806243,63.84161,0.2662334,0.294,316.5137
"2026-10-07 09:45:00",1300,11.98299,-2.791363,63.15633,0.294,0.3332,316.5614
"2026-10-07 09:46:00",1301,11.97711,-2.680582,61.18441,0.2041667,0.294,339.812
"2026-10-07 09:47:00",1302,11.98215,-2.488784,60.54491,0.098,0.1372,330.4124
"2026-10-07 09:48:00",1303,11.98299,-2.403313,61.26835,0.1747667,0.2156,306.9191
"2026-10-07 09:49:00",1304,11.99138,-2.5581,61.93991,0.2433667,0.294,319.7625
"2026-10-07 09:50:00",1305,11.97963,-2.714923,63.05102,0.3103333,0.3724,305.7488
"2026-10-07 09:51:00",1306,11.98299,-2.797722,63.9973,0.3560667,0.392,304.1451
"2026-10-07 09:52:00",1307,11.98383,-2.88332,64.72531,0.3119667,0.3724,308.9239
"2026-10-07 09:53:00",1308,11.98467,-2.988757,64.66885,0.2891,0.3136,309.2013
"2026-10-07 09:54:00",1309,11.98551,-3.010254,65.12366,0.3266667,0.4116,315.8115
"2026-10-07 09:55:00",1310,11.96956,-3.006056,65.1954,0.3626,0.392,324.3528
"2026-10-07 09:56:00",1311,11.98383,-2.951874,64.6841,0.3201334,0.3528,323.9626
"2026-10-07 09:57:00",1312,11.97963,-2.930887,64.41549,0.2499,0.3136,317.3308
"2026-10-07 09:58:00",1313,11.98131,-2.920332,63.94998,0.2711333,0.3332,321.7823
"2026-10-07 09:59:00",1314,11.97879,-2.970444,64.34375,0.3756666,0.4116,320.8894
"2026-10-07 10:00:00",1315,11.98467,-2.98507,64.90694,0.3364667,0.3724,318.3559
"2026-10-07 10:01:00",1316,11.97795,-3.016739,64.74821,0.3331999,0.3528,309.7648
"2026-10-07 10:02:00",1317,11.98131,-3.003513,64.91,0.3185,0.3528,304.119
"2026-10-07 10:03:00",1318,11.98215,-2.96014,64.82147,0.2662334,0.3136,305.3024
"2026-10-07 10:04:00",1319,11.98131,-2.982017,64.86726,0.2597,0.294,316.362
"2026-10-07 10:05:00",1320,11.98215,-2.950094,64.51164,0.2466334,0.294,317.0533
"2026-10-07 10:06:00",1321,11.97963,-2.938774,65.23356,0.2482667,0.2744,313.9932
"2026-10-07 10:07:00",1322,11.98131,-3.078426,65.12825,0.2041667,0.2548,321.869
"2026-10-07 10:08:00",1323,11.98131,-3.032765,65.00462,0.1764,0.2352,285.7145
"2026-10-07 10:09:00",1324,11.97795,-3.091145,64.7589,0.1078,0.2156,334.9182
"2026-10-07 10:10:00",1325,11.98131,-3.154611,64.79552,0.1731333,0.2156,297.2097
"2026-10-07 10:11:00",1326,11.97963,-3.182592,65.13589,0.1976333,0.2352,304.0085
"2026-10-07 10:12:00",1327,11.98299,-3.119126,63.50431,0.2254,0.2744,312.9897
"2026-10-07 10:13:00",1328,11.98131,-2.878867,61.93686,0.1502667,0.1764,309.8862
"2026-10-07 10:14:00",1329,11.97963,-2.751299,61.40419,0.1796667,0.2548,305.1745
"2026-10-07 10:15:00",1330,11.97795,-2.789455,62.58093,0.294,0.3332,311.4293
"2026-10-07 10:16:00",1331,11.98131,-3.057694,64.15145,0.2678667,0.294,298.9956
"2026-10-07 10:17:00",1332,11.97963,-3.130572,64.1194,0.2678667,0.294,302.4329
"2026-10-07 10:18:00",1333,11.98299,-3.09356,62.99302,0.2384666,0.294,280.5759
"2026-10-07 10:19:00",1334,11.98215,-2.917279,62.69082,0.3168667,0.3724,296.8521
"2026-10-07 10:20:00",1335,11.98551,-2.8313,61.2943,0.2874667,0.3332,284.8129
"2026-10-07 10:21:00",1336,11.98299,-2.721792,61.58734,0.2662334,0.3528,321.1907
"2026-10-07 10:22:00",1337,11.98215,-2.755115,60.72348,0.1976333,0.294,329.8056
"2026-10-07 10:23:00",1338,11.98383,-2.697244,60.60443,0.1029,0.1764,322.3328
"2026-10-07 10:24:00",1339,11.98551,-2.714541,60.82727,0.2123333,0.294,304.9534
"2026-10-07 10:25:00",1340,11.98383,-2.820235,61.37061,0.2401,0.2744,305.7293
"2026-10-07 10:26:00",1341,11.98635,-2.825449,59.84741,0.2074333,0.294,286.1891
"2026-10-07 10:27:00",1342,11.97292,-2.693174,59.26744,0.1094333,0.1568,232.3214
"2026-10-07 10:28:00",1343,11.98383,-2.606305,58.84467,0.03266666,0.1176,316.8019
"2026-10-07 10:29:00",1344,11.98383,-2.540293,60.00004,0.07676666,0.1764,281.7679
"2026-10-07 10:30:00",1345,11.98299,-2.598038,61.56292,0.2368333,0.3332,250.0519
"2026-10-07 10:31:00",1346,11.98467,-2.754605,63.29675,0.2858333,0.3724,273.3892
"2026-10-07 10:32:00",1347,11.98551,-2.881412,63.01896,0.3005333,0.3724,256.3955
"2026-10-07 10:33:00",1348,11.98131,-2.901379,63.64626,0.3234,0.4116,253.7363
"2026-10-07 10:34:00",1349,11.98635,-2.957725,62.94265,0.2025333,0.3136,248.6215
"2026-10-07 10:35:00",1350,11.97795,-2.950475,62.95181,0.2172333,0.3136,299.6479
"2026-10-07 10:36:00",1351,11.98467,-2.922493,61.41488,0.1796667,0.294,248.4091
"2026-10-07 10:37:00",1352,11.97543,-2.796705,60.70364,0.0245,0.1372,99.23319
"2026-10-07 10:38:00",1353,11.98383,-2.692156,60.05651,0.02613333,0.0784,196.2926
"2026-10-07 10:39:00",1354,11.98971,-2.635431,60.24577,0.09963334,0.1568,346.9185
"2026-10-07 10:40:00",1355,11.98131,-2.656798,60.14656,0.1290333,0.2548,291.8609
"2026-10-07 10:41:00",1356,11.97795,-2.725734,61.43319,0.1633333,0.2156,302.4004
"2026-10-07 10:42:00",1357,11.97963,-2.937629,63.02813,0.2107,0.2744,276.4255
"2026-10-07 10:43:00",1358,11.97879,-3.240209,64.4277,0.2058,0.2548,258.3808
"2026-10-07 10:44:00",1359,11.97879,-3.385075,64.35596,0.2254,0.3136,220.5488
"2026-10-07 10:45:00",1360,11.97711,-3.271624,63.57605,0.1633333,0.196,247.9713
"2026-10-07 10:46:00",1361,11.98383,-3.197983,63.58368,0.1682333,0.2156,315.9546
"2026-10-07 10:47:00",1362,11.9746,-3.181703,63.10138,0.2090666,0.4312,264.4492
"2026-10-07 10:48:00",1363,11.97963,-3.101066,62.10626,0.2662333,0.3332,260.7236
"2026-10-07 10:49:00",1364,11.97879,-2.986724,62.4222,0.2368333,0.3136,254.1611
"2026-10-07 10:50:00",1365,11.98047,-3.017757,63.07544,0.3021667,0.3528,283.9893
"2026-10-07 10:51:00",1366,11.97879,-3.124976,63.62489,0.2417334,0.294,303.4775
"2026-10-07 10:52:00",1367,11.97963,-3.233341,63.02354,0.3348333,0.4116,289.8432
"2026-10-07 10:53:00",1368,11.98215,-3.267427,63.07086,0.2352,0.294,288.1093
"2026-10-07 10:54:00",1369,11.97795,-3.261957,62.97471,0.2090667,0.2744,316.7607
"2026-10-07 10:55:00",1370,11.98047,-3.20256,62.13069,0.2303,0.2744,315.4149
"2026-10-07 10:56:00",1371,11.98131,-3.180175,62.86634,0.2499,0.2744,314.8709
"2026-10-07 10:57:00",1372,11.98215,-3.258777,62.79309,0.2009,0.2548,350.035
"2026-10-07 10:58:00",1373,11.98131,-3.302022,62.8984,0.2499,0.3332,311.6547
"2026-10-07 10:59:00",1374,11.97963,-3.215407,61.71097,0.1731333,0.196,353.7194
"2026-10-07 11:00:00",1375,11.98047,-3.12345,62.62977,0.1633333,0.196,348.195
"2026-10-07 11:01:00",1376,11.97879,-3.208284,63.17465,0.1453667,0.2352,52.76673
"2026-10-07 11:02:00",1377,11.97292,-3.182338,62.76255,0.1192333,0.2548,81.54169
"2026-10-07 11:03:00",1378,11.98467,-3.218331,62.57483,0.07023333,0.1764,182.0471
"2026-10-07 11:04:00",1379,11.98299,-3.201797,62.07116,0,0,196.427
"2026-10-07 11:05:00",1380,11.97795,-3.145199,61.48966,0.008166667,0.0784,332.2004
"2026-10-07 11:06:00",1381,11.98299,-3.098776,61.42862,0.0637,0.1176,321.9536
"2026-10-07 11:07:00",1382,11.98131,-3.177505,61.78728,0.04246667,0.1176,305.4649
"2026-10-07 11:08:00",1383,11.98131,-3.289303,62.44205,0.1241333,0.2156,280.6062
"2026-10-07 11:09:00",1384,11.97543,-3.370957,63.08765,0.1159667,0.1568,308.031
"2026-10-07 11:10:00",1385,11.98131,-3.513916,63.79125,0.04246667,0.0784,291.0049
"2026-10-07 11:11:00",1386,11.98047,-3.570007,63.75309,0.03593334,0.0784,256.3219
"2026-10-07 11:12:00",1387,11.98047,-3.575221,63.70272,0.05553333,0.1176,265.6368
"2026-10-07 11:13:00",1388,11.97543,-3.586795,63.54705,0.1208667,0.1372,304.6544
"2026-10-07 11:14:00",1389,11.97879,-3.590739,63.86298,0.098,0.1176,292.368
"2026-10-07 11:15:00",1390,11.97124,-3.614013,63.72104,0.1110667,0.1372,285.5173
"2026-10-07 11:16:00",1391,11.98215,-3.59061,63.91793,0.1617,0.2352,276.5772
"2026-10-07 11:17:00",1392,11.98131,-3.659674,64.12703,0.2270333,0.294,321.143
"2026-10-07 11:18:00",1393,11.98131,-3.681932,63.86146,0.2646,0.3136,304.1429
"2026-10-07 11:19:00",1394,11.98215,-3.629658,63.9683,0.2319333,0.2744,260.3942
"2026-10-07 11:20:00",1395,11.98131,-3.599386,63.73478,0.2237667,0.2744,252.8347
"2026-10-07 11:21:00",1396,11.98047,-3.52778,63.19296,0.1796666,0.2156,262.0933
"2026-10-07 11:22:00",1397,11.97879,-3.41204,62.91671,0.0735,0.098,294.2644
"2026-10-07 11:23:00",1398,11.97627,-3.418398,63.08612,0.147,0.2156,327.8334
"2026-10-07 11:24:00",1399,11.97795,-3.503614,63.66916,0.1094333,0.2156,309.7041
"2026-10-07 11:25:00",1400,11.97963,-3.632964,63.96677,0.1633333,0.196,318.3819
"2026-10-07 11:26:00",1401,11.96788,-3.654459,64.33307,0.245,0.294,249.7138
"2026-10-07 11:27:00",1402,11.98551,-3.631311,64.68258,0.1829333,0.2744,245.8994
"2026-10-07 11:28:00",1403,11.98215,-3.664379,64.852,0.2433667,0.294,277.6197
"2026-10-07 11:29:00",1404,11.98131,-3.709912,65.0672,0.2041667,0.2548,254.5447
"2026-10-07 11:30:00",1405,11.97879,-3.795383,65.77386,0.1780333,0.2352,255.8646
"2026-10-07 11:31:00",1406,11.98467,-3.870932,65.65176,0.3070666,0.4116,231.344
"2026-10-07 11:32:00",1407,11.97963,-3.89586,64.89931,0.3642333,0.4508,244.1699
"2026-10-07 11:33:00",1408,11.97963,-3.814588,65.31903,0.3070666,0.392,225.7307
"2026-10-07 11:34:00",1409,11.97879,-3.802251,65.0321,0.2107,0.294,237.4275
"2026-10-07 11:35:00",1410,11.98047,-3.714236,64.20638,0.2923667,0.392,234.9287
"2026-10-07 11:36:00",1411,11.98047,-3.697322,64.19265,0.3283,0.4116,242.8002
"2026-10-07 11:37:00",1412,11.97795,-3.709531,64.35291,0.2482667,0.3332,239.9936
"2026-10-07 11:38:00",1413,11.98047,-3.807593,64.87183,0.294,0.3332,253.3549
"2026-10-07 11:39:00",1414,11.97963,-3.933509,65.46403,0.2205,0.3528,280.9118
"2026-10-07 11:40:00",1415,11.99138,-3.972809,65.30529,0.2074333,0.2352,261.3738
"2026-10-07 11:41:00",1416,11.97879,-3.854524,64.17434,0.1453667,0.196,296.7004
"2026-10-07 11:42:00",1417,11.98047,-3.630547,62.45272,0.1600666,0.2156,317.3351
"2026-10-07 11:43:00",1418,11.97711,-3.394486,62.07422,0.1176,0.1764,339.5042
"2026-10-07 11:44:00",1419,11.97711,-3.330639,61.66518,0.04246667,0.098,313.1371
"2026-10-07 11:45:00",1420,11.97963,-3.289811,61.31872,0.05226667,0.1568,233.1212
"2026-10-07 11:46:00",1421,11.97879,-3.249493,61.32635,0.0637,0.196,256.8788
"2026-10-07 11:47:00",1422,11.97963,-3.290829,61.30651,0.1894667,0.2744,252.0328
"2026-10-07 11:48:00",1423,11.98131,-3.302784,60.928,0.1568,0.2156,272.2037
"2026-10-07 11:49:00",1424,11.99138,-3.266664,60.42739,0.1829333,0.2352,235.5745
"2026-10-07 11:50:00",1425,11.97879,-3.16008,60.12061,0.1976333,0.2744,220.3776
"2026-10-07 11:51:00",1426,11.97963,-3.284596,61.95364,0.3593333,0.4116,244.8331
"2026-10-07 11:52:00",1427,11.97879,-3.565681,63.66916,0.3119666,0.3724,244.1656
"2026-10-07 11:53:00",1428,11.97963,-3.69287,63.90725,0.2678666,0.3724,218.0239
"2026-10-07 11:54:00",1429,11.98047,-3.765621,64.65206,0.2613333,0.3528,276.3367
"2026-10-07 11:55:00",1430,11.97963,-3.798054,64.41244,0.2303,0.3332,250.0606
"2026-10-07 11:56:00",1431,11.97879,-3.827689,64.56354,0.2809334,0.3332,243.8687
"2026-10-07 11:57:00",1432,11.97711,-3.801615,64.4399,0.1845667,0.2548,251.9418
"2026-10-07 11:58:00",1433,11.97208,-3.686383,63.95303,0.1894667,0.2352,239.274
"2026-10-07 11:59:00",1434,11.96284,-3.729244,64.26439,0.1600667,0.2156,240.8518
"2026-10-07 12:00:00",1435,11.95361,-3.698338,62.76408,0.2041667,0.2352,205.5642
"2026-10-07 12:01:00",1436,11.96284,-3.461515,62.01469,0.1388333,0.2352,312.3742
"2026-10-07 12:02:00",1437,11.95445,-3.356331,62.48478,0.08656668,0.1372,317.4109
"2026-10-07 12:03:00",1438,11.96704,-3.394868,63.1609,0.009800001,0.0588,40.24636
"2026-10-07 12:04:00",1439,11.97711,-3.403772,62.38251,0.07186667,0.1372,345.7568
"2026-10-07 12:05:00",1440,11.96956,-3.462277,62.3642,0.2058,0.2548,6.170243
"2026-10-07 12:06:00",1441,11.97208,-3.635508,63.94845,0.1943667,0.2352,59.72153
"2026-10-07 12:07:00",1442,11.97879,-3.617065,64.04156,0.1796667,0.2352,30.41125
"2026-10-07 12:08:00",1443,11.97795,-3.575348,63.28148,0.1323,0.1764,34.21049
"2026-10-07 12:09:00",1444,11.97543,-3.493693,62.19479,0.008166667,0.0588,286.0808
"2026-10-07 12:10:00",1445,11.97627,-3.391308,61.73997,0.08003333,0.1372,132.1953
"2026-10-07 12:11:00",1446,11.97711,-3.317793,61.51713,0.0931,0.1372,58.83511
"2026-10-07 12:12:00",1447,11.97376,-3.360528,62.52446,0.09309999,0.1176,55.0207
"2026-10-07 12:13:00",1448,11.97376,-3.511119,62.99607,0.003266667,0.0196,"NAN"
"2026-10-07 12:14:00",1449,11.97711,-3.547493,63.23721,0.001633333,0.0196,0.05201467
"2026-10-07 12:15:00",1450,11.97543,-3.619228,63.44174,0,0,328.4966
"2026-10-07 12:16:00",1451,11.97963,-3.681931,63.08459,0.02613333,0.0784,337.4453
"2026-10-07 12:17:00",1452,11.97711,-3.636017,62.76103,0.0294,0.0784,341.4157
"2026-10-07 12:18:00",1453,11.9746,-3.569243,62.40847,0.006533334,0.0588,336.8644
"2026-10-07 12:19:00",1454,11.98047,-3.481611,62.28026,0.04736667,0.1568,323.1239
"2026-10-07 12:20:00",1455,11.97711,-3.528798,62.45425,0.08656666,0.1372,318.0265
"2026-10-07 12:21:00",1456,11.97879,-3.530705,62.352,0.0049,0.0392,345.9323
"2026-10-07 12:22:00",1457,11.97963,-3.488606,62.48325,0.0147,0.0784,19.31479
"2026-10-07 12:23:00",1458,11.9746,-3.509465,62.76103,0,0,49.30775
"2026-10-07 12:24:00",1459,11.97795,-3.507175,62.62977,0.0098,0.0784,4.91322
"2026-10-07 12:25:00",1460,11.97795,-3.471308,62.23295,0.05880001,0.1176,"NAN"
"2026-10-07 12:26:00",1461,11.97879,-3.481866,61.92923,0.1649667,0.196,340.9021
"2026-10-07 12:27:00",1462,11.97124,-3.485044,62.8755,0.2139667,0.2548,327.7423
"2026-10-07 12:28:00",1463,11.97879,-3.501707,63.24638,0.1976333,0.2156,323.9301
"2026-10-07 12:29:00",1464,11.97711,-3.59964,63.57605,0.2188667,0.2548,323.5292
"2026-10-07 12:30:00",1465,11.9746,-3.703171,63.63557,0.2090667,0.2352,328.2994
"2026-10-07 12:31:00",1466,11.97879,-3.645174,63.13801,0.1453667,0.1764,337.5753
"2026-10-07 12:32:00",1467,11.97963,-3.619482,62.20395,0.09473334,0.1176,330.432
"2026-10-07 12:33:00",1468,11.97711,-3.489623,61.51408,0.1078,0.1372,310.61
"2026-10-07 12:34:00",1469,11.97795,-3.40428,61.34924,0.1339333,0.2352,324.9596
"2026-10-07 12:35:00",1470,11.97627,-3.39754,61.61787,0.1715,0.2156,347.2955
"2026-10-07 12:36:00",1471,11.98131,-3.353914,61.33093,0.1257667,0.1764,311.7739
"2026-10-07 12:37:00",1472,11.96536,-3.280018,60.79216,0.1372,0.1764,307.2897
"2026-10-07 12:38:00",1473,11.97963,-3.292482,60.90815,0.1568,0.1764,308.2975
"2026-10-07 12:39:00",1474,11.97963,-3.42603,61.25309,0.1813,0.2352,296.6961
"2026-10-07 12:40:00",1475,11.97711,-3.406188,61.58276,0.196,0.2156,307.7969
"2026-10-07 12:41:00",1476,11.97711,-3.425267,62.45272,0.1698666,0.196,304.6327
"2026-10-07 12:42:00",1477,11.97963,-3.548384,62.13221,0.2401,0.2744,329.4784
"2026-10-07 12:43:00",1478,11.98383,-3.532358,61.46524,0.2074333,0.2548,333.5225
"2026-10-07 12:44:00",1479,11.97711,-3.405297,60.81659,0.147,0.2156,336.3681
"2026-10-07 12:45:00",1480,11.98047,-3.297952,60.08246,0.1698666,0.2156,335.3279
"2026-10-07 12:46:00",1481,11.97627,-3.203069,59.62763,0.1208667,0.1568,343.5483
"2026-10-07 12:47:00",1482,11.97879,-3.176106,59.58948,0.09800001,0.1372,335.3322
"2026-10-07 12:48:00",1483,11.97711,-3.187553,60.26103,0.1568,0.196,340.1305
"2026-10-07 12:49:00",1484,11.97376,-3.245423,60.05498,0.1600667,0.196,329.6842
"2026-10-07 12:50:00",1485,11.97627,-3.173562,60.45028,0.1584333,0.1764,350.087
"2026-10-07 12:51:00",1486,11.97795,-3.240972,61.01957,0.09636667,0.1568,286.9802
"2026-10-07 12:52:00",1487,11.98299,-3.278238,61.34009,0.098,0.1764,327.6492
"2026-10-07 12:53:00",1488,11.97963,-3.407842,62.31384,0.1813,0.196,317.7556
"2026-10-07 12:54:00",1489,11.97795,-3.522183,62.5443,0.098,0.1372,312.7274
"2026-10-07 12:55:00",1490,11.97879,-3.499545,62.5092,0.008166667,0.0588,247.3559
"2026-10-07 12:56:00",1491,11.97543,-3.545967,62.19937,0.0441,0.1176,16.03786
"2026-10-07 12:57:00",1492,11.97711,-3.479957,61.14778,0.1029,0.196,23.20722
"2026-10-07 12:58:00",1493,11.98047,-3.454774,60.9341,0.1306667,0.2548,348.0974
"2026-10-07 12:59:00",1494,11.97543,-3.405934,62.79613,0.2254,0.2744,329.253
"2026-10-07 13:00:00",1495,11.97711,-3.513408,62.82513,0.2156,0.2548,329.979
"2026-10-07 13:01:00",1496,11.97543,-3.618083,64.1255,0.2139667,0.2352,322.5323
"2026-10-07 13:02:00",1497,11.97711,-3.721614,64.4399,0.196,0.2156,329.9985
"2026-10-07 13:03:00",1498,11.97795,-3.744507,63.84467,0.1453667,0.1764,336.2143
"2026-10-07 13:04:00",1499,11.98047,-3.647082,63.41885,0.1568,0.196,329.0774
"2026-10-07 13:05:00",1500,11.98551,-3.575475,62.07269,0.1192333,0.1372,328.9972
"2026-10-07 13:06:00",1501,11.97627,-3.472708,63.15023,0.2221333,0.294,326.8538
"2026-10-07 13:07:00",1502,11.97879,-3.632837,64.04766,0.2221334,0.2744,322.5127
"2026-10-07 13:08:00",1503,11.98467,-3.749213,63.35017,0.2156,0.2352,339.9377
"2026-10-07 13:09:00",1504,11.97879,-3.67519,63.74088,0.1600667,0.196,312.5887
"2026-10-07 13:10:00",1505,11.97711,-3.681677,64.00797,0.05716667,0.1568,275.6627
"2026-10-07 13:11:00",1506,11.97879,-3.727337,63.84161,0.0833,0.1372,292.5869
"2026-10-07 13:12:00",1507,11.97795,-3.759898,63.4051,0.09636667,0.1176,247.98
"2026-10-07 13:13:00",1508,11.97879,-3.773125,64.08734,0.1666,0.2156,283.6513
"2026-10-07 13:14:00",1509,11.98215,-3.789914,63.53026,0.1486333,0.2156,267.8735
"2026-10-07 13:15:00",1510,11.97627,-3.72721,62.71371,0.1323,0.2156,290.554
"2026-10-07 13:16:00",1511,11.97795,-3.647717,62.5382,0.0441,0.098,292.1925
"2026-10-07 13:17:00",1512,11.97711,-3.549148,62.39778,0.07023333,0.098,264.0916
"2026-10-07 13:18:00",1513,11.97879,-3.448542,62.41762,0.1290333,0.196,329.9877
"2026-10-07 13:19:00",1514,11.98803,-3.379479,60.63343,0.1486333,0.196,340.4448
"2026-10-07 13:20:00",1515,11.97795,-3.23601,61.39045,0.2139667,0.2744,329.9638
"2026-10-07 13:21:00",1516,11.97543,-3.165803,62.08643,0.2711333,0.294,322.257
"2026-10-07 13:22:00",1517,11.97711,-3.176996,60.51591,0.2629667,0.294,324.8989
"2026-10-07 13:23:00",1518,11.96704,-3.045612,59.88251,0.2466333,0.3136,324.0276
"2026-10-07 13:24:00",1519,11.97795,-2.986977,59.85504,0.2384667,0.294,326.4138
"2026-10-07 13:25:00",1520,11.97795,-3.008981,60.88068,0.2744,0.392,312.5887
"2026-10-07 13:26:00",1521,11.97879,-3.145581,60.55712,0.3511666,0.4508,318.1652
"2026-10-07 13:27:00",1522,11.9746,-3.182592,61.91854,0.2874667,0.3332,321.8885
"2026-10-07 13:28:00",1523,11.97543,-3.22024,60.62885,0.3217666,0.3724,314.4353
"2026-10-07 13:29:00",1524,11.97879,-3.211718,62.31842,0.2531667,0.3136,327.9158
"2026-10-07 13:30:00",1525,11.98047,-3.277729,61.51103,0.2531667,0.3136,326.9362
"2026-10-07 13:31:00",1526,11.98131,-3.245296,59.15602,0.1747667,0.294,51.97134
"2026-10-07 13:32:00",1527,11.97795,-3.087965,58.61878,0.008166667,0.0588,350.6396
"2026-10-07 13:33:00",1528,11.97879,-2.987868,58.7714,0.0245,0.0784,8.196648
"2026-10-07 13:34:00",1529,11.98635,-3.010381,59.91304,0.1045333,0.2156,329.0492
"2026-10-07 13:35:00",1530,11.97711,-3.170001,59.39564,0.245,0.294,337.3824
"2026-10-07 13:36:00",1531,11.97711,-3.068505,57.44815,0.1372,0.2352,320.2826
"2026-10-07 13:37:00",1532,11.97543,-2.946786,57.16578,0,0,320.4538
"2026-10-07 13:38:00",1533,11.97879,-2.821252,57.92891,0.0343,0.1372,318.5531
"2026-10-07 13:39:00",1534,11.97795,-3.022717,59.43074,0.1372,0.1568,301.6743
"2026-10-07 13:40:00",1535,11.97711,-3.224056,59.16365,0.08493333,0.1176,300.7468
"2026-10-07 13:41:00",1536,11.97376,-3.218459,59.8871,0.0833,0.1176,316.5419
"2026-10-07 13:42:00",1537,11.97879,-3.381006,60.67617,0.0784,0.1176,309.2967
"2026-10-07 13:43:00",1538,11.97711,-3.478685,60.54949,0.02123333,0.0784,311.2429
"2026-10-07 13:44:00",1539,11.97627,-3.476014,60.62733,0,0,302.9205
"2026-10-07 13:45:00",1540,11.97711,-3.447905,60.30377,0.01633333,0.0588,298.5101
"2026-10-07 13:46:00",1541,11.97543,-3.480721,60.19998,0.0196,0.0588,229.1593
"2026-10-07 13:47:00",1542,11.9746,-3.476396,60.35719,0.06533333,0.1176,232.0982
"2026-10-07 13:48:00",1543,11.9746,-3.496365,60.39991,0.0539,0.1176,273.8486
"2026-10-07 13:49:00",1544,11.97879,-3.56848,60.25492,0.0441,0.1372,324.2812
"2026-10-07 13:50:00",1545,11.97292,-3.489114,59.8993,0.1927333,0.2156,347.7008
"2026-10-07 13:51:00",1546,11.98131,-3.378589,58.33642,0.1421,0.196,345.941
"2026-10-07 13:52:00",1547,11.97543,-3.245168,58.54094,0.1176,0.1568,353.5677
"2026-10-07 13:53:00",1548,11.97879,-3.26183,59.22775,0.1176,0.1372,"NAN"
"2026-10-07 13:54:00",1549,11.97963,-3.300368,59.27964,0.0343,0.0784,22.06289
"2026-10-07 13:55:00",1550,11.98047,-3.333182,59.67647,0.001633333,0.0196,38.93299
"2026-10-07 13:56:00",1551,11.9746,-3.381132,60.17403,0.07023333,0.1176,15.67159
"2026-10-07 13:57:00",1552,11.97627,-3.445871,59.99241,0.04083334,0.098,27.22535
"2026-10-07 13:58:00",1553,11.97795,-3.424376,59.04308,0,0,44.35769
"2026-10-07 13:59:00",1554,11.98299,-3.313724,59.32086,0.01143333,0.0392,333.9126
"2026-10-07 14:00:00",1555,11.97208,-3.298841,59.07055,0.03103334,0.098,342.1179
"2026-10-07 14:01:00",1556,11.9746,-3.276966,58.74393,0,0,129.3584
"2026-10-07 14:02:00",1557,11.98719,-3.233467,58.35474,0,0,102.6033
"2026-10-07 14:03:00",1558,11.97543,-3.197092,58.10138,0,0,102.6727
"2026-10-07 14:04:00",1559,11.97711,-3.188315,58.16854,0.008166666,0.098,297.9206
"2026-10-07 14:05:00",1560,11.98047,-3.240844,58.55773,0.03103334,0.098,294.8084
"2026-10-07 14:06:00",1561,11.97711,-3.40161,59.35138,0.1731333,0.196,330.2824
"2026-10-07 14:07:00",1562,11.98047,-3.522946,59.73142,0.2205,0.2744,329.3938
"2026-10-07 14:08:00",1563,11.98047,-3.545331,60.28698,0.1943667,0.2156,317.5258
"2026-10-07 14:09:00",1564,11.97879,-3.562248,60.46707,0.1715,0.196,302.227
"2026-10-07 14:10:00",1565,11.97208,-3.624189,60.09619,0.09473333,0.1764,191.8193
"2026-10-07 14:11:00",1566,11.97543,-3.60511,59.68258,0.0147,0.0588,213.568
"2026-10-07 14:12:00",1567,11.9746,-3.622916,59.79705,0.02613333,0.0784,209.1511
"2026-10-07 14:13:00",1568,11.97627,-3.574585,59.96188,0.03593333,0.098,27.01946
"2026-10-07 14:14:00",1569,11.97627,-3.636907,59.88099,0.1225,0.2352,75.96745
"2026-10-07 14:15:00",1570,11.97711,-3.613377,59.69784,0.0245,0.098,43.96975
"2026-10-07 14:16:00",1571,11.97879,-3.588066,59.70395,0.01306667,0.0588,31.18064
"2026-10-07 14:17:00",1572,11.97627,-3.434424,59.48264,0.0343,0.098,253.1035
"2026-10-07 14:18:00",1573,11.97711,-3.361418,58.67373,0.0343,0.098,294.609
"2026-10-07 14:19:00",1574,11.9746,-3.284851,58.60809,0.02286667,0.098,322.3307
"2026-10-07 14:20:00",1575,11.9746,-3.362182,59.16213,0.1110667,0.196,341.9077
"2026-10-07 14:21:00",1576,11.97711,-3.485172,59.78789,0.1453667,0.196,331.184
"2026-10-07 14:22:00",1577,11.97376,-3.545078,59.85963,0.1110667,0.1764,307.9595
"2026-10-07 14:23:00",1578,11.97627,-3.550037,59.54827,0.0637,0.1176,266.3044
"2026-10-07 14:24:00",1579,11.9746,-3.564156,59.30559,0.0098,0.0588,301.1975
"2026-10-07 14:25:00",1580,11.97376,-3.541262,59.84589,0.07513333,0.1372,332.4389
"2026-10-07 14:26:00",1581,11.98215,-3.54813,59.45059,0.0147,0.0588,277.7931
"2026-10-07 14:27:00",1582,11.97627,-3.54177,59.30407,0.01306667,0.0588,228.2383
"2026-10-07 14:28:00",1583,11.97627,-3.567081,59.57269,0.1372,0.1764,236.3071
"2026-10-07 14:29:00",1584,11.97543,-3.614649,59.4979,0.2139667,0.2744,233.0843
"2026-10-07 14:30:00",1585,11.98635,-3.693632,60.07788,0.2139667,0.294,243.7603
"2026-10-07 14:31:00",1586,11.97627,-3.762187,60.97684,0.1274,0.2156,286.9455
"2026-10-07 14:32:00",1587,11.97711,-3.826798,60.94784,0.09473334,0.196,354.272
"2026-10-07 14:33:00",1588,11.97711,-3.775922,60.6777,0.0294,0.0784,236.4739
"2026-10-07 14:34:00",1589,11.97627,-3.721105,60.4747,0,0,236.5151
"2026-10-07 14:35:00",1590,11.9746,-3.685493,60.15571,0.02776667,0.0784,253.693
"2026-10-07 14:36:00",1591,11.97711,-3.684856,60.16488,0.006533334,0.0196,320.2956
"2026-10-07 14:37:00",1592,11.97376,-3.70419,60.83795,0.0245,0.0784,307.2291
"2026-10-07 14:38:00",1593,11.97627,-3.835701,61.30651,0.07513333,0.098,286.5207
"2026-10-07 14:39:00",1594,11.97711,-3.941776,61.53087,0.0441,0.1176,232.6617
"2026-10-07 14:40:00",1595,11.97963,-4.012619,62.30316,0.09963334,0.1764,253.1793
"2026-10-07 14:41:00",1596,11.9746,-4.194244,63.42495,0.1486333,0.1764,290.8705
"2026-10-07 14:42:00",1597,11.97711,-4.405502,64.16824,0.1388333,0.1568,302.3354
"2026-10-07 14:43:00",1598,11.97711,-4.436536,64.22318,0.1012667,0.1372,315.3174
"2026-10-07 14:44:00",1599,11.97795,-4.403722,63.9744,0.08493333,0.1176,309.1536
"2026-10-07 14:45:00",1600,11.97543,-4.316598,63.48447,0.1159667,0.1372,258.5802
"2026-10-07 14:46:00",1601,11.97376,-4.270683,63.22348,0.1486333,0.2744,256.673
"2026-10-07 14:47:00",1602,11.97543,-4.268522,63.18838,0.2254,0.2744,260.0214
"2026-10-07 14:48:00",1603,11.97879,-4.278187,63.34558,0.1617,0.2156,302.9162
"2026-10-07 14:49:00",1604,11.9746,-4.278441,63.51194,0.1274,0.196,337.053
"2026-10-07 14:50:00",1605,11.9746,-4.306424,63.50889,0.1584333,0.2352,343.156
"2026-10-07 14:51:00",1606,11.9746,-4.204163,62.82819,0.2221333,0.2548,325.8698
"2026-10-07 14:52:00",1607,11.97292,-4.018089,61.99027,0.1796667,0.2352,325.937
"2026-10-07 14:53:00",1608,11.97292,-3.996339,61.79491,0.0833,0.098,319.9337
"2026-10-07 14:54:00",1609,11.97124,-3.972428,61.29888,0.0686,0.1372,313.0331
"2026-10-07 14:55:00",1610,11.9746,-3.882506,61.18288,0.05716667,0.1568,266.0529
"2026-10-07 14:56:00",1611,11.97208,-3.858722,61.01805,0.098,0.1372,281.6357
"2026-10-07 14:57:00",1612,11.97963,-3.863047,60.82574,0.07513333,0.1372,297.9033
"2026-10-07 14:58:00",1613,11.97376,-3.884795,61.04399,0.1747667,0.2156,291.4643
"2026-10-07 14:59:00",1614,11.9746,-4.0275,61.86817,0.2009,0.2156,302.2617
"2026-10-07 15:00:00",1615,11.9746,-4.138535,62.71524,0.2074333,0.2548,318.0568
"2026-10-07 15:01:00",1616,11.97543,-4.18623,62.74119,0.2172333,0.294,318.5033
"2026-10-07 15:02:00",1617,11.97627,-4.172494,62.92434,0.2041667,0.2352,324.9617
"2026-10-07 15:03:00",1618,11.97376,-4.059296,61.08062,0.1437333,0.1764,312.3828
"2026-10-07 15:04:00",1619,11.98131,-3.900567,61.65907,0.1290333,0.1568,354.4238
"2026-10-07 15:05:00",1620,11.97292,-3.932619,61.2882,0.09146667,0.1372,333.7501
"2026-10-07 15:06:00",1621,11.97627,-3.864446,60.76622,0.1519,0.196,341.277
"2026-10-07 15:07:00",1622,11.9746,-3.805812,60.14045,0.1127,0.1568,339.0057
"2026-10-07 15:08:00",1623,11.97543,-3.727209,59.60168,0.1355667,0.1764,330.8307
"2026-10-07 15:09:00",1624,11.9746,-3.696685,59.91762,0.1372,0.1764,329.1229
"2026-10-07 15:10:00",1625,11.97543,-3.725302,60.4335,0.1502667,0.196,311.7739
"2026-10-07 15:11:00",1626,11.97376,-3.862283,61.45303,0.1764,0.196,323.488
"2026-10-07 15:12:00",1627,11.97208,-4.023685,61.1722,0.2074333,0.2548,335.9369
"2026-10-07 15:13:00",1628,11.97208,-3.898658,60.3587,0.1731333,0.2156,326.9535
"2026-10-07 15:14:00",1629,11.97292,-3.740056,60.03667,0.09963333,0.1372,341.8297
"2026-10-07 15:15:00",1630,11.97711,-3.715891,60.27324,0.1666,0.196,317.3221
"2026-10-07 15:16:00",1631,11.9746,-3.78101,60.36024,0.1927333,0.2156,294.6198
"2026-10-07 15:17:00",1632,11.97795,-3.86966,61.40113,0.1780333,0.2548,319.7516
"2026-10-07 15:18:00",1633,11.97543,-4.021522,60.87916,0.2172334,0.2352,344.3351
"2026-10-07 15:19:00",1634,11.97292,-3.852744,59.96341,0.1780333,0.2156,331.236
"2026-10-07 15:20:00",1635,11.97292,-3.645047,59.8291,0.1682333,0.2156,330.1935
"2026-10-07 15:21:00",1636,11.9746,-3.669848,60.72653,0.2156,0.2548,321.4312
"2026-10-07 15:22:00",1637,11.97376,-3.871567,61.10962,0.2319333,0.2548,306.1043
"2026-10-07 15:23:00",1638,11.97124,-3.904382,61.57513,0.2433667,0.2744,311.0045
"2026-10-07 15:24:00",1639,11.9746,-3.924351,61.32025,0.2368333,0.294,302.7905
"2026-10-07 15:25:00",1640,11.97208,-3.88683,61.64076,0.2188667,0.2352,301.9951
"2026-10-07 15:26:00",1641,11.97292,-3.912142,60.87611,0.1943667,0.2744,301.7198
"2026-10-07 15:27:00",1642,11.97627,-3.864445,61.13557,0.2760333,0.3136,307.526
"2026-10-07 15:28:00",1643,11.97208,-3.848548,61.54613,0.2531666,0.294,296.6224
"2026-10-07 15:29:00",1644,11.97292,-3.882125,61.48814,0.1813,0.2156,297.472
"2026-10-07 15:30:00",1645,11.9746,-3.963525,61.2882,0.1372,0.1568,277.3076
"2026-10-07 15:31:00",1646,11.96368,-3.906163,60.27171,0.1290333,0.196,317.5995
"2026-10-07 15:32:00",1647,11.97124,-3.791822,60.3465,0.1078,0.1568,268.5518
"2026-10-07 15:33:00",1648,11.9746,-3.787244,59.90846,0.1339333,0.2156,290.6494
"2026-10-07 15:34:00",1649,11.97376,-3.675062,59.74058,0.1159667,0.1568,315.079
"2026-10-07 15:35:00",1650,11.97711,-3.602948,59.64137,0.1110667,0.1568,301.9973
"2026-10-07 15:36:00",1651,11.97292,-3.605746,59.78025,0.1404667,0.2352,324.3333
"2026-10-07 15:37:00",1652,11.97711,-3.665397,59.88404,0.1388333,0.2156,320.2913
"2026-10-07 15:38:00",1653,11.97376,-3.637034,59.50706,0.1649667,0.2156,338.7478
"2026-10-07 15:39:00",1654,11.97208,-3.562502,59.71005,0.04246667,0.0784,287.8579
"2026-10-07 15:40:00",1655,11.97627,-3.549275,60.12214,0.0294,0.0784,4.588129
"2026-10-07 15:41:00",1656,11.9704,-3.641104,59.73142,0.008166667,0.0588,26.25008
"2026-10-07 15:42:00",1657,11.97124,-3.597224,59.71768,0,0,284.7262
"2026-10-07 15:43:00",1658,11.97208,-3.599641,59.35291,0,0,278.1225
"2026-10-07 15:44:00",1659,11.97543,-3.58247,58.89351,0.006533334,0.0392,60.69247
"2026-10-07 15:45:00",1660,11.97376,-3.512643,58.60199,0,0,120.6914
"2026-10-07 15:46:00",1661,11.9704,-3.452612,58.49363,0.07186667,0.1372,275.8035
"2026-10-07 15:47:00",1662,11.97543,-3.378462,58.21737,0.01143333,0.0588,287.7431
"2026-10-07 15:48:00",1663,11.97627,-3.354168,58.72867,0.08166667,0.1176,10.47229
"2026-10-07 15:49:00",1664,11.97376,-3.481102,59.42464,0.03593334,0.098,8.636605
"2026-10-07 15:50:00",1665,11.97376,-3.566826,59.67495,0,0,59.78872
"2026-10-07 15:51:00",1666,11.9746,-3.58654,60.85016,0.0098,0.0588,54.87549
"2026-10-07 15:52:00",1667,11.96956,-3.63627,60.96463,0.04083333,0.1176,316.7153
"2026-10-07 15:53:00",1668,11.97208,-3.766892,60.63038,0.04736666,0.1372,308.8524
"2026-10-07 15:54:00",1669,11.97376,-3.804414,61.07757,0.1306667,0.2744,337.4084
"2026-10-07 15:55:00",1670,11.97292,-3.840662,60.86848,0.2172333,0.2548,337.7747
"2026-10-07 15:56:00",1671,11.98551,-3.814715,61.04857,0.1845667,0.2352,336.4548
"2026-10-07 15:57:00",1672,11.97543,-3.770327,60.72501,0.1780333,0.2156,341.4439
"2026-10-07 15:58:00",1673,11.97543,-3.752139,61.13251,0.1421,0.2548,50.03596
"2026-10-07 15:59:00",1674,11.97376,-3.768928,61.57055,0.04246667,0.0784,318.5618
"2026-10-07 16:00:00",1675,11.96536,-3.781392,61.19052,0.07023334,0.1176,352.1307
"2026-10-07 16:01:00",1676,11.97124,-3.860122,61.86054,0.2041667,0.2548,331.2035
"2026-10-07 16:02:00",1677,11.97124,-3.883015,61.72012,0.1698667,0.2156,"NAN"
"2026-10-07 16:03:00",1678,11.97208,-3.89497,61.75065,0.06860001,0.1372,"NAN"
"2026-10-07 16:04:00",1679,11.97292,-3.971791,62.82513,0.06696667,0.1176,93.08895
"2026-10-07 16:05:00",1680,11.97795,-4.086643,63.22501,0.0196,0.0784,72.4868
"2026-10-07 16:06:00",1681,11.97376,-4.164989,64.00187,0.02123334,0.0784,13.43713
"2026-10-07 16:07:00",1682,11.97208,-4.258218,64.56811,0.04410001,0.0784,19.67672
"2026-10-07 16:08:00",1683,11.97376,-4.327919,64.90236,0.0735,0.1176,0.1950551
"2026-10-07 16:09:00",1684,11.97208,-4.399525,65.23814,0.0049,0.0392,353.3683
"2026-10-07 16:10:00",1685,11.9704,-4.39609,65.39839,0.008166667,0.0588,336.6651
"2026-10-07 16:11:00",1686,11.97208,-4.432721,65.25035,0.01633333,0.0784,337.5428
"2026-10-07 16:12:00",1687,11.97208,-4.405884,65.06109,0.03103334,0.0588,342.0833
"2026-10-07 16:13:00",1688,11.97879,-4.41644,64.77721,0.07513333,0.098,342.1483
"2026-10-07 16:14:00",1689,11.97292,-4.38884,64.24454,0.07513335,0.098,"NAN"
"2026-10-07 16:15:00",1690,11.97208,-4.27984,63.25248,0.07186667,0.1176,63.87403
"2026-10-07 16:16:00",1691,11.97292,-4.12658,62.58551,0.04736667,0.1568,325.4256
"2026-10-07 16:17:00",1692,11.97376,-4.094783,62.35962,0.1551667,0.2156,343.8756
"2026-10-07 16:18:00",1693,11.97376,-4.123273,62.39167,0.06533333,0.1176,345.2128
"2026-10-07 16:19:00",1694,11.97627,-4.083462,62.15205,0.0147,0.0588,331.5394
"2026-10-07 16:20:00",1695,11.97376,-4.037166,61.67891,0.0931,0.1568,347.7507
"2026-10-07 16:21:00",1696,11.97292,-4.018724,62.16121,0.1029,0.1568,4.750674
"2026-10-07 16:22:00",1697,11.97376,-4.040854,62.16121,0.04246667,0.098,68.11106
"2026-10-07 16:23:00",1698,11.97376,-4.004224,61.72165,0,0,68.14358
"2026-10-07 16:24:00",1699,11.97376,-3.967086,61.76133,0,0,276.6163
"2026-10-07 16:25:00",1700,11.97376,-4.003971,62.09406,0.07186667,0.1372,18.08377
"2026-10-07 16:26:00",1701,11.97124,-3.99227,61.34924,0.09473334,0.1568,341.4331
"2026-10-07 16:27:00",1702,11.97124,-3.89497,61.66823,0.1535333,0.1764,16.88744
"2026-10-07 16:28:00",1703,11.97208,-4.003716,62.6603,0.08656666,0.1568,5.704278
"2026-10-07 16:29:00",1704,11.9704,-4.077739,61.87275,0.01143333,0.098,312.7361
"2026-10-07 16:30:00",1705,11.96956,-4.039583,61.99485,0.07186666,0.1176,336.3161
"2026-10-07 16:31:00",1706,11.9746,-4.067819,61.60719,0.1437333,0.196,339.0555
"2026-10-07 16:32:00",1707,11.97124,-4.048995,61.93074,0.2090667,0.2744,336.5783
"2026-10-07 16:33:00",1708,11.97124,-4.056371,61.78881,0.2254,0.2744,331.4528
"2026-10-07 16:34:00",1709,11.9704,-4.084735,61.99943,0.2646,0.294,329.8425
"2026-10-07 16:35:00",1710,11.97208,-4.069471,61.62855,0.2286667,0.2548,332.2871
"2026-10-07 16:36:00",1711,11.96956,-4.020123,61.06536,0.1617,0.196,339.8423
"2026-10-07 16:37:00",1712,11.97124,-4.00168,61.53392,0.1731333,0.196,41.48822
"2026-10-07 16:38:00",1713,11.96704,-4.077357,62.48783,0.1192333,0.1568,21.01393
"2026-10-07 16:39:00",1714,11.9704,-4.095419,62.47104,0.05553333,0.098,39.11288
"2026-10-07 16:40:00",1715,11.96956,-4.067056,62.178,0.0245,0.0588,29.11089
"2026-10-07 16:41:00",1716,11.97208,-4.111318,62.34589,0.008166667,0.0588,350.0328
"2026-10-07 16:42:00",1717,11.97627,-4.186231,62.3932,0.1404667,0.196,344.9766
"2026-10-07 16:43:00",1718,11.9746,-4.194752,62.265,0.07023334,0.1372,294.1474
"2026-10-07 16:44:00",1719,11.9704,-4.163973,62.10016,0,0,336.3313
"2026-10-07 16:45:00",1720,11.9704,-4.230238,62.15969,0.006533334,0.0392,271.6705
"2026-10-07 16:46:00",1721,11.97124,-4.277678,62.18563,0.01633333,0.0588,198.2648
"2026-10-07 16:47:00",1722,11.97124,-4.38477,62.48935,0.06696666,0.098,252.2409
"2026-10-07 16:48:00",1723,11.97292,-4.527093,63.41274,0.05063334,0.0784,317.9658
"2026-10-07 16:49:00",1724,11.97124,-4.620068,63.95609,0.01796667,0.0588,347.5817
"2026-10-07 16:50:00",1725,11.97543,-4.633804,64.11481,0.006533334,0.0392,326.8776
"2026-10-07 16:51:00",1726,11.97292,-4.656317,63.84009,0.1339333,0.196,295.4326
"2026-10-07 16:52:00",1727,11.97292,-4.743694,64.12093,0.06370001,0.1176,312.7816
"2026-10-07 16:53:00",1728,11.97376,-4.75476,64.28118,0.04573333,0.098,307.1077
"2026-10-07 16:54:00",1729,11.97208,-4.680608,63.98051,0,0,308.9044
"2026-10-07 16:55:00",1730,11.97292,-4.641307,63.63099,0.03756667,0.098,255.8039
"2026-10-07 16:56:00",1731,11.97208,-4.648176,63.515,0.001633333,0.0196,303.2716
"2026-10-07 16:57:00",1732,11.96872,-4.614599,63.31201,0,0,339.3091
"2026-10-07 16:58:00",1733,11.9704,-4.548461,63.06933,0.08003334,0.1176,336.6434
"2026-10-07 16:59:00",1734,11.9746,-4.498222,62.60841,0.02776667,0.0588,16.84409
"2026-10-07 17:00:00",1735,11.97124,-4.420765,62.77171,0,0,58.6769
"2026-10-07 17:01:00",1736,11.97208,-4.441496,62.65724,0.0098,0.0588,3.905436
"2026-10-07 17:02:00",1737,11.97208,-4.41237,62.56567,0.04573333,0.1176,332.5884
"2026-10-07 17:03:00",1738,11.97208,-4.366709,62.33826,0.1045333,0.2548,284.6395
"2026-10-07 17:04:00",1739,11.97208,-4.292052,62.0559,0.08656666,0.1568,335.6291
"2026-10-07 17:05:00",1740,11.97208,-4.254657,62.06964,0.1404667,0.2352,5.400858
"2026-10-07 17:06:00",1741,11.97292,-4.245246,61.47134,0.1143333,0.1568,322.5344
"2026-10-07 17:07:00",1742,11.97292,-4.148202,61.1493,0.1143333,0.1568,332.2546
"2026-10-07 17:08:00",1743,11.97208,-4.112843,60.3236,0.1159667,0.1568,335.874
"2026-10-07 17:09:00",1744,11.9704,-3.972555,59.591,0.02776667,0.0784,332.2221
"2026-10-07 17:10:00",1745,11.9704,-3.84028,59.40022,0.01796667,0.1176,335.9629
"2026-10-07 17:11:00",1746,11.9704,-3.995957,60.47318,0.1323,0.1764,324.3181
"2026-10-07 17:12:00",1747,11.9704,-4.198568,61.26988,0.1502667,0.2156,325.081
"2026-10-07 17:13:00",1748,11.96788,-4.279459,60.928,0.1535333,0.2156,255.3184
"2026-10-07 17:14:00",1749,11.9704,-4.297393,61.09436,0.1078,0.1372,238.6195
"2026-10-07 17:15:00",1750,11.97292,-4.375487,61.33093,0.09146667,0.1176,304.7909
"2026-10-07 17:16:00",1751,11.97292,-4.347377,61.18441,0.04573333,0.098,241.0642
"2026-10-07 17:17:00",1752,11.97376,-4.327535,61.66213,0.2368333,0.294,228.0584
"2026-10-07 17:18:00",1753,11.96956,-4.45943,61.69571,0.2891,0.4508,223.5591
"2026-10-07 17:19:00",1754,11.97208,-4.382481,61.30651,0.2499,0.4312,251.4823
"2026-10-07 17:20:00",1755,11.97208,-4.413388,62.56109,0.3087,0.3528,256.1767
"2026-10-07 17:21:00",1756,11.97376,-4.54897,62.94876,0.2303,0.3136,250.4919
"2026-10-07 17:22:00",1757,11.9704,-4.60773,62.77934,0.1845667,0.2744,280.1923
"2026-10-07 17:23:00",1758,11.9704,-4.541085,62.49088,0.1862,0.2744,273.5712
"2026-10-07 17:24:00",1759,11.97208,-4.53854,62.53362,0.1764,0.2744,258.4718
"2026-10-07 17:25:00",1760,11.9746,-4.583565,63.11054,0.1796667,0.2548,295.4001
"2026-10-07 17:26:00",1761,11.97124,-4.645251,63.18991,0.1535333,0.196,270.8448
"2026-10-07 17:27:00",1762,11.96704,-4.675776,63.09681,0.1290333,0.2548,309.5307
"2026-10-07 17:28:00",1763,11.97208,-4.732501,63.11817,0.2058,0.2548,305.5429
"2026-10-07 17:29:00",1764,11.97208,-4.704393,63.34711,0.1927333,0.2352,308.1675
"2026-10-07 17:30:00",1765,11.9704,-4.734028,63.28912,0.196,0.2156,306.7133
"2026-10-07 17:31:00",1766,11.97208,-4.713043,63.11512,0.2139667,0.2352,292.5176
"2026-10-07 17:32:00",1767,11.9704,-4.635712,62.81598,0.1715,0.196,287.327
"2026-10-07 17:33:00",1768,11.9704,-4.540703,62.24058,0.1600667,0.1764,304.7844
"2026-10-07 17:34:00",1769,11.97124,-4.398761,61.4393,0.1747667,0.2156,302.4914
"2026-10-07 17:35:00",1770,11.97376,-4.322067,61.21646,0.1747667,0.2156,319.2726
"2026-10-07 17:36:00",1771,11.96872,-4.262924,60.52354,0.1012667,0.1568,334.6603
"2026-10-07 17:37:00",1772,11.97124,-4.204673,60.43807,0.1274,0.1568,345.7741
"2026-10-07 17:38:00",1773,11.97208,-4.178854,60.14656,0.1372,0.196,328.631
"2026-10-07 17:39:00",1774,11.96536,-4.158122,59.77415,0.1061667,0.1568,341.5349
"2026-10-07 17:40:00",1775,11.98299,-4.062985,59.7131,0.04573334,0.098,5.546066
"2026-10-07 17:41:00",1776,11.97208,-4.074687,59.87794,0.0098,0.0588,38.69025
"2026-10-07 17:42:00",1777,11.97376,-4.148201,60.03056,0.0294,0.098,302.8772
"2026-10-07 17:43:00",1778,11.9746,-4.212176,60.21524,0.0196,0.0784,295.8574
"2026-10-07 17:44:00",1779,11.97292,-4.322321,60.52507,0.049,0.1176,253.7992
"2026-10-07 17:45:00",1780,11.98383,-4.32143,60.66854,0.09146667,0.1176,252.8456
"2026-10-07 17:46:00",1781,11.96872,-4.324738,60.86543,0.07186667,0.1764,318.1045
"2026-10-07 17:47:00",1782,11.97292,-4.387187,61.7995,0.2058,0.2744,318.9063
"2026-10-07 17:48:00",1783,11.97124,-4.544774,63.33948,0.2858333,0.3136,323.5639
"2026-10-07 17:49:00",1784,11.96956,-4.683026,63.60047,0.2629667,0.3136,320.0204
"2026-10-07 17:50:00",1785,11.97124,-4.654154,62.94876,0.2139667,0.2548,323.7264
"2026-10-07 17:51:00",1786,11.9704,-4.553421,62.76561,0.2727667,0.294,322.8313
"2026-10-07 17:52:00",1787,11.97124,-4.536378,62.18411,0.2646,0.3528,326.6479
"2026-10-07 17:53:00",1788,11.9704,-4.470495,62.03606,0.2564333,0.294,333.8953
"2026-10-07 17:54:00",1789,11.96956,-4.369635,60.79216,0.1764,0.2156,340.8869
"2026-10-07 17:55:00",1790,11.97208,-4.289888,60.96463,0.1176,0.196,4.133
"2026-10-07 17:56:00",1791,11.9704,-4.195643,60.60443,0.08983334,0.2156,328.2885
"2026-10-07 17:57:00",1792,11.97124,-4.11526,60.19235,0.2548,0.3528,338.7717
"2026-10-07 17:58:00",1793,11.97292,-4.106357,59.8642,0.2270333,0.2744,336.1948
"2026-10-07 17:59:00",1794,11.97124,-4.234307,59.94967,0.2335667,0.2548,329.4459
"2026-10-07 18:00:00",1795,11.96704,-4.243211,59.90083,0.2188667,0.2352,333.4575
"2026-10-07 18:01:00",1796,11.96872,-4.205181,60.37855,0.2025333,0.2352,327.1464
"2026-10-07 18:02:00",1797,11.9746,-4.291924,60.78759,0.1829333,0.2156,322.697
"2026-10-07 18:03:00",1798,11.97879,-4.348396,61.48203,0.1323,0.1568,325.5556
"2026-10-07 18:04:00",1799,11.96956,-4.483595,62.22836,0.1698667,0.196,322.3502
"2026-10-07 18:05:00",1800,11.96788,-4.587636,62.50309,0.1568,0.1764,294.3402
"2026-10-07 18:06:00",1801,11.97292,-4.668399,62.69693,0.1535333,0.196,308.0006
"2026-10-07 18:07:00",1802,11.9746,-4.62986,62.5092,0.1862,0.2156,293.8375
"2026-10-07 18:08:00",1803,11.98215,-4.579622,62.11543,0.1274,0.1372,289.6243
"2026-10-07 18:09:00",1804,11.97627,-4.547316,61.45303,0.1404667,0.1568,274.0134
"2026-10-07 18:10:00",1805,11.97124,-4.467697,60.52049,0.3266667,0.4704,307.6235
"2026-10-07 18:11:00",1806,11.97208,-4.433611,60.79064,0.4099666,0.49,297.912
"2026-10-07 18:12:00",1807,11.96788,-4.359714,60.24424,0.3446334,0.4312,301.8694
"2026-10-07 18:13:00",1808,11.96788,-4.227057,59.94357,0.3119667,0.3724,295.114
"2026-10-07 18:14:00",1809,11.96956,-4.126834,59.91457,0.3773,0.4116,301.9258
"2026-10-07 18:15:00",1810,11.96956,-4.180507,60.50218,0.3332,0.3528,312.5692
"2026-10-07 18:16:00",1811,11.96956,-4.262034,61.76286,0.2401,0.2744,327.3111
"2026-10-07 18:17:00",1812,11.96956,-4.291924,61.40419,0.2205,0.2744,335.1913
"2026-10-07 18:18:00",1813,11.96788,-4.262543,61.73844,0.2058,0.2352,316.2645
"2026-10-07 18:19:00",1814,11.97795,-4.349412,61.97043,0.1339333,0.1764,324.3874
"2026-10-07 18:20:00",1815,11.96956,-4.348521,61.35382,0.2074333,0.2548,332.1463
"2026-10-07 18:21:00",1816,11.96452,-4.338728,61.90327,0.2417333,0.2744,338.7457
"2026-10-07 18:22:00",1817,11.9704,-4.456758,61.78117,0.1551667,0.1764,330.0765
"2026-10-07 18:23:00",1818,11.96956,-4.324356,61.05774,0.1535333,0.196,338.4444
"2026-10-07 18:24:00",1819,11.96704,-4.220953,60.03667,0.1813,0.2156,343.9471
"2026-10-07 18:25:00",1820,11.9704,-4.259236,60.58001,0.2156,0.2744,350.2539
"2026-10-07 18:26:00",1821,11.97292,-4.383498,61.31414,0.2368333,0.294,344.6363
"2026-10-07 18:27:00",1822,11.97292,-4.484868,61.90938,0.2466333,0.294,337.001
"2026-10-07 18:28:00",1823,11.97208,-4.558636,62.11237,0.2629667,0.3136,333.3362
"2026-10-07 18:29:00",1824,11.97124,-4.590942,61.97195,0.2531667,0.2744,335.7548
"2026-10-07 18:30:00",1825,11.96704,-4.646395,62.80986,0.2662333,0.294,323.4771
"2026-10-07 18:31:00",1826,11.96956,-4.709481,61.89259,0.294,0.3724,335.343
"2026-10-07 18:32:00",1827,11.96956,-4.554947,61.4515,0.3217667,0.3724,347.1547
"2026-10-07 18:33:00",1828,11.97376,-4.461973,61.1661,0.2744,0.3332,338.659
"2026-10-07 18:34:00",1829,11.98215,-4.491735,62.09253,0.1813,0.2156,340.8956
"2026-10-07 18:35:00",1830,11.96872,-4.452179,61.76439,0.1813,0.2352,338.7283
"2026-10-07 18:36:00",1831,11.96704,-4.397997,61.38588,0.1323,0.1764,354.0878
"2026-10-07 18:37:00",1832,11.96872,-4.361623,60.76774,0.1437333,0.196,348.1603
"2026-10-07 18:38:00",1833,11.9704,-4.330335,60.69448,0.1502667,0.2352,353.1559
"2026-10-07 18:39:00",1834,11.9704,-4.292178,60.58765,0.1290333,0.1764,294.2926
"2026-10-07 18:40:00",1835,11.97208,-4.306169,60.41518,0.147,0.2156,299.7975
"2026-10-07 18:41:00",1836,11.96956,-4.256692,60.40297,0.05879999,0.0784,295.8248
"2026-10-07 18:42:00",1837,11.96788,-4.232908,59.98631,0.006533334,0.0588,134.8372
"2026-10-07 18:43:00",1838,11.96872,-4.202256,59.82147,0.04246667,0.098,145.043
"2026-10-07 18:44:00",1839,11.96872,-4.186231,61.37977,0.1110667,0.1372,109.5668
"2026-10-07 18:45:00",1840,11.96704,-4.410844,62.34436,0.08656666,0.1372,79.5673
"2026-10-07 18:46:00",1841,11.96788,-4.59234,63.37306,0.03266667,0.0784,21.13313
"2026-10-07 18:47:00",1842,11.9704,-4.706937,63.87824,0.1862,0.2744,334.2052
"2026-10-07 18:48:00",1843,11.9704,-4.740005,63.38679,0.3283,0.3724,322.7165
"2026-10-07 18:49:00",1844,11.96704,-4.618287,62.27568,0.4001667,0.4508,330.109
"2026-10-07 18:50:00",1845,11.96872,-4.52277,62.236,0.3152333,0.3724,314.7647
"2026-10-07 18:51:00",1846,11.97124,-4.484232,62.24516,0.3136,0.3724,315.1635
"2026-10-07 18:52:00",1847,11.9704,-4.485376,61.73997,0.3119667,0.3528,320.1179
"2026-10-07 18:53:00",1848,11.97124,-4.442768,61.84375,0.3217667,0.3528,321.9254
"2026-10-07 18:54:00",1849,11.96788,-4.368999,62.17953,0.2515333,0.3136,319.0559
"2026-10-07 18:55:00",1850,11.96872,-4.437172,62.71066,0.2842,0.3332,323.9453
"2026-10-07 18:56:00",1851,11.97376,-4.408936,62.83734,0.2417333,0.2744,326.2578
"2026-10-07 18:57:00",1852,11.9704,-4.40016,62.34436,0.1698667,0.2352,321.7433
"2026-10-07 18:58:00",1853,11.9704,-4.384643,62.08795,0.02613333,0.1176,301.087
"2026-10-07 18:59:00",1854,11.96788,-4.363913,61.99638,0,0,299.9839
"2026-10-07 19:00:00",1855,11.96788,-4.398633,62.25889,0.05716666,0.1372,317.6147
"2026-10-07 19:01:00",1856,11.96704,-4.426107,62.07269,0.0931,0.1372,338.5462
"2026-10-07 19:02:00",1857,11.96704,-4.381463,61.64839,0.0049,0.0588,255.3639
"2026-10-07 19:03:00",1858,11.97208,-4.295611,61.37214,0.02776667,0.0784,297.1599
"2026-10-07 19:04:00",1859,11.9662,-4.326137,61.87122,0.05063334,0.098,342.7898
"2026-10-07 19:05:00",1860,11.96788,-4.388712,62.27568,0.08003334,0.1176,344.9766
"2026-10-07 19:06:00",1861,11.97124,-4.414405,62.48325,0.06533333,0.1176,352.6487
"2026-10-07 19:07:00",1862,11.96452,-4.390239,62.58093,0.008166667,0.0588,38.00973
"2026-10-07 19:08:00",1863,11.97879,-4.440988,62.69693,0.01306667,0.0784,36.16538
"2026-10-07 19:09:00",1864,11.96704,-4.534215,63.26164,0.001633333,0.0196,64.13411
"2026-10-07 19:10:00",1865,11.96704,-4.570083,63.28453,0.049,0.098,50.23318
"2026-10-07 19:11:00",1866,11.97376,-4.593994,63.25859,0.07840001,0.098,"NAN"
"2026-10-07 19:12:00",1867,11.9662,-4.606332,63.61878,0.1208667,0.1764,352.4689
"2026-10-07 19:13:00",1868,11.9704,-4.653264,64.0034,0.1257667,0.1568,349.3978
"2026-10-07 19:14:00",1869,11.9704,-4.684425,64.52232,0.07676666,0.1176,42.90345
"2026-10-07 19:15:00",1870,11.96872,-4.672978,64.42007,0.07513334,0.1176,12.47486
"2026-10-07 19:16:00",1871,11.9746,-4.72169,64.26286,0.1241333,0.1568,346.9553
"2026-10-07 19:17:00",1872,11.96788,-4.742804,64.3758,0.09636667,0.1176,354.1203
"2026-10-07 19:18:00",1873,11.96788,-4.730976,64.4567,0.1078,0.1372,345.4014
"2026-10-07 19:19:00",1874,11.9746,-4.661022,64.36359,0.1437333,0.2156,342.7681
"2026-10-07 19:20:00",1875,11.97208,-4.670689,64.22928,0.1045333,0.1372,350.0501
"2026-10-07 19:21:00",1876,11.96872,-4.653391,63.96982,0.1176,0.1568,"NAN"
"2026-10-07 19:22:00",1877,11.96032,-4.632914,63.70272,0.08166667,0.1568,62.83157
"2026-10-07 19:23:00",1878,11.9704,-4.566649,63.58368,0.0196,0.0588,62.99413
"2026-10-07 19:24:00",1879,11.96956,-4.560671,63.38832,0.01633333,0.0588,10.71286
"2026-10-07 19:25:00",1880,11.96788,-4.553548,63.42342,0.01796667,0.098,329.1229
"2026-10-07 19:26:00",1881,11.96032,-4.556601,63.5501,0.09473334,0.1372,324.4221
"2026-10-07 19:27:00",1882,11.96872,-4.650466,63.51957,0.1274,0.196,321.1127
"2026-10-07 19:28:00",1883,11.96284,-4.790372,64.10413,0.1715,0.196,303.5209
"2026-10-07 19:29:00",1884,11.96956,-4.77015,63.97897,0.06859999,0.1568,321.13
"2026-10-07 19:30:00",1885,11.97124,-4.774092,63.79278,0.1502667,0.2352,306.9625
"2026-10-07 19:31:00",1886,11.96704,-4.631897,63.06933,0.147,0.196,293.6402
"2026-10-07 19:32:00",1887,11.96536,-4.522133,62.55499,0.1421,0.1764,296.7156
"2026-10-07 19:33:00",1888,11.96788,-4.505218,62.76103,0.1486333,0.2156,289.7543
"2026-10-07 19:34:00",1889,11.96704,-4.504072,62.8694,0.1241333,0.1764,260.5806
"2026-10-07 19:35:00",1890,11.96788,-4.573008,63.1548,0.02286667,0.0588,249.9631
"2026-10-07 19:36:00",1891,11.96704,-4.58967,63.1319,0.05553333,0.1568,318.1717
"2026-10-07 19:37:00",1892,11.96872,-4.679337,63.82483,0.08656666,0.1372,331.0497
"2026-10-07 19:38:00",1893,11.96452,-4.738733,63.91335,0.09146667,0.1372,313.9065
"2026-10-07 19:39:00",1894,11.96536,-4.744965,64.35901,0.0441,0.0784,331.4224
"2026-10-07 19:40:00",1895,11.9662,-4.82802,64.53606,0,0,331.4874
"2026-10-07 19:41:00",1896,11.96872,-4.883601,64.4979,0,0,205.6726
"2026-10-07 19:42:00",1897,11.9704,-4.899626,64.27355,0.001633333,0.0196,193.4296
"2026-10-07 19:43:00",1898,11.96788,-4.921248,64.71616,0.02613333,0.0784,72.75988
"2026-10-07 19:44:00",1899,11.96704,-5.038388,65.22287,0.008166667,0.0392,69.32474
"2026-10-07 19:45:00",1900,11.95949,-5.090153,65.48234,0,0,352.8199
"2026-10-07 19:46:00",1901,11.97124,-5.13874,65.58613,0,0,312.4435
"2026-10-07 19:47:00",1902,11.96704,-5.153874,65.73875,0.02286667,0.0588,295.8964
"2026-10-07 19:48:00",1903,11.97124,-5.160107,65.36787,0.0196,0.0784,290.3785
"2026-10-07 19:49:00",1904,11.96872,-5.178294,65.37397,0.05880001,0.1176,317.7968
"2026-10-07 19:50:00",1905,11.96788,-5.130346,65.35719,0.1192333,0.1764,321.9579
"2026-10-07 19:51:00",1906,11.97124,-5.089771,65.12214,0.1176,0.1568,313.1436
"2026-10-07 19:52:00",1907,11.96872,-5.108595,64.94662,0.1241333,0.1372,327.3436
"2026-10-07 19:53:00",1908,11.96704,-5.042203,64.89169,0.1355667,0.1764,318.8023
"2026-10-07 19:54:00",1909,11.96788,-4.986877,65.06109,0.1486333,0.196,317.8011
"2026-10-07 19:55:00",1910,11.96872,-5.037117,65.38924,0.1519,0.1764,317.3438
"2026-10-07 19:56:00",1911,11.96788,-5.093842,65.41518,0.1094333,0.1568,297.7039
"2026-10-07 19:57:00",1912,11.96704,-5.120933,65.70823,0.1633333,0.1764,312.3482
"2026-10-07 19:58:00",1913,11.9662,-5.18618,65.97073,0.1519,0.196,284.0717
"2026-10-07 19:59:00",1914,11.96704,-5.125638,66.07452,0.07513332,0.1176,279.9756
"2026-10-07 20:00:00",1915,11.96704,-5.161761,66.33856,0.001633333,0.0196,316.9082
"2026-10-07 20:01:00",1916,11.96704,-5.139247,66.25156,0.0784,0.1372,5.162458
"2026-10-07 20:02:00",1917,11.96956,-5.028849,65.62123,0.1290333,0.1764,8.036269
"2026-10-07 20:03:00",1918,11.9662,-4.937147,65.34344,0.01633333,0.0784,24.86302
"2026-10-07 20:04:00",1919,11.9704,-4.915398,65.21371,0,0,351.8555
"2026-10-07 20:05:00",1920,11.96704,-4.891995,64.87031,0,0,309.6456
"2026-10-07 20:06:00",1921,11.96368,-4.948084,64.80468,0,0,309.5958
"2026-10-07 20:07:00",1922,11.96704,-4.942489,64.98783,0,0,309.6434
"2026-10-07 20:08:00",1923,11.96704,-4.965509,65.03056,0.001633333,0.0196,267.8236
"2026-10-07 20:09:00",1924,11.96956,-4.985732,64.99546,0.02613333,0.0784,243.199
"2026-10-07 20:10:00",1925,11.96788,-5.026815,65.11146,0.04083334,0.0588,237.1978
"2026-10-07 20:11:00",1926,11.97208,-5.056449,65.68838,0.1257667,0.196,297.8643
"2026-10-07 20:12:00",1927,11.96704,-5.156037,66.27446,0.1257667,0.1764,316.0413
"2026-10-07 20:13:00",1928,11.9704,-5.057848,65.98296,0.1698667,0.196,322.3458
"2026-10-07 20:14:00",1929,11.9662,-5.01842,65.39839,0.2384667,0.294,321.1387
"2026-10-07 20:15:00",1930,11.96956,-4.849005,64.69479,0.2172333,0.2744,312.6408
"2026-10-07 20:16:00",1931,11.96872,-4.627446,63.55316,0.1780333,0.2352,310.7791
"2026-10-07 20:17:00",1932,11.9662,-4.724617,64.50554,0.2564333,0.3136,317.489
"2026-10-07 20:18:00",1933,11.96704,-4.841629,64.707,0.294,0.3528,306.2365
"2026-10-07 20:19:00",1934,11.96704,-4.902551,65.3175,0.3152333,0.3332,309.6088
"2026-10-07 20:20:00",1935,11.96872,-4.937528,65.28088,0.3479,0.392,314.8276
"2026-10-07 20:21:00",1936,11.9662,-4.967164,65.3175,0.3593333,0.392,304.8234
"2026-10-07 20:22:00",1937,11.9662,-4.96907,65.11299,0.3413667,0.3724,311.633
"2026-10-07 20:23:00",1938,11.96452,-4.871391,64.80468,0.3054334,0.3332,309.3119
"2026-10-07 20:24:00",1939,11.96956,-4.758067,64.48264,0.2989,0.3332,291.5943
"2026-10-07 20:25:00",1940,11.96872,-4.750435,64.38344,0.2319333,0.2744,308.1502
"2026-10-07 20:26:00",1941,11.9662,-4.767605,64.64137,0.2090666,0.2548,336.0301
"2026-10-07 20:27:00",1942,11.9662,-4.653264,64.14534,0.2139667,0.2548,339.6906
"2026-10-07 20:28:00",1943,11.96872,-4.581657,63.74699,0.2221333,0.2744,349.0099
"2026-10-07 20:29:00",1944,11.96956,-4.507252,63.43411,0.147,0.2156,311.0608
"2026-10-07 20:30:00",1945,11.96536,-4.559527,64.03545,0.1568,0.2548,323.0654
"2026-10-07 20:31:00",1946,11.9662,-4.740005,64.73142,0.2058,0.2548,291.1479
"2026-10-07 20:32:00",1947,11.9704,-4.7615,64.49944,0.05716667,0.1568,334.5563
"2026-10-07 20:33:00",1948,11.96284,-4.71902,64.36817,0.1404667,0.2352,315.5536
"2026-10-07 20:34:00",1949,11.9704,-4.735553,64.25523,0.1813,0.2156,310.4822
"2026-10-07 20:35:00",1950,11.95781,-4.739114,64.4048,0.1535333,0.196,307.8814
"2026-10-07 20:36:00",1951,11.9662,-4.771675,64.54064,0.1600667,0.2156,311.4726
"2026-10-07 20:37:00",1952,11.9662,-4.769895,64.46738,0.1372,0.1568,265.5588
"2026-10-07 20:38:00",1953,11.9662,-4.873934,64.89626,0.1878333,0.2352,303.289
"2026-10-07 20:39:00",1954,11.9662,-4.964365,65.43502,0.1290333,0.196,258.643
"2026-10-07 20:40:00",1955,11.96368,-4.879149,64.73447,0.1992667,0.2352,311.1584
"2026-10-07 20:41:00",1956,11.96788,-4.861342,64.7009,0.1649667,0.196,323.6809
"2026-10-07 20:42:00",1957,11.9662,-4.879022,65.1023,0.2335667,0.294,299.6631
"2026-10-07 20:43:00",1958,11.96872,-4.883091,64.99546,0.1780333,0.196,280.836
"2026-10-07 20:44:00",1959,11.96788,-4.82255,64.59711,0.1878333,0.294,311.141
"2026-10-07 20:45:00",1960,11.97795,-4.807033,64.77721,0.2891,0.3332,302.7732
"2026-10-07 20:46:00",1961,11.96536,-4.85244,64.59558,0.3021667,0.3528,317.994
"2026-10-07 20:47:00",1962,11.96284,-4.790881,64.45058,0.2923667,0.3332,317.2527
"2026-10-07 20:48:00",1963,11.96536,-4.827766,64.4979,0.2515334,0.2744,295.6081
"2026-10-07 20:49:00",1964,11.9662,-4.874825,64.68258,0.2711333,0.3332,315.3976
"2026-10-07 20:50:00",1965,11.9662,-4.958259,64.63374,0.2923667,0.3332,319.8426
"2026-10-07 20:51:00",1966,11.96452,-4.937019,64.58948,0.2842,0.3136,327.3501
"2026-10-07 20:52:00",1967,11.97795,-4.879277,64.79858,0.2956333,0.3332,326.0172
"2026-10-07 20:53:00",1968,11.96536,-4.932441,63.82635,0.3397333,0.392,328.4077
"2026-10-07 20:54:00",1969,11.96116,-4.958642,64.5498,0.3087,0.3724,325.924
"2026-10-07 20:55:00",1970,11.96536,-4.92163,64.30254,0.3397333,0.3724,324.7363
"2026-10-07 20:56:00",1971,11.96452,-4.924936,64.40939,0.3609667,0.392,327.4455
"2026-10-07 20:57:00",1972,11.9704,-4.937274,64.29186,0.3724,0.4116,325.354
"2026-10-07 20:58:00",1973,11.96368,-4.919214,63.66916,0.4018,0.4508,334.2919
"2026-10-07 20:59:00",1974,11.96788,-4.922011,63.99271,0.3544333,0.392,334.0318
"2026-10-07 21:00:00",1975,11.96452,-4.869483,63.08765,0.3446333,0.3724,327.2244
"2026-10-07 21:01:00",1976,11.96704,-4.791008,62.33521,0.3234,0.3724,324.0948
"2026-10-07 21:02:00",1977,11.96788,-4.745093,62.74577,0.294,0.3332,316.8908
"2026-10-07 21:03:00",1978,11.96704,-4.744966,62.82055,0.2286666,0.294,306.3882
"2026-10-07 21:04:00",1979,11.96452,-4.712787,63.6432,0.2352,0.2548,295.5214
"2026-10-07 21:05:00",1980,11.95781,-4.806398,63.3349,0.2923667,0.3136,296.863
"2026-10-07 21:06:00",1981,11.96452,-4.773328,62.71677,0.3397333,0.4116,306.399
"2026-10-07 21:07:00",1982,11.96284,-4.567794,62.72134,0.3054333,0.3528,313.1197
"2026-10-07 21:08:00",1983,11.96452,-4.6408,63.11665,0.2548,0.294,319.1014
"2026-10-07 21:09:00",1984,11.96536,-4.770785,63.68747,0.3348333,0.392,316.0022
"2026-10-07 21:10:00",1985,11.9662,-4.856637,63.57147,0.3511667,0.392,316.6307
"2026-10-07 21:11:00",1986,11.9662,-4.822168,63.99119,0.3087,0.3332,316.6719
"2026-10-07 21:12:00",1987,11.96788,-4.840102,63.55926,0.3495333,0.392,324.9206
"2026-10-07 21:13:00",1988,11.9662,-4.687478,62.44968,0.3021667,0.3724,319.9792
"2026-10-07 21:14:00",1989,11.96956,-4.655935,62.77782,0.2923667,0.3332,323.9106
"2026-10-07 21:15:00",1990,11.96368,-4.784776,63.50126,0.3136,0.3332,327.647
"2026-10-07 21:16:00",1991,11.96536,-4.824077,63.67526,0.2727667,0.3136,328.4446
"2026-10-07 21:17:00",1992,11.97124,-4.737207,63.74393,0.2972667,0.3332,324.8404
"2026-10-07 21:18:00",1993,11.96368,-4.747001,63.89045,0.3005334,0.3136,330.6834
"2026-10-07 21:19:00",1994,11.96956,-4.853075,63.94693,0.3495333,0.4116,331.6088
"2026-10-07 21:20:00",1995,11.9662,-4.857273,64.32848,0.3560667,0.392,332.959
"2026-10-07 21:21:00",1996,11.96536,-4.880422,64.52386,0.3168667,0.3332,327.4671
"2026-10-07 21:22:00",1997,11.9662,-4.86872,63.34558,0.2891,0.3528,334.3049
"2026-10-07 21:23:00",1998,11.96368,-4.788465,63.9744,0.3185,0.3528,339.6364
"2026-10-07 21:24:00",1999,11.96872,-4.909039,64.78637,0.2923667,0.3332,333.8367
"2026-10-07 21:25:00",2000,11.96452,-4.926718,64.62,0.3577,0.392,323.7372
"2026-10-07 21:26:00",2001,11.96536,-4.961822,65.23203,0.3054334,0.3332,326.9556
"2026-10-07 21:27:00",2002,11.96368,-5.059628,65.4335,0.3103333,0.3332,327.3891
"2026-10-07 21:28:00",2003,11.9662,-4.942616,64.91305,0.3495333,0.392,328.6115
"2026-10-07 21:29:00",2004,11.96536,-4.86287,64.91457,0.3560666,0.392,313.3213
"2026-10-07 21:30:00",2005,11.96788,-4.76646,63.84772,0.2793,0.3528,331.1515
"2026-10-07 21:31:00",2006,11.96956,-4.714569,64.31781,0.3152333,0.3528,331.2577
"2026-10-07 21:32:00",2007,11.96536,-4.850405,64.76806,0.3185,0.3528,331.4961
"2026-10-07 21:33:00",2008,11.96452,-4.911073,64.97714,0.3152333,0.3332,332.3717
"2026-10-07 21:34:00",2009,11.96368,-4.87457,64.71616,0.2695,0.3528,314.2034
"2026-10-07 21:35:00",2010,11.96452,-4.852693,64.97714,0.2564333,0.294,295.1313
"2026-10-07 21:36:00",2011,11.96704,-4.703375,63.89962,0.1698667,0.2352,329.3028
"2026-10-07 21:37:00",2012,11.96704,-4.59196,63.22807,0.1584333,0.196,320.0875
"2026-10-07 21:38:00",2013,11.96284,-4.555838,62.91213,0.2695,0.3528,326.4377
"2026-10-07 21:39:00",2014,11.96452,-4.606458,62.88923,0.3038,0.3724,316.6286
"2026-10-07 21:40:00",2015,11.9746,-4.484357,62.22836,0.2384667,0.2744,293.6988
"2026-10-07 21:41:00",2016,11.96452,-4.400923,62.2299,0.2515333,0.294,293.8613
"2026-10-07 21:42:00",2017,11.96704,-4.384389,62.33826,0.2482667,0.2744,307.2551
"2026-10-07 21:43:00",2018,11.95949,-4.476982,62.66793,0.2237667,0.2352,320.1157
"2026-10-07 21:44:00",2019,11.96452,-4.616378,63.34558,0.2417333,0.294,303.4168
"2026-10-07 21:45:00",2020,11.96452,-4.509796,62.45731,0.1943667,0.3136,282.4571
"2026-10-07 21:46:00",2021,11.96536,-4.342671,61.64991,0.0343,0.0784,287.2381
"2026-10-07 21:47:00",2022,11.96452,-4.296884,62.24668,0.04573334,0.098,339.9463
"2026-10-07 21:48:00",2023,11.96788,-4.486649,62.68472,0.01796667,0.098,305.9764
"2026-10-07 21:49:00",2024,11.96536,-4.528493,62.67862,0.1404667,0.1764,345.0741
"2026-10-07 21:50:00",2025,11.96536,-4.59145,63.19754,0.1372,0.1764,312.06
"2026-10-07 21:51:00",2026,11.96284,-4.572245,62.83887,0.01633333,0.0588,252.4251
"2026-10-07 21:52:00",2027,11.96536,-4.516156,62.67403,0.01306667,0.0588,226.9726
"2026-10-07 21:53:00",2028,11.96116,-4.476472,62.5443,0.006533334,0.0588,229.4888
"2026-10-07 21:54:00",2029,11.9662,-4.461592,62.19632,0.03266666,0.1176,327.6145
"2026-10-07 21:55:00",2030,11.9662,-4.534979,62.39167,0.1649667,0.2156,342.1483
"2026-10-07 21:56:00",2031,11.9704,-4.653772,63.26011,0.1568,0.2156,330.6834
"2026-10-07 21:57:00",2032,11.96704,-4.70134,63.26164,0.1519,0.196,304.676
"2026-10-07 21:58:00",2033,11.97124,-4.796478,63.97287,0.1257667,0.1568,308.4731
"2026-10-07 21:59:00",2034,11.96704,-4.777018,63.78362,0.1306667,0.1764,280.5542
"2026-10-07 22:00:00",2035,11.96452,-4.599464,62.69998,0.0833,0.1764,275.2769
"2026-10-07 22:01:00",2036,11.96704,-4.43043,62.17343,0.1568,0.2352,305.272
"2026-10-07 22:02:00",2037,11.9662,-4.354373,61.75676,0.1780333,0.2352,273.9072
"2026-10-07 22:03:00",2038,11.96284,-4.275389,61.33093,0.1845667,0.2744,317.2159
"2026-10-07 22:04:00",2039,11.96788,-4.23011,60.96463,0.1355667,0.2156,328.3687
"2026-10-07 22:05:00",2040,11.96788,-4.210523,61.18747,0.1437333,0.2156,321.9514
"2026-10-07 22:06:00",2041,11.96452,-4.139806,60.72806,0.0049,0.0588,304.416
"2026-10-07 22:07:00",2042,11.9662,-4.100633,60.82421,0.1241333,0.2352,349.7554
"2026-10-07 22:08:00",2043,11.9662,-4.175674,61.06231,0.1486333,0.196,325.1525
"2026-10-07 22:09:00",2044,11.96452,-4.188902,61.42862,0.1731333,0.2352,349.0185
"2026-10-07 22:10:00",2045,11.96284,-4.175802,61.10505,0.1225,0.2156,23.04034
"2026-10-07 22:11:00",2046,11.96788,-4.156978,61.24393,0.1617,0.196,337.3738
"2026-10-07 22:12:00",2047,11.9662,-4.193353,61.6835,0.2156,0.2744,19.87828
"2026-10-07 22:13:00",2048,11.96704,-4.245628,62.49546,0.1306667,0.2352,0.2015569
"2026-10-07 22:14:00",2049,11.9662,-4.219681,61.69418,0.0294,0.098,332.493
"2026-10-07 22:15:00",2050,11.96536,-4.176056,61.48508,0.1698667,0.2548,283.194
"2026-10-07 22:16:00",2051,11.96284,-4.113479,61.25309,0.1927333,0.2744,321.8625
"2026-10-07 22:17:00",2052,11.96536,-4.118694,61.72623,0.2254,0.294,21.68579
"2026-10-07 22:18:00",2053,11.96788,-4.193353,62.41152,0.1029,0.1568,8.905348
"2026-10-07 22:19:00",2054,11.96536,-4.244228,61.85443,0.1225,0.2156,0.2579061
"2026-10-07 22:20:00",2055,11.96452,-4.25504,61.96432,0.2793,0.3724,345.4122
"2026-10-07 22:21:00",2056,11.96284,-4.118312,61.49577,0.2482667,0.3528,327.3804
"2026-10-07 22:22:00",2057,11.96704,-4.002825,60.72501,0.05716667,0.1568,305.09
"2026-10-07 22:23:00",2058,11.96452,-3.957801,60.63954,0.05716667,0.1372,20.26839
"2026-10-07 22:24:00",2059,11.9662,-3.943303,60.82879,0.1143333,0.1568,16.60135
"2026-10-07 22:25:00",2060,11.97208,-3.928294,60.68227,0.06206666,0.1176,348.4962
"2026-10-07 22:26:00",2061,11.96872,-3.969884,60.52659,0.03593333,0.1176,322.7078
"2026-10-07 22:27:00",2062,11.96704,-3.995321,60.14656,0.09636667,0.1372,298.3086
"2026-10-07 22:28:00",2063,11.96536,-3.965304,59.72684,0.1225,0.2156,288.2914
"2026-10-07 22:29:00",2064,11.96536,-3.923206,59.97562,0.07676666,0.1372,7.988589
"2026-10-07 22:30:00",2065,11.96872,-3.991633,60.99058,0.1094333,0.1372,43.60564
"2026-10-07 22:31:00",2066,11.9662,-4.123909,61.80101,0.1208667,0.1568,4.295546
"2026-10-07 22:32:00",2067,11.96452,-4.247281,62.37336,0.0343,0.0784,18.21381
"2026-10-07 22:33:00",2068,11.96704,-4.305661,62.49241,0.01796667,0.0784,341.8622
"2026-10-07 22:34:00",2069,11.9662,-4.392783,62.41762,0,0,304.8386
"2026-10-07 22:35:00",2070,11.962,-4.464137,62.61145,0,0,304.8277
"2026-10-07 22:36:00",2071,11.962,-4.460064,62.64961,0,0,280.7384
"2026-10-07 22:37:00",2072,11.96284,-4.603153,62.90755,0,0,281.2521
"2026-10-07 22:38:00",2073,11.96536,-4.639146,63.28148,0,0,281.2326
"2026-10-07 22:39:00",2074,11.96368,-4.704393,63.45547,0.01796667,0.0784,140.1622
"2026-10-07 22:40:00",2075,11.9662,-4.735809,63.90113,0.008166667,0.0784,131.2677
"2026-10-07 22:41:00",2076,11.96452,-4.838576,64.42312,0,0,22.07807
"2026-10-07 22:42:00",2077,11.96704,-4.970088,64.90694,0.0539,0.1372,185.4475
"2026-10-07 22:43:00",2078,11.96452,-4.973013,65.23051,0.0343,0.098,181.4446
"2026-10-07 22:44:00",2079,11.96452,-5.034827,65.39687,0,0,14.2997
"2026-10-07 22:45:00",2080,11.96368,-5.041696,65.57544,0,0,16.31527
"2026-10-07 22:46:00",2081,11.96536,-5.108595,65.58917,0.07676667,0.1568,237.783
"2026-10-07 22:47:00",2082,11.96284,-5.196609,65.54949,0.06696667,0.1568,255.8581
"2026-10-07 22:48:00",2083,11.96452,-5.218995,65.9921,0.1012667,0.1176,311.5138
"2026-10-07 22:49:00",2084,11.96452,-5.218105,66.17831,0.0539,0.098,274.3753
"2026-10-07 22:50:00",2085,11.9662,-5.224972,66.03179,0.1094334,0.1568,317.5475
"2026-10-07 22:51:00",2086,11.96284,-5.200552,66.03942,0.1339333,0.1764,307.3786
"2026-10-07 22:52:00",2087,11.96788,-5.241126,66.37825,0.1437333,0.196,265.0907
"2026-10-07 22:53:00",2088,11.96872,-5.22599,66.19051,0.1404667,0.1764,272.1647
"2026-10-07 22:54:00",2089,11.96536,-5.181347,66.2592,0.1617,0.1764,280.4589
"2026-10-07 22:55:00",2090,11.9662,-5.140265,66.1661,0.1584333,0.2156,224.1811
"2026-10-07 22:56:00",2091,11.96536,-4.969579,65.14352,0.1992667,0.2548,206.9469
"2026-10-07 22:57:00",2092,11.96284,-4.849642,64.47501,0.1633333,0.2156,232.9803
"2026-10-07 22:58:00",2093,11.9662,-4.826112,64.3758,0.1829333,0.2352,225.0676
"2026-10-07 22:59:00",2094,11.96284,-4.772185,64.38344,0.1568,0.2156,266.662
"2026-10-07 23:00:00",2095,11.96368,-4.770657,64.62,0.1633333,0.196,279.0198
"2026-10-07 23:01:00",2096,11.96536,-4.646651,64.21861,0.2352,0.3332,289.245
"2026-10-07 23:02:00",2097,11.96872,-4.60595,63.6493,0.2923667,0.3332,292.0365
"2026-10-07 23:03:00",2098,11.96452,-4.435391,63.04492,0.0392,0.1372,216.2771
"2026-10-07 23:04:00",2099,11.96452,-4.41059,63.20822,0.1127,0.1568,271.1591
"2026-10-07 23:05:00",2100,11.96452,-4.590942,64.23081,0.1600666,0.2156,278.8529
"2026-10-07 23:06:00",2101,11.96284,-4.802454,65.06872,0.1666,0.196,282.4874
"2026-10-07 23:07:00",2102,11.96452,-4.961185,65.73264,0.1698666,0.196,278.3089
"2026-10-07 23:08:00",2103,11.96704,-5.03381,65.97837,0.1617,0.2156,307.2573
"2026-10-07 23:09:00",2104,11.96536,-5.077179,66.3172,0.1453667,0.1764,244.5015
"2026-10-07 23:10:00",2105,11.96452,-5.085701,66.35077,0.08656666,0.1568,281.1069
"2026-10-07 23:11:00",2106,11.9662,-5.083158,66.37825,0.01633333,0.0588,319.8578
"2026-10-07 23:12:00",2107,11.962,-4.950119,65.94479,0,0,281.2044
"2026-10-07 23:13:00",2108,11.96536,-4.895938,65.48997,0,0,241.8943
"2026-10-07 23:14:00",2109,11.96284,-4.865921,65.37397,0.003266667,0.0392,207.0618
"2026-10-07 23:15:00",2110,11.96284,-4.847225,65.00615,0.1061667,0.196,202.5972
"2026-10-07 23:16:00",2111,11.96452,-4.694982,64.1255,0.1388333,0.196,204.266
"2026-10-07 23:17:00",2112,11.95949,-4.528873,63.44632,0.0833,0.1568,202.5322
"2026-10-07 23:18:00",2113,11.96536,-4.410208,62.62824,0.08003332,0.1764,230.321
"2026-10-07 23:19:00",2114,11.96704,-4.355263,62.49241,0.0539,0.098,312.3135
"2026-10-07 23:20:00",2115,11.96704,-4.451035,63.20975,0.07839999,0.1372,248.1274
"2026-10-07 23:21:00",2116,11.9662,-4.637748,63.83857,0.01306667,0.0392,281.2261
"2026-10-07 23:22:00",2117,11.96704,-4.748273,64.53912,0,0,55.465
"2026-10-07 23:23:00",2118,11.96284,-4.859309,65.14962,0.0392,0.098,350.774
"2026-10-07 23:24:00",2119,11.96284,-4.894922,65.65939,0.02776667,0.1176,60.83984
"2026-10-07 23:25:00",2120,11.9662,-4.939691,65.76165,0.1110667,0.1568,25.78845
"2026-10-07 23:26:00",2121,11.962,-4.905222,65.64412,0.1257667,0.1764,8.003759
"2026-10-07 23:27:00",2122,11.96452,-4.823441,65.76928,0.1127,0.2156,342.7508
"2026-10-07 23:28:00",2123,11.96368,-4.836287,65.86696,0.1159667,0.1568,341.7322
"2026-10-07 23:29:00",2124,11.962,-4.823696,65.27629,0.1551667,0.196,346.9705
"2026-10-07 23:30:00",2125,11.95277,-4.735809,65.12366,0.1225,0.1568,318.3711
"2026-10-07 23:31:00",2126,11.97208,-4.694981,64.71005,0.1192333,0.1764,257.4879
"2026-10-07 23:32:00",2127,11.96032,-4.697652,64.48264,0.1143333,0.2352,222.3476
"2026-10-07 23:33:00",2128,11.96368,-4.679338,64.10107,0.1176,0.1568,233.0952
"2026-10-07 23:34:00",2129,11.96368,-4.568811,64.03393,0.08493333,0.1176,255.8082
"2026-10-07 23:35:00",2130,11.96368,-4.702104,64.63374,0.1029,0.1764,317.2896
"2026-10-07 23:36:00",2131,11.96368,-4.858418,65.61054,0.1780333,0.2156,335.0071
"2026-10-07 23:37:00",2132,11.95949,-5.001377,66.20273,0.1829333,0.2156,308.5273
"2026-10-07 23:38:00",2133,11.96452,-4.973522,65.93258,0.1780333,0.2352,335.848
"2026-10-07 23:39:00",2134,11.96284,-4.907894,66.09894,0.1355667,0.3528,278.8312
"2026-10-07 23:40:00",2135,11.9662,-4.779816,64.96341,0.1845667,0.3332,231.5867
"2026-10-07 23:41:00",2136,11.96284,-4.558255,64.09344,0.1110667,0.1568,211.1254
"2026-10-07 23:42:00",2137,11.9662,-4.498985,63.5272,0.008166667,0.0588,256.1333
"2026-10-07 23:43:00",2138,11.96536,-4.412753,63.341,0.0098,0.0588,"NAN"
"2026-10-07 23:44:00",2139,11.962,-4.465408,63.39289,0,0,307.4653
"2026-10-07 23:45:00",2140,11.96368,-4.512212,63.58368,0,0,224.853
"2026-10-07 23:46:00",2141,11.96452,-4.609512,64.18349,0.03593334,0.1176,268.0924
"2026-10-07 23:47:00",2142,11.97124,-4.699179,64.38802,0.008166667,0.0588,239.0595
"2026-10-07 23:48:00",2143,11.962,-4.715586,64.51164,0,0,250.5179
"2026-10-07 23:49:00",2144,11.96788,-4.730467,64.52843,0.001633333,0.0196,241.1531
"2026-10-07 23:50:00",2145,11.962,-4.743948,64.94662,0.0637,0.098,221.3723
"2026-10-07 23:51:00",2146,11.96032,-4.78503,65.16946,0.0441,0.0784,242.603
"2026-10-07 23:52:00",2147,11.96452,-4.809959,65.23203,0.03756667,0.0784,250.4074
"2026-10-07 23:53:00",2148,11.962,-4.827765,65.2183,0.01796667,0.0588,254.4298
"2026-10-07 23:54:00",2149,11.96116,-4.828655,65.14656,0.04573333,0.1568,313.6551
"2026-10-07 23:55:00",2150,11.96116,-4.914635,65.59834,0.1747667,0.2352,302.9422
"2026-10-07 23:56:00",2151,11.96956,-5.023888,66.08521,0.1649667,0.1764,315.1873
"2026-10-07 23:57:00",2152,11.96536,-5.048817,65.92953,0.1257667,0.1372,301.3102
"2026-10-07 23:58:00",2153,11.9662,-4.962712,65.77996,0.1225,0.1372,319.9987
"2026-10-07 23:59:00",2154,11.96452,-4.913871,65.68227,0.1453667,0.1764,332.3543
"2026-10-08 00:00:00",2155,11.96284,-4.887289,65.50676,0.1323,0.1568,327.6037
"2026-10-08 00:01:00",2156,11.962,-4.916543,65.42281,0.08493333,0.1372,329.0016
"2026-10-08 00:02:00",2157,11.96452,-4.811231,65.15266,0.0343,0.0784,3.797072
"2026-10-08 00:03:00",2158,11.96536,-4.829546,65.0962,0.01796667,0.0588,12.98633
"2026-10-08 00:04:00",2159,11.96116,-4.787702,64.82452,0.01306667,0.0392,10.53948
"2026-10-08 00:05:00",2160,11.95277,-4.725124,64.7711,0,0,9.681234
"2026-10-08 00:06:00",2161,11.96284,-4.734028,64.52996,0.03756667,0.1764,330.4233
"2026-10-08 00:07:00",2162,11.96704,-4.882583,64.64442,0.1290333,0.196,320.0095
"2026-10-08 00:08:00",2163,11.96116,-5.084557,65.89748,0.05226667,0.098,34.8325
"2026-10-08 00:09:00",2164,11.96452,-5.116228,66.52629,0.07186667,0.1176,32.87762
"2026-10-08 00:10:00",2165,11.96452,-5.093841,66.55834,0.01306667,0.0588,39.10204
"2026-10-08 00:11:00",2166,11.96284,-5.06815,66.14779,0.07676666,0.098,312.8141
"2026-10-08 00:12:00",2167,11.96452,-5.120933,65.84253,0.1306667,0.1764,319.5414
"2026-10-08 00:13:00",2168,11.95865,-5.205385,66.39198,0.1061667,0.1176,327.1897
"2026-10-08 00:14:00",2169,11.96116,-5.183382,66.56903,0.03103334,0.0784,337.4279
"2026-10-08 00:15:00",2170,11.962,-5.104017,66.09283,0,0,313.0742
"2026-10-08 00:16:00",2171,11.96368,-5.097148,65.59986,0.02776667,0.0588,309.7215
"2026-10-08 00:17:00",2172,11.95949,-5.106688,65.7479,0.05063333,0.0784,293.6923
"2026-10-08 00:18:00",2173,11.96536,-5.162014,65.77996,0.04736667,0.0784,307.5303
"2026-10-08 00:19:00",2174,11.96872,-5.206402,66.12946,0.0196,0.0588,310.0075
"2026-10-08 00:20:00",2175,11.96788,-5.262366,66.36146,0,0,315.3456
"2026-10-08 00:21:00",2176,11.962,-5.192286,66.41488,0.001633333,0.0196,71.84095
"2026-10-08 00:22:00",2177,11.96116,-5.183127,66.51562,0.02776667,0.0784,11.0878
"2026-10-08 00:23:00",2178,11.96284,-5.198136,66.72776,0.001633333,0.0196,330.1545
"2026-10-08 00:24:00",2179,11.96116,-5.215942,66.69113,0,0,328.9539
"2026-10-08 00:25:00",2180,11.96536,-5.231713,66.58734,0.02613333,0.0784,314.2944
"2026-10-08 00:26:00",2181,11.96452,-5.237691,65.8868,0.09473334,0.1372,313.7656
"2026-10-08 00:27:00",2182,11.962,-5.277755,66.03484,0.09636667,0.1372,305.9005
"2026-10-08 00:28:00",2183,11.96368,-5.387137,66.14779,0.0882,0.1372,238.9295
"2026-10-08 00:29:00",2184,11.962,-5.382685,66.78271,0.001633333,0.0196,241.7383
"2026-10-08 00:30:00",2185,11.962,-5.337025,66.48662,0,0,261.6664
"2026-10-08 00:31:00",2186,11.96032,-5.307772,66.34162,0,0,313.0851
"2026-10-08 00:32:00",2187,11.96032,-5.312096,66.21036,0,0,321.0693
"2026-10-08 00:33:00",2188,11.95781,-5.279918,65.74027,0.05553333,0.098,321.1885
"2026-10-08 00:34:00",2189,11.96368,-5.263129,65.65633,0.02123333,0.0784,321.7455
"2026-10-08 00:35:00",2190,11.96284,-5.181093,65.09314,0.003266667,0.0392,297.4785
"2026-10-08 00:36:00",2191,11.96368,-5.168119,64.90083,0.0196,0.0784,313.2823
"2026-10-08 00:37:00",2192,11.97124,-5.25944,65.10383,0.1453667,0.2156,327.0315
"2026-10-08 00:38:00",2193,11.96368,-5.345545,65.74332,0.2074333,0.2744,318.2107
"2026-10-08 00:39:00",2194,11.96284,-5.35623,65.60444,0.1519,0.2352,324.745
"2026-10-08 00:40:00",2195,11.96536,-5.421731,66.21494,0.2237667,0.2352,320.4538
"2026-10-08 00:41:00",2196,11.96284,-5.423513,66.06841,0.2580667,0.294,324.2401
"2026-10-08 00:42:00",2197,11.96368,-5.347328,65.5678,0.2433667,0.294,316.8215
"2026-10-08 00:43:00",2198,11.96452,-5.30879,65.94021,0.1486333,0.2156,336.4895
"2026-10-08 00:44:00",2199,11.96284,-5.355085,65.64107,0.1780333,0.2548,334.2572
"2026-10-08 00:45:00",2200,11.96116,-5.321127,65.89138,0.1927333,0.294,79.27689
"2026-10-08 00:46:00",2201,11.96368,-5.187325,65.29919,0.02776667,0.1176,61.88014
"2026-10-08 00:47:00",2202,11.96116,-5.095367,64.87489,0.01306667,0.0588,61.15193
"2026-10-08 00:48:00",2203,11.96116,-5.156164,65.1252,0.0294,0.0784,47.91203
"2026-10-08 00:49:00",2204,11.97208,-5.238454,65.51745,0.04246667,0.0784,40.55412
"2026-10-08 00:50:00",2205,11.96116,-5.32774,65.49303,0.009800001,0.0784,17.66766
"2026-10-08 00:51:00",2206,11.96032,-5.316548,65.79369,0,0,14.93472
"2026-10-08 00:52:00",2207,11.962,-5.343893,65.60902,0.1127,0.1568,342.2437
"2026-10-08 00:53:00",2208,11.95025,-5.290219,65.64565,0.08493334,0.1176,324.7884
"2026-10-08 00:54:00",2209,11.95781,-5.251554,65.20761,0.1045333,0.1372,317.9203
"2026-10-08 00:55:00",2210,11.962,-5.242525,64.83978,0.1061667,0.1372,304.6305
"2026-10-08 00:56:00",2211,11.96284,-5.098295,64.14076,0.1192333,0.1764,307.6062
"2026-10-08 00:57:00",2212,11.95949,-4.990819,63.38832,0.1845667,0.2156,317.9398
"2026-10-08 00:58:00",2213,11.9662,-5.016638,63.93624,0.2466334,0.2744,317.1595
"2026-10-08 00:59:00",2214,11.95865,-5.074001,64.20181,0.2564333,0.294,317.1335
"2026-10-08 01:00:00",2215,11.96116,-5.191904,64.40176,0.2531666,0.294,318.9021
"2026-10-08 01:01:00",2216,11.96368,-5.286022,65.18319,0.2662334,0.3136,315.0898
"2026-10-08 01:02:00",2217,11.96284,-5.322018,65.09924,0.2319333,0.294,315.4344
"2026-10-08 01:03:00",2218,11.96452,-5.312223,65.46097,0.3234,0.3724,324.3636
"2026-10-08 01:04:00",2219,11.9662,-5.358648,65.58459,0.3364666,0.392,322.2288
"2026-10-08 01:05:00",2220,11.96368,-5.353559,65.85932,0.2482667,0.3136,0.8148967
"2026-10-08 01:06:00",2221,11.95949,-5.26351,65.17861,0.1976333,0.2352,339.9832
"2026-10-08 01:07:00",2222,11.96116,-5.145226,64.56506,0.2368333,0.2744,336.1016
"2026-10-08 01:08:00",2223,11.95865,-5.014094,64.40633,0.2123333,0.2548,322.9917
"2026-10-08 01:09:00",2224,11.962,-5.020072,64.19724,0.3152333,0.3724,327.1009
"2026-10-08 01:10:00",2225,11.95613,-5.166211,65.04888,0.3054333,0.3332,321.8647
"2026-10-08 01:11:00",2226,11.962,-5.310569,65.98296,0.2842,0.3332,318.254
"2026-10-08 01:12:00",2227,11.962,-5.393623,66.20273,0.3021667,0.3136,322.6731
"2026-10-08 01:13:00",2228,11.96284,-5.41868,66.4393,0.2972666,0.3136,318.059
"2026-10-08 01:14:00",2229,11.96032,-5.426947,66.73997,0.245,0.3136,299.8993
"2026-10-08 01:15:00",2230,11.96032,-5.426819,66.88039,0.2793,0.3136,322.4802
"2026-10-08 01:16:00",2231,11.962,-5.436613,66.73539,0.2760333,0.3136,341.7083
"2026-10-08 01:17:00",2232,11.96788,-5.195082,65.35413,0.2221333,0.294,327.9439
"2026-10-08 01:18:00",2233,11.96704,-5.051363,64.17587,0.2090667,0.2548,290.1964
"2026-10-08 01:19:00",2234,11.96032,-4.992473,63.71188,0.08003332,0.1372,304.0432
"2026-10-08 01:20:00",2235,11.96284,-4.887798,63.37611,0.1813,0.3528,254.4168
"2026-10-08 01:21:00",2236,11.96116,-4.846843,63.30743,0.1780333,0.2548,266.9372
"2026-10-08 01:22:00",2237,11.96368,-4.939691,63.71799,0.1649667,0.2156,266.7357
"2026-10-08 01:23:00",2238,11.96704,-4.993237,64.20638,0.1437333,0.1764,253.2725
"2026-10-08 01:24:00",2239,11.96116,-5.091807,64.57269,0.1633333,0.2156,240.5679
"2026-10-08 01:25:00",2240,11.96452,-5.133779,64.69937,0.1568,0.2156,263.7491
"2026-10-08 01:26:00",2241,11.95949,-5.188597,65.18166,0.2205,0.2548,242.2692
"2026-10-08 01:27:00",2242,11.96284,-5.195083,65.13435,0.2188666,0.2744,263.4739
"2026-10-08 01:28:00",2243,11.96368,-5.261348,65.4335,0.2401,0.2744,258.4891
"2026-10-08 01:29:00",2244,11.96284,-5.20793,65.53423,0.2107,0.2548,276.9847
"2026-10-08 01:30:00",2245,11.96116,-5.254225,65.77996,0.2107,0.2744,240.724
"2026-10-08 01:31:00",2246,11.95361,-5.321381,66.1951,0.2074333,0.2548,270.7126
"2026-10-08 01:32:00",2247,11.96116,-5.366914,66.23936,0.2662333,0.3528,265.8471
"2026-10-08 01:33:00",2248,11.95865,-5.249265,65.57238,0.2727667,0.3332,254.4212
"2026-10-08 01:34:00",2249,11.95949,-5.200806,64.69479,0.2907333,0.3724,282.9859
"2026-10-08 01:35:00",2250,11.95865,-5.150821,64.23692,0.1894667,0.2744,239.3412
"2026-10-08 01:36:00",2251,11.962,-5.142682,64.48875,0.1257667,0.2352,254.976
"2026-10-08 01:37:00",2252,11.96032,-5.253081,65.00767,0.07350001,0.1372,273.3199
"2026-10-08 01:38:00",2253,11.96452,-5.313749,65.12672,0.1421,0.1764,251.7684
"2026-10-08 01:39:00",2254,11.95781,-5.316929,65.1023,0.1878333,0.2352,248.9315
"2026-10-08 01:40:00",2255,11.96284,-5.243414,64.47807,0.1568,0.2548,289.945
"2026-10-08 01:41:00",2256,11.95781,-5.2499,64.61543,0.2580667,0.3332,310.2329
"2026-10-08 01:42:00",2257,11.95865,-5.346437,65.25493,0.2776667,0.3332,310.2459
"2026-10-08 01:43:00",2258,11.96032,-5.408886,65.70211,0.2825667,0.3332,321.8279
"2026-10-08 01:44:00",2259,11.96116,-5.404943,65.54339,0.3038,0.3332,321.312
"2026-10-08 01:45:00",2260,11.96032,-5.40914,65.56934,0.2482667,0.3136,333.5247
"2026-10-08 01:46:00",2261,11.962,-5.357758,65.35413,0.2597,0.3528,320.1049
"2026-10-08 01:47:00",2262,11.96368,-5.360809,65.53728,0.2744,0.3724,323.436
"2026-10-08 01:48:00",2263,11.96536,-5.407359,66.06689,0.2548,0.294,317.528
"2026-10-08 01:49:00",2264,11.962,-5.398074,65.92953,0.2433667,0.2744,317.7794
"2026-10-08 01:50:00",2265,11.96368,-5.450476,66.05773,0.2466333,0.2744,320.8916
"2026-10-08 01:51:00",2266,11.95865,-5.454928,66.15389,0.2531667,0.294,332.9763
"2026-10-08 01:52:00",2267,11.95949,-5.567871,66.52019,0.2090667,0.2548,304.8104
"2026-10-08 01:53:00",2268,11.96368,-5.637951,66.82697,0.1551667,0.2548,252.3102
"2026-10-08 01:54:00",2269,11.9427,-5.698874,66.74608,0.05063333,0.098,271.5687
"2026-10-08 01:55:00",2270,11.96116,-5.620527,66.70944,0.01306667,0.0588,312.2008
"2026-10-08 01:56:00",2271,11.962,-5.587076,66.41946,0.1192333,0.1764,328.9864
"2026-10-08 01:57:00",2272,11.96032,-5.471716,66.01805,0.05226667,0.098,258.643
"2026-10-08 01:58:00",2273,11.95865,-5.419951,65.72196,0.1486333,0.2156,312.1315
"2026-10-08 01:59:00",2274,11.96452,-5.403671,65.17403,0.1192333,0.196,285.6495
"2026-10-08 02:00:00",2275,11.95697,-5.580208,66.01042,0.1551667,0.2352,243.0473
"2026-10-08 02:01:00",2276,11.96368,-5.697348,66.92922,0.1486333,0.2548,278.3176
"2026-10-08 02:02:00",2277,11.96032,-5.587585,66.20883,0.09636667,0.196,268.942
"2026-10-08 02:03:00",2278,11.97208,-5.476549,65.70975,0.2139667,0.2744,294.9558
"2026-10-08 02:04:00",2279,11.95865,-5.435215,65.48844,0.2237667,0.2548,293.2566
"2026-10-08 02:05:00",2280,11.96368,-5.387011,65.5968,0.2319333,0.294,279.735
"2026-10-08 02:06:00",2281,11.95865,-5.402272,65.26408,0.1584333,0.2156,292.0083
"2026-10-08 02:07:00",2282,11.95949,-5.354069,65.20151,0.2254,0.2744,286.8068
"2026-10-08 02:08:00",2283,11.962,-5.320745,64.65663,0.1764,0.2156,288.0855
"2026-10-08 02:09:00",2284,11.95949,-5.303828,64.87642,0.1698667,0.196,308.8502
"2026-10-08 02:10:00",2285,11.96032,-5.293018,64.78637,0.1600667,0.2156,301.2821
"2026-10-08 02:11:00",2286,11.95865,-5.369458,64.87183,0.2188666,0.294,262.3729
"2026-10-08 02:12:00",2287,11.95865,-5.358519,64.59711,0.1551667,0.196,311.6113
"2026-10-08 02:13:00",2288,11.96032,-5.394133,65.26714,0.196,0.2352,308.8177
"2026-10-08 02:14:00",2289,11.95865,-5.473625,65.45334,0.1845667,0.2548,287.9446
"2026-10-08 02:15:00",2290,11.962,-5.475277,65.83643,0.1649667,0.2156,259.3517
"2026-10-08 02:16:00",2291,11.95613,-5.426056,65.42739,0.1535333,0.196,251.2049
"2026-10-08 02:17:00",2292,11.96536,-5.412319,65.28851,0.1257667,0.1764,262.3686
"2026-10-08 02:18:00",2293,11.95949,-5.454802,65.52049,0.1094333,0.1568,232.0787
"2026-10-08 02:19:00",2294,11.95949,-5.392606,64.91305,0.0882,0.1372,286.7418
"2026-10-08 02:20:00",2295,11.96116,-5.494483,65.48234,0.1159667,0.1568,311.802
"2026-10-08 02:21:00",2296,11.95949,-5.503005,65.8929,0.1666,0.2352,321.4399
"2026-10-08 02:22:00",2297,11.95781,-5.481383,66.18747,0.1257667,0.196,339.9593
"2026-10-08 02:23:00",2298,11.95865,-5.434578,65.8639,0.2270333,0.2744,306.2798
"2026-10-08 02:24:00",2299,11.95865,-5.478077,65.94173,0.1780334,0.2352,300.2439
"2026-10-08 02:25:00",2300,11.96032,-5.473497,65.89596,0.08656666,0.1372,286.835
"2026-10-08 02:26:00",2301,11.95865,-5.486342,66.03026,0.1257667,0.1764,293.5037
"2026-10-08 02:27:00",2302,11.95781,-5.556042,66.22867,0.1796667,0.2744,294.7304
"2026-10-08 02:28:00",2303,11.95613,-5.541543,66.02874,0.2352,0.2744,246.9744
"2026-10-08 02:29:00",2304,11.95865,-5.574993,66.12946,0.1666,0.2156,285.5931
"2026-10-08 02:30:00",2305,11.962,-5.56749,66.28515,0.1862,0.2156,268.3177
"2026-10-08 02:31:00",2306,11.95613,-5.534039,66.22715,0.2041667,0.2744,282.0301
"2026-10-08 02:32:00",2307,11.95781,-5.430125,65.82269,0.1976333,0.2548,294.5245
"2026-10-08 02:33:00",2308,11.95865,-5.23591,64.82452,0.1911,0.2744,294.5331
"2026-10-08 02:34:00",2309,11.96032,-5.221538,64.59711,0.2041667,0.2352,276.2413
"2026-10-08 02:35:00",2310,11.96116,-5.240871,64.76196,0.2205,0.294,295.4955
"2026-10-08 02:36:00",2311,11.96032,-5.333972,65.02293,0.2074334,0.2744,305.803
"2026-10-08 02:37:00",2312,11.95949,-5.368186,65.27325,0.1649667,0.2156,297.8599
"2026-10-08 02:38:00",2313,11.95697,-5.414864,65.46707,0.1829333,0.2352,315.5991
"2026-10-08 02:39:00",2314,11.95865,-5.432288,65.986,0.2107,0.2744,314.1904
"2026-10-08 02:40:00",2315,11.96116,-5.427965,65.80437,0.1257667,0.1568,288.9308
"2026-10-08 02:41:00",2316,11.95949,-5.398711,65.65786,0.147,0.1764,258.2746
"2026-10-08 02:42:00",2317,11.95949,-5.39286,65.48692,0.1486333,0.2352,280.3852
"2026-10-08 02:43:00",2318,11.95529,-5.426437,65.64718,0.2172333,0.2744,314.7539
"2026-10-08 02:44:00",2319,11.95781,-5.420715,65.61513,0.2221333,0.3136,276.6618
"2026-10-08 02:45:00",2320,11.96116,-5.390316,65.37093,0.1159667,0.1568,302.1707
"2026-10-08 02:46:00",2321,11.95949,-5.302302,64.9451,0.1519,0.2156,301.204
"2026-10-08 02:47:00",2322,11.95529,-5.305482,65.26256,0.2352,0.2744,298.2999
"2026-10-08 02:48:00",2323,11.96032,-5.261348,64.98936,0.1617,0.2352,320.3065
"2026-10-08 02:49:00",2324,11.95277,-5.228406,65.13283,0.1911,0.2352,318.1543
"2026-10-08 02:50:00",2325,11.95781,-5.275593,65.20151,0.1894667,0.2548,297.4698
"2026-10-08 02:51:00",2326,11.95613,-5.31413,65.00462,0.1894667,0.2352,324.3137
"2026-10-08 02:52:00",2327,11.962,-5.468283,66.03637,0.2237667,0.2548,314.8102
"2026-10-08 02:53:00",2328,11.95529,-5.498427,66.29888,0.245,0.294,325.0138
"2026-10-08 02:54:00",2329,11.96032,-5.44806,66.44387,0.1649667,0.2156,290.2766
"2026-10-08 02:55:00",2330,11.95949,-5.402527,66.01348,0.1257667,0.196,316.7001
"2026-10-08 02:56:00",2331,11.95949,-5.444244,66.00584,0.1584333,0.196,278.0228
"2026-10-08 02:57:00",2332,11.95865,-5.364116,65.77386,0.05553333,0.1764,313.2151
"2026-10-08 02:58:00",2333,11.962,-5.346947,65.49455,0.1421,0.1764,313.4448
"2026-10-08 02:59:00",2334,11.96032,-5.367296,65.57391,0.1878333,0.2156,317.9203
"2026-10-08 03:00:00",2335,11.95781,-5.466373,66.09283,0.1029,0.1764,317.2267
"2026-10-08 03:01:00",2336,11.95865,-5.423893,66.00432,0.1502667,0.196,313.8393
"2026-10-08 03:02:00",2337,11.95781,-5.454037,65.94479,0.1372,0.2548,324.2509
"2026-10-08 03:03:00",2338,11.95613,-5.375181,65.8288,0.1192333,0.1764,306.3513
"2026-10-08 03:04:00",2339,11.95949,-5.330666,65.60444,0.147,0.1764,308.4644
"2026-10-08 03:05:00",2340,11.95697,-5.323543,65.5037,0.1290333,0.1568,283.2893
"2026-10-08 03:06:00",2341,11.95865,-5.372129,65.47166,0.05063333,0.1176,274.1586
"2026-10-08 03:07:00",2342,11.95613,-5.429109,65.6487,0.1551667,0.2744,326.4507
"2026-10-08 03:08:00",2343,11.95865,-5.380268,64.94357,0.2205,0.3528,304.2426
"2026-10-08 03:09:00",2344,11.95949,-5.344147,64.85352,0.1666,0.2548,268.9658
"2026-10-08 03:10:00",2345,11.96536,-5.315531,65.15115,0.1372,0.1764,322.101
"2026-10-08 03:11:00",2346,11.95865,-5.386118,65.46403,0.1437334,0.2156,337.1527
"2026-10-08 03:12:00",2347,11.95781,-5.45709,65.96463,0.1911,0.2352,324.9466
"2026-10-08 03:13:00",2348,11.95613,-5.462942,65.68838,0.2156,0.2548,340.8783
"2026-10-08 03:14:00",2349,11.95865,-5.339823,65.35566,0.1682333,0.2352,321.5114
"2026-10-08 03:15:00",2350,11.962,-5.338169,65.77843,0.1568,0.1764,328.7545
"2026-10-08 03:16:00",2351,11.95697,-5.505676,66.10658,0.1845667,0.2156,304.9686
"2026-10-08 03:17:00",2352,11.95781,-5.541288,66.04858,0.1911,0.2744,322.6384
"2026-10-08 03:18:00",2353,11.95697,-5.589365,66.55987,0.1862,0.2548,325.1243
"2026-10-08 03:19:00",2354,11.95865,-5.611496,66.53698,0.1666,0.1764,320.8678
"2026-10-08 03:20:00",2355,11.96032,-5.570033,66.36756,0.1502667,0.1764,301.1433
"2026-10-08 03:21:00",2356,11.95613,-5.561765,66.6545,0.1127,0.1764,251.7511
"2026-10-08 03:22:00",2357,11.96032,-5.565836,66.38435,0.1094333,0.1568,315.5124
"2026-10-08 03:23:00",2358,11.95949,-5.62536,66.77049,0.1159667,0.1568,320.9046
"2026-10-08 03:24:00",2359,11.95865,-5.636425,66.75523,0.1094333,0.1372,310.2394
"2026-10-08 03:25:00",2360,11.95697,-5.641386,66.75981,0.1600667,0.2156,310.8051
"2026-10-08 03:26:00",2361,11.95949,-5.633246,66.54461,0.1535333,0.1764,315.9871
"2026-10-08 03:27:00",2362,11.962,-5.694805,67.01928,0.1584333,0.2156,282.3314
"2026-10-08 03:28:00",2363,11.95781,-5.638079,66.59803,0.1649667,0.2156,265.056
"2026-10-08 03:29:00",2364,11.95697,-5.57423,66.28667,0.05063334,0.098,282.8299
"2026-10-08 03:30:00",2365,11.95613,-5.550574,66.50035,0.1029,0.1568,302.5564
"2026-10-08 03:31:00",2366,11.95865,-5.638968,66.75371,0.1029,0.1372,287.0149
"2026-10-08 03:32:00",2367,11.96032,-5.572958,66.53088,0.0784,0.1176,310.3716
"2026-10-08 03:33:00",2368,11.9427,-5.557568,66.4332,0.1502667,0.2156,301.9583
"2026-10-08 03:34:00",2369,11.95193,-5.556551,66.56903,0.1845667,0.2352,322.9548
"2026-10-08 03:35:00",2370,11.95781,-5.487234,66.05927,0.1617,0.196,303.7722
"2026-10-08 03:36:00",2371,11.95613,-5.488506,66.26225,0.1257667,0.1568,264.9802
"2026-10-08 03:37:00",2372,11.95781,-5.48151,66.27446,0.1943666,0.2744,268.0295
"2026-10-08 03:38:00",2373,11.95865,-5.54752,66.23631,0.1094333,0.1568,289.8432
"2026-10-08 03:39:00",2374,11.95613,-5.561002,66.37978,0.1176,0.1568,266.9632
"2026-10-08 03:40:00",2375,11.95781,-5.552608,66.37672,0.1584333,0.196,292.2792
"2026-10-08 03:41:00",2376,11.95277,-5.549047,66.49883,0.1682333,0.2156,292.1838
"2026-10-08 03:42:00",2377,11.95865,-5.515597,66.52019,0.2123333,0.2548,309.9642
"2026-10-08 03:43:00",2378,11.962,-5.452384,66.52019,0.1862,0.294,317.6689
"2026-10-08 03:44:00",2379,11.95613,-5.400873,66.20883,0.1274,0.294,319.9597
"2026-10-08 03:45:00",2380,11.962,-5.356994,66.01805,0.03266667,0.0784,332.5602
"2026-10-08 03:46:00",2381,11.95781,-5.352034,65.91122,0.09636667,0.1372,309.3465
"2026-10-08 03:47:00",2382,11.95361,-5.383958,66.04247,0.1159667,0.196,315.9459
"2026-10-08 03:48:00",2383,11.962,-5.439793,66.43472,0.1029,0.1568,290.8336
"2026-10-08 03:49:00",2384,11.95865,-5.443608,65.93563,0.1061667,0.196,316.3143
"2026-10-08 03:50:00",2385,11.95865,-5.536456,66.55376,0.1568,0.2352,282.1363
"2026-10-08 03:51:00",2386,11.95865,-5.613531,67.11238,0.05063333,0.098,266.7443
"2026-10-08 03:52:00",2387,11.95949,-5.608316,66.89412,0,0,266.8527
"2026-10-08 03:53:00",2388,11.9704,-5.539889,66.80102,0,0,346.0342
"2026-10-08 03:54:00",2389,11.95949,-5.496136,66.61176,0.0882,0.1764,341.7278
"2026-10-08 03:55:00",2390,11.95781,-5.435215,66.19204,0.1894667,0.2548,339.5692
"2026-10-08 03:56:00",2391,11.95865,-5.385357,65.88375,0.2041667,0.2352,313.6746
"2026-10-08 03:57:00",2392,11.95613,-5.406469,65.77386,0.1519,0.196,302.6063
"2026-10-08 03:58:00",2393,11.95613,-5.571177,66.3233,0.1535333,0.2156,302.9639
"2026-10-08 03:59:00",2394,11.95613,-5.597377,66.65298,0.1323,0.196,300.4867
"2026-10-08 04:00:00",2395,11.95697,-5.584531,66.42861,0.001633333,0.0196,60.52559
"2026-10-08 04:01:00",2396,11.95949,-5.559984,66.34467,0.08493334,0.1176,77.57557
"2026-10-08 04:02:00",2397,11.95781,-5.521828,66.23936,0.08166667,0.1568,136.6317
"2026-10-08 04:03:00",2398,11.96032,-5.536074,66.26531,0.1372,0.2744,187.0795
"2026-10-08 04:04:00",2399,11.96788,-5.425166,65.37703,0.1045333,0.196,139.4774
"2026-10-08 04:05:00",2400,11.95697,-5.362463,65.36634,0.09473334,0.1372,94.25711
"2026-10-08 04:06:00",2401,11.96032,-5.385611,65.2122,0.0539,0.1176,36.02884
"2026-10-08 04:07:00",2402,11.95697,-5.406343,65.48692,0.07840001,0.1372,339.3221
"2026-10-08 04:08:00",2403,11.95529,-5.490286,65.48844,0.1306667,0.1568,344.2852
"2026-10-08 04:09:00",2404,11.95865,-5.538364,65.86543,0.1388333,0.1568,351.2292
"2026-10-08 04:10:00",2405,11.95697,-5.524118,65.94021,0.1551667,0.196,311.5788
"2026-10-08 04:11:00",2406,11.95781,-5.495373,65.61054,0.2335667,0.2548,318.9952
"2026-10-08 04:12:00",2407,11.96032,-5.499189,65.84711,0.2303,0.2548,318.5249
"2026-10-08 04:13:00",2408,11.95613,-5.476677,65.69754,0.147,0.196,336.7301
"2026-10-08 04:14:00",2409,11.95865,-5.398582,65.83796,0.1257667,0.1568,349.3827
"2026-10-08 04:15:00",2410,11.95865,-5.433434,65.74486,0.1747667,0.2352,338.4747
"2026-10-08 04:16:00",2411,11.95781,-5.51178,66.2592,0.2009,0.2352,322.9592
"2026-10-08 04:17:00",2412,11.95865,-5.572195,66.73234,0.2123333,0.2548,300.27
"2026-10-08 04:18:00",2413,11.95781,-5.547266,66.15847,0.196,0.2548,319.3268
"2026-10-08 04:19:00",2414,11.95697,-5.484945,65.85017,0.2221333,0.2548,305.285
"2026-10-08 04:20:00",2415,11.95949,-5.432543,65.86543,0.1666,0.2548,224.5127
"2026-10-08 04:21:00",2416,11.95865,-5.359793,65.3343,0.01633333,0.098,279.4576
"2026-10-08 04:22:00",2417,11.95613,-5.315912,65.01225,0.02123334,0.0588,292.9359
"2026-10-08 04:23:00",2418,11.95697,-5.339695,64.93899,0.1731333,0.2156,328.282
"2026-10-08 04:24:00",2419,11.95529,-5.393878,65.17098,0.2303,0.2744,312.8922
"2026-10-08 04:25:00",2420,11.96368,-5.502623,66.16305,0.2662334,0.294,330.6487
"2026-10-08 04:26:00",2421,11.96032,-5.620781,66.96586,0.2891,0.3332,331.9469
"2026-10-08 04:27:00",2422,11.95781,-5.627141,66.17678,0.3266667,0.3724,329.7601
"2026-10-08 04:28:00",2423,11.95613,-5.595216,65.95853,0.3266666,0.3528,328.3839
"2026-10-08 04:29:00",2424,11.95781,-5.516994,65.23203,0.3479,0.3724,326.6522
"2026-10-08 04:30:00",2425,11.95613,-5.495246,65.31903,0.2874667,0.3528,317.0078
"2026-10-08 04:31:00",2426,11.95697,-5.467902,65.88069,0.2041667,0.2352,306.1021
"2026-10-08 04:32:00",2427,11.95865,-5.47566,66.32483,0.1764,0.2352,328.7632
"2026-10-08 04:33:00",2428,11.96116,-5.515978,66.44083,0.07676666,0.1568,284.1346
"2026-10-08 04:34:00",2429,11.95865,-5.482146,66.22562,0.08983334,0.196,310.0661
"2026-10-08 04:35:00",2430,11.95949,-5.395657,65.7067,0.1845667,0.2548,302.914
"2026-10-08 04:36:00",2431,11.95697,-5.33499,65.52355,0.1747667,0.2156,307.2074
"2026-10-08 04:37:00",2432,11.95781,-5.387772,65.8059,0.1845667,0.2352,292.4179
"2026-10-08 04:38:00",2433,11.95613,-5.467392,66.25005,0.1829333,0.2352,269.202
"2026-10-08 04:39:00",2434,11.95697,-5.474007,66.45914,0.1992667,0.2548,317.5627
"2026-10-08 04:40:00",2435,11.95781,-5.452512,66.4103,0.2335667,0.2744,304.3705
"2026-10-08 04:41:00",2436,11.95697,-5.413846,65.8868,0.2254,0.294,305.272
"2026-10-08 04:42:00",2437,11.95949,-5.404943,65.94631,0.2482667,0.294,311.2906
"2026-10-08 04:43:00",2438,11.95529,-5.340204,65.29308,0.2384667,0.3136,313.8566
"2026-10-08 04:44:00",2439,11.95781,-5.276612,64.9451,0.3364666,0.392,307.1034
"2026-10-08 04:45:00",2440,11.95949,-5.200171,64.50554,0.3136,0.3528,314.47
"2026-10-08 04:46:00",2441,11.95949,-5.139756,64.794,0.3332,0.3724,307.0557
"2026-10-08 04:47:00",2442,11.95445,-5.213144,64.90846,0.3299333,0.392,320.443
"2026-10-08 04:48:00",2443,11.95613,-5.27445,64.77416,0.4165,0.5096,313.3235
"2026-10-08 04:49:00",2444,11.962,-5.236801,64.87183,0.4148667,0.49,323.9106
"2026-10-08 04:50:00",2445,11.95613,-5.266563,64.71616,0.3985333,0.4704,318.4686
"2026-10-08 04:51:00",2446,11.95697,-5.325959,65.35566,0.3103333,0.3724,307.8619
"2026-10-08 04:52:00",2447,11.95529,-5.351397,65.67617,0.3021667,0.3332,319.42
"2026-10-08 04:53:00",2448,11.95865,-5.338171,65.59834,0.3136,0.3528,308.4796
"2026-10-08 04:54:00",2449,11.95697,-5.302303,65.59834,0.3201333,0.3528,318.7633
"2026-10-08 04:55:00",2450,11.95865,-5.169391,64.77721,0.3332,0.392,303.8546
"2026-10-08 04:56:00",2451,11.95865,-5.088881,64.63374,0.3315667,0.3724,303.6531
"2026-10-08 04:57:00",2452,11.94354,-5.052633,64.78027,0.3348333,0.4116,311.4596
"2026-10-08 04:58:00",2453,11.95613,-4.982679,64.2598,0.3413667,0.392,308.0028
"2026-10-08 04:59:00",2454,11.94689,-4.971742,64.55285,0.3250333,0.3528,309.6239
"2026-10-08 05:00:00",2455,11.95949,-5.061409,64.55437,0.2188667,0.2548,270.1621
"2026-10-08 05:01:00",2456,11.95865,-5.074382,64.42007,0.1502667,0.2744,319.6042
"2026-10-08 05:02:00",2457,11.95865,-5.085066,64.74516,0.3234,0.3724,315.3217
"2026-10-08 05:03:00",2458,11.95697,-5.087482,64.96341,0.3152333,0.3724,312.4002
"2026-10-08 05:04:00",2459,11.95361,-5.156928,65.30834,0.3005333,0.3332,320.3108
"2026-10-08 05:05:00",2460,11.95949,-5.155019,65.4686,0.2891,0.3332,305.012
"2026-10-08 05:06:00",2461,11.95697,-5.170535,65.36482,0.294,0.3528,304.3791
"2026-10-08 05:07:00",2462,11.95613,-5.154129,64.83063,0.3511667,0.4312,301.9019
"2026-10-08 05:08:00",2463,11.95781,-5.098675,64.24149,0.3871,0.4508,306.2321
"2026-10-08 05:09:00",2464,11.95697,-5.079088,64.49944,0.4050666,0.4704,306.7458
"2026-10-08 05:10:00",2465,11.95529,-5.071202,64.22776,0.3903666,0.4312,293.7855
"2026-10-08 05:11:00",2466,11.95529,-5.038007,64.22776,0.3479,0.4312,304.7194
"2026-10-08 05:12:00",2467,11.95025,-5.043094,63.94845,0.3707666,0.5096,265.2099
"2026-10-08 05:13:00",2468,11.95613,-5.00481,63.71647,0.2254,0.294,309.392
"2026-10-08 05:14:00",2469,11.95865,-4.993491,63.89045,0.2107,0.2352,322.8443
"2026-10-08 05:15:00",2470,11.95445,-5.024016,64.20181,0.1780333,0.2548,291.8067
"2026-10-08 05:16:00",2471,11.9427,-5.095368,64.19265,0.2417333,0.3136,307.5802
"2026-10-08 05:17:00",2472,11.95865,-5.147261,64.13313,0.3005333,0.3332,299.3575
"2026-10-08 05:18:00",2473,11.95193,-5.146625,64.65969,0.2417334,0.3528,334.7166
"2026-10-08 05:19:00",2474,11.95613,-5.161633,64.07818,0.2760333,0.3724,317.14
"2026-10-08 05:20:00",2475,11.95613,-5.162905,64.44907,0.2319333,0.2744,327.5712
"2026-10-08 05:21:00",2476,11.95529,-5.138484,64.38954,0.2466334,0.294,312.3395
"2026-10-08 05:22:00",2477,11.95781,-5.156164,64.48569,0.2254,0.294,318.5358
"2026-10-08 05:23:00",2478,11.95697,-5.185036,64.4979,0.06533334,0.1764,67.84232
"2026-10-08 05:24:00",2479,11.95361,-5.271905,65.0153,0.07186667,0.098,38.32399
"2026-10-08 05:25:00",2480,11.95361,-5.452511,65.57238,0.03103334,0.0784,325.8286
"2026-10-08 05:26:00",2481,11.962,-5.593309,66.03942,0,0,325.7896
"2026-10-08 05:27:00",2482,11.95697,-5.623198,66.26989,0,0,335.0504
"2026-10-08 05:28:00",2483,11.96032,-5.663644,66.66976,0.1404667,0.2744,300.4412
"2026-10-08 05:29:00",2484,11.95361,-5.556298,66.67281,0.3103333,0.3724,304.7757
"2026-10-08 05:30:00",2485,11.95445,-5.370602,65.86696,0.2417333,0.294,312.1553
"2026-10-08 05:31:00",2486,11.95697,-5.296198,65.00462,0.3626,0.4116,303.2565
"2026-10-08 05:32:00",2487,11.95277,-5.21645,64.90389,0.3397333,0.392,312.9767
"2026-10-08 05:33:00",2488,11.95277,-5.136068,64.85963,0.3299333,0.392,311.3946
"2026-10-08 05:34:00",2489,11.95697,-5.169899,65.23814,0.3038,0.3332,301.5746
"2026-10-08 05:35:00",2490,11.95613,-5.119407,64.87183,0.2956333,0.3332,306.0067
"2026-10-08 05:36:00",2491,11.95529,-5.121314,64.67648,0.3691334,0.4508,307.6994
"2026-10-08 05:37:00",2492,11.95949,-5.033429,64.0263,0.3577,0.4312,304.4506
"2026-10-08 05:38:00",2493,11.96788,-5.002903,64.18197,0.3838333,0.4508,304.7714
"2026-10-08 05:39:00",2494,11.95361,-4.956862,64.21402,0.2891,0.392,296.785
"2026-10-08 05:40:00",2495,11.95529,-4.984461,64.16976,0.2482667,0.3332,316.0413
"2026-10-08 05:41:00",2496,11.96032,-5.004683,64.77416,0.2482667,0.2744,322.2548
"2026-10-08 05:42:00",2497,11.95445,-5.031265,64.17434,0.2760333,0.294,322.3979
"2026-10-08 05:43:00",2498,11.94522,-5.053268,64.56658,0.2286667,0.2744,319.821
"2026-10-08 05:44:00",2499,11.95361,-5.041694,64.78637,0.2041667,0.2548,297.7603
"2026-10-08 05:45:00",2500,11.95949,-5.008117,64.6368,0.196,0.2548,297.3918
"2026-10-08 05:46:00",2501,11.962,-5.059628,64.41244,0.2466334,0.3528,316.8713
"2026-10-08 05:47:00",2502,11.95865,-5.0899,64.81078,0.2891,0.3332,323.4425
"2026-10-08 05:48:00",2503,11.95361,-5.108468,64.45517,0.3201333,0.3724,309.884
"2026-10-08 05:49:00",2504,11.95361,-5.011043,64.51012,0.2662333,0.294,300.2201
"2026-10-08 05:50:00",2505,11.95445,-5.024016,64.47196,0.3119666,0.3528,312.1336
"2026-10-08 05:51:00",2506,11.95109,-5.112666,65.04278,0.2368333,0.294,310.597
"2026-10-08 05:52:00",2507,11.95865,-5.133524,65.0672,0.2727666,0.3724,315.7855
"2026-10-08 05:53:00",2508,11.95529,-5.120424,64.96799,0.3250333,0.3724,316.2645
"2026-10-08 05:54:00",2509,11.96032,-5.126275,65.18014,0.3087,0.3528,313.3387
"2026-10-08 05:55:00",2510,11.95109,-5.119279,65.27935,0.2531667,0.2744,300.6882
"2026-10-08 05:56:00",2511,11.95277,-5.116227,64.36817,0.2172333,0.3136,255.2101
"2026-10-08 05:57:00",2512,11.95697,-5.074763,64.83521,0.2009,0.2352,301.4879
"2026-10-08 05:58:00",2513,11.95277,-5.014985,64.57269,0.2907333,0.3332,310.9178
"2026-10-08 05:59:00",2514,11.95361,-5.011806,64.67648,0.2891,0.3332,304.6977
"2026-10-08 06:00:00",2515,11.95697,-5.072093,65.11451,0.3217667,0.3528,314.3941
"2026-10-08 06:01:00",2516,11.95613,-5.103508,65.38313,0.2891,0.3332,310.571
"2026-10-08 06:02:00",2517,11.95697,-5.07947,65.18777,0.3217667,0.3724,304.689
"2026-10-08 06:03:00",2518,11.95613,-5.059374,64.9802,0.2548,0.3136,305.959
"2026-10-08 06:04:00",2519,11.96032,-5.014477,64.96188,0.2123333,0.2744,296.7784
"2026-10-08 06:05:00",2520,11.95361,-5.028213,64.99393,0.1894667,0.2352,308.4969
"2026-10-08 06:06:00",2521,11.95697,-4.971615,64.84589,0.2891,0.3528,296.0936
"2026-10-08 06:07:00",2522,11.95445,-4.892758,64.03851,0.3021667,0.3724,316.7477
"2026-10-08 06:08:00",2523,11.95445,-4.937147,64.35901,0.3103333,0.392,319.1773
"2026-10-08 06:09:00",2524,11.95865,-4.955462,64.48264,0.3038,0.3528,325.9413
"2026-10-08 06:10:00",2525,11.95613,-5.036734,64.61543,0.2809333,0.3724,308.2693
"2026-10-08 06:11:00",2526,11.95277,-4.956606,64.37886,0.3005333,0.392,298.638
"2026-10-08 06:12:00",2527,11.95949,-4.859689,64.43227,0.3626,0.4312,308.4688
"2026-10-08 06:13:00",2528,11.96536,-4.902678,63.65693,0.3511666,0.4116,313.7569
"2026-10-08 06:14:00",2529,11.95445,-4.940961,64.29339,0.2923667,0.3528,314.1167
"2026-10-08 06:15:00",2530,11.95445,-5.003793,64.42159,0.3315666,0.4116,313.356
"2026-10-08 06:16:00",2531,11.9662,-5.04055,64.61543,0.392,0.4704,306.4012
"2026-10-08 06:17:00",2532,11.95529,-5.048436,64.8581,0.3626,0.4116,301.5335
"2026-10-08 06:18:00",2533,11.95529,-5.052124,64.96494,0.3054333,0.392,308.7852
"2026-10-08 06:19:00",2534,11.95361,-5.003793,65.05957,0.2711333,0.3528,309.2728
"2026-10-08 06:20:00",2535,11.95361,-4.9388,64.28881,0.2858333,0.3724,303.1069
"2026-10-08 06:21:00",2536,11.95529,-4.856765,64.23692,0.3299333,0.392,299.4616
"2026-10-08 06:22:00",2537,11.95277,-4.90993,64.57269,0.294,0.3332,301.2842
"2026-10-08 06:23:00",2538,11.95697,-4.912091,64.54827,0.2646,0.3136,319.4244
"2026-10-08 06:24:00",2539,11.95193,-4.931169,64.73753,0.3397333,0.392,298.5622
"2026-10-08 06:25:00",2540,11.95529,-4.934476,64.89779,0.2629667,0.3136,289.6676
"2026-10-08 06:26:00",2541,11.95445,-4.906877,64.61696,0.2613333,0.3528,300.6882
"2026-10-08 06:27:00",2542,11.95613,-4.881311,64.71616,0.2711334,0.3136,307.8576
"2026-10-08 06:28:00",2543,11.95277,-4.846591,64.51775,0.2776667,0.3528,300.4693
"2026-10-08 06:29:00",2544,11.96116,-4.781214,64.13161,0.2368333,0.3332,314.4808
"2026-10-08 06:30:00",2545,11.95613,-4.77918,64.52386,0.2368333,0.3136,314.8947
"2026-10-08 06:31:00",2546,11.95697,-4.745093,64.37276,0.2809334,0.3136,295.4391
"2026-10-08 06:32:00",2547,11.95613,-4.727287,64.38802,0.2809334,0.3136,287.7301
"2026-10-08 06:33:00",2548,11.95361,-4.677684,64.07818,0.2401,0.2744,301.5443
"2026-10-08 06:34:00",2549,11.95697,-4.753615,64.10261,0.2825666,0.3332,316.8886
"2026-10-08 06:35:00",2550,11.95445,-4.819625,64.5559,0.3168667,0.3528,323.5075
"2026-10-08 06:36:00",2551,11.95361,-4.879786,64.51622,0.3495333,0.4508,331.8602
"2026-10-08 06:37:00",2552,11.95361,-4.877877,64.48569,0.2401,0.3136,326.3596
"2026-10-08 06:38:00",2553,11.95361,-4.871645,65.18166,0.2629667,0.3136,316.9753
"2026-10-08 06:39:00",2554,11.95529,-4.888434,64.94662,0.2776667,0.3136,309.9295
"2026-10-08 06:40:00",2555,11.95949,-4.883092,64.80468,0.3315667,0.392,316.1106
"2026-10-08 06:41:00",2556,11.95445,-4.906495,65.32971,0.2956333,0.3332,322.1877
"2026-10-08 06:42:00",2557,11.95529,-4.792661,64.40786,0.2727666,0.3136,304.6652
"2026-10-08 06:43:00",2558,11.95613,-4.740005,64.26744,0.3070666,0.3528,308.1112
"2026-10-08 06:44:00",2559,11.95445,-4.775873,64.60474,0.2107,0.2744,297.2834
"2026-10-08 06:45:00",2560,11.95529,-4.850406,64.678,0.2923667,0.3724,277.3683
"2026-10-08 06:46:00",2561,11.95865,-4.881312,64.93594,0.2286667,0.2744,285.0318
"2026-10-08 06:47:00",2562,11.95529,-4.828402,64.19265,0.1894667,0.3136,311.4358
"2026-10-08 06:48:00",2563,11.95781,-4.791645,63.94388,0.1241333,0.2156,309.8081
"2026-10-08 06:49:00",2564,11.95445,-4.743696,64.10413,0.1274,0.1764,311.6872
"2026-10-08 06:50:00",2565,11.95445,-4.718766,63.96677,0.1862,0.2548,303.276
"2026-10-08 06:51:00",2566,11.95697,-4.768497,64.4567,0.2695,0.3724,314.134
"2026-10-08 06:52:00",2567,11.95445,-4.784395,64.28576,0.2123333,0.2744,332.0683
"2026-10-08 06:53:00",2568,11.95865,-4.766715,64.47348,0.2597,0.4116,323.5769
"2026-10-08 06:54:00",2569,11.95277,-4.878387,64.54675,0.3348333,0.392,315.9459
"2026-10-08 06:55:00",2570,11.95781,-4.85155,65.01225,0.2090667,0.2744,281.9391
"2026-10-08 06:56:00",2571,11.95529,-4.914254,64.78179,0.1878333,0.2548,281.3539
"2026-10-08 06:57:00",2572,11.95193,-4.890979,64.678,0.2205,0.2744,314.1904
"2026-10-08 06:58:00",2573,11.95529,-4.884617,64.72837,0.2499,0.3136,262.6135
"2026-10-08 06:59:00",2574,11.95613,-4.831453,64.80773,0.2237666,0.294,305.3479
"2026-10-08 07:00:00",2575,11.95445,-4.882966,64.81078,0.1617,0.2352,314.7214
"2026-10-08 07:01:00",2576,11.96032,-4.895684,64.91,0.1715,0.2352,301.3297
"2026-10-08 07:02:00",2577,11.95193,-4.870246,65.11604,0.2368333,0.294,307.2291
"2026-10-08 07:03:00",2578,11.95193,-4.910436,65.2244,0.2123333,0.2548,309.9533
"2026-10-08 07:04:00",2579,11.95277,-5.017021,65.69296,0.1617,0.196,309.1688
"2026-10-08 07:05:00",2580,11.95865,-5.007737,66.01958,0.1943667,0.2548,299.9059
"2026-10-08 07:06:00",2581,11.95361,-5.050725,66.04858,0.1747667,0.2352,307.0254
"2026-10-08 07:07:00",2582,11.94102,-5.052251,66.19662,0.2025333,0.2352,322.853
"2026-10-08 07:08:00",2583,11.95613,-5.029103,66.04247,0.1682333,0.2548,322.1161
"2026-10-08 07:09:00",2584,11.95361,-5.06548,66.45609,0.07023333,0.1372,74.0169
"2026-10-08 07:10:00",2585,11.95529,-5.22955,65.59528,0.0833,0.1176,86.03013
"2026-10-08 07:11:00",2586,11.95529,-5.480875,66.37978,0.07186667,0.098,106.7428
"2026-10-08 07:12:00",2587,11.95445,-5.694295,66.92464,0.0049,0.0392,91.58702
"2026-10-08 07:13:00",2588,11.94941,-5.757635,67.34436,0,0,280.4719
"2026-10-08 07:14:00",2589,11.95613,-5.858239,67.55804,0.0049,0.0392,285.203
"2026-10-08 07:15:00",2590,11.95781,-5.932899,67.91518,0,0,290.2636
"2026-10-08 07:16:00",2591,11.95445,-5.953377,68.18533,0,0,290.2745
"2026-10-08 07:17:00",2592,11.95445,-5.93964,68.17617,0,0,290.2745
"2026-10-08 07:18:00",2593,11.95445,-5.944854,68.23112,0,0,94.15525
"2026-10-08 07:19:00",2594,11.95361,-5.962025,68.17312,0,0,97.23712
"2026-10-08 07:20:00",2595,11.95529,-5.932518,68.04797,0,0,309.1731
"2026-10-08 07:21:00",2596,11.95529,-5.918654,68.31353,0,0,303.9391
"2026-10-08 07:22:00",2597,11.94354,-5.94829,68.44936,0,0,201.7736
"2026-10-08 07:23:00",2598,11.95613,-5.91204,68.34559,0.01796667,0.0588,249.211
"2026-10-08 07:24:00",2599,11.95277,-5.950325,68.40511,0.009800001,0.0588,236.7448
"2026-10-08 07:25:00",2600,11.95445,-5.984282,68.63252,0,0,269.1565
"2026-10-08 07:26:00",2601,11.95361,-6.005905,69.03393,0.0196,0.0784,287.4808
"2026-10-08 07:27:00",2602,11.95025,-5.973727,69.38344,0.1486333,0.1764,284.9191
"2026-10-08 07:28:00",2603,11.95529,-5.808637,69.06139,0.2107,0.2548,283.6859
"2026-10-08 07:29:00",2604,11.95277,-5.582497,68.38528,0.1780333,0.2744,281.9521
"2026-10-08 07:30:00",2605,11.95529,-5.392096,67.55499,0.2956333,0.3332,288.0573
"2026-10-08 07:31:00",2606,11.95781,-5.163922,66.49425,0.2433667,0.294,302.6106
"2026-10-08 07:32:00",2607,11.95277,-5.044113,66.23325,0.2384667,0.294,295.2917
"2026-10-08 07:33:00",2608,11.96116,-4.974667,66.2302,0.2090667,0.2352,282.5763
"2026-10-08 07:34:00",2609,11.95361,-5.045511,66.05468,0.1992667,0.294,292.6693
"2026-10-08 07:35:00",2610,11.95193,-5.048563,66.05773,0.2123333,0.2744,297.3203
"2026-10-08 07:36:00",2611,11.95529,-5.00443,65.87763,0.1731333,0.196,297.2249
"2026-10-08 07:37:00",2612,11.95445,-4.956733,65.53728,0.2090666,0.294,315.0443
"2026-10-08 07:38:00",2613,11.95277,-4.984969,65.7998,0.2139667,0.2744,328.6505
"2026-10-08 07:39:00",2614,11.95277,-4.952663,65.83032,0.147,0.2156,315.3976
"2026-10-08 07:40:00",2615,11.95361,-4.960423,65.78606,0.1421,0.2156,321.3424
"2026-10-08 07:41:00",2616,11.95613,-4.931551,65.70211,0.1372,0.1764,312.4609
"2026-10-08 07:42:00",2617,11.95613,-4.870246,65.47318,0.06533333,0.1372,281.0072
"2026-10-08 07:43:00",2618,11.95529,-4.877496,65.14352,0.01143333,0.0588,132.4446
"2026-10-08 07:44:00",2619,11.95193,-5.047291,65.22134,0,0,145.8492
"2026-10-08 07:45:00",2620,11.95445,-5.184781,65.65176,0,0,85.87191
"2026-10-08 07:46:00",2621,11.95361,-5.355467,66.06994,0,0,2.66792
"2026-10-08 07:47:00",2622,11.95109,-5.5086,66.68349,0.001633333,0.0196,326.067
"2026-10-08 07:48:00",2623,11.95445,-5.654739,67.07422,0,0,350.8716
"2026-10-08 07:49:00",2624,11.95277,-5.742118,67.47715,0,0,354.168
"2026-10-08 07:50:00",2625,11.95193,-5.82568,67.83124,0,0,353.4702
"2026-10-08 07:51:00",2626,11.95361,-5.847047,68.16396,0,0,353.4853
"2026-10-08 07:52:00",2627,11.95109,-5.913185,68.25249,0,0,353.5503
"2026-10-08 07:53:00",2628,11.94941,-5.938241,68.56995,0,0,353.5156
"2026-10-08 07:54:00",2629,11.95613,-5.980085,68.73784,0.001633333,0.0196,36.39294
"2026-10-08 07:55:00",2630,11.95193,-6.053854,68.95914,0.0196,0.0784,37.73665
"2026-10-08 07:56:00",2631,11.94354,-6.080946,69.26745,0.0686,0.098,18.10545
"2026-10-08 07:57:00",2632,11.95361,-6.114523,69.6078,0.003266667,0.0196,85.32143
"2026-10-08 07:58:00",2633,11.95277,-6.038464,69.78637,0,0,22.94715
"2026-10-08 07:59:00",2634,11.95025,-6.001581,69.31781,0.0245,0.098,302.4221
"2026-10-08 08:00:00",2635,11.95445,-5.955666,69.62154,0.098,0.1176,296.9475
"2026-10-08 08:01:00",2636,11.94857,-5.867144,69.31628,0.0882,0.1568,282.2664
"2026-10-08 08:02:00",2637,11.95109,-5.724184,69.10414,0.196,0.2352,279.6223
"2026-10-08 08:03:00",2638,11.95697,-5.628031,68.55773,0.1176,0.1568,256.9959
"2026-10-08 08:04:00",2639,11.95193,-5.540781,68.00829,0.1355667,0.1568,293.9372
"2026-10-08 08:05:00",2640,11.94857,-5.493084,67.63283,0.1731333,0.2156,303.6834
"2026-10-08 08:06:00",2641,11.95193,-5.440301,67.32605,0.1617,0.2156,319.0299
"2026-10-08 08:07:00",2642,11.95361,-5.388663,67.22684,0.1731333,0.2156,295.9245
"2026-10-08 08:08:00",2643,11.95445,-5.405452,67.2879,0.1715,0.2352,270.0082
"2026-10-08 08:09:00",2644,11.95277,-5.301413,66.67434,0.1045333,0.1764,304.5027
"2026-10-08 08:10:00",2645,11.95277,-5.28793,66.67281,0.1649667,0.196,298.547
"2026-10-08 08:11:00",2646,11.95109,-5.239218,66.58276,0.1290333,0.1568,308.3452
"2026-10-08 08:12:00",2647,11.95529,-5.256642,66.73386,0.1584333,0.2156,316.0239
"2026-10-08 08:13:00",2648,11.95529,-5.27483,66.69418,0.2270333,0.2548,305.7336
"2026-10-08 08:14:00",2649,11.95361,-5.340714,66.8178,0.2254,0.2548,309.379
"2026-10-08 08:15:00",2650,11.95697,-5.275339,66.51714,0.2090667,0.2744,313.1804
"2026-10-08 08:16:00",2651,11.95277,-5.224845,66.3172,0.2090667,0.2548,297.1144
"2026-10-08 08:17:00",2652,11.95109,-5.254862,66.32941,0.1976333,0.2352,296.0329
"2026-10-08 08:18:00",2653,11.95361,-5.186689,66.19051,0.1535333,0.1764,303.6097
"2026-10-08 08:19:00",2654,11.95277,-5.103126,65.83643,0.1453667,0.196,303.1264
"2026-10-08 08:20:00",2655,11.95697,-5.097149,65.45028,0.08983333,0.1176,290.6451
"2026-10-08 08:21:00",2656,11.95361,-4.991201,65.04736,0.1551667,0.2156,306.2516
"2026-10-08 08:22:00",2657,11.95109,-5.036481,65.40755,0.1192333,0.1764,313.421
"2026-10-08 08:23:00",2658,11.95697,-5.152603,65.51286,0.1535333,0.2548,305.5321
"2026-10-08 08:24:00",2659,11.94605,-5.184019,65.67007,0.1290333,0.1764,330.7505
"2026-10-08 08:25:00",2660,11.94438,-5.212508,65.91732,0.1519,0.2156,290.7621
"2026-10-08 08:26:00",2661,11.95277,-5.133269,65.54644,0.1404667,0.1764,267.5614
"2026-10-08 08:27:00",2662,11.95613,-5.050598,65.20914,0.1600666,0.196,303.859
"2026-10-08 08:28:00",2663,11.95193,-5.016893,64.82758,0.1568,0.196,307.1121
"2026-10-08 08:29:00",2664,11.95193,-5.007226,64.7299,0.1421,0.196,233.5329
"2026-10-08 08:30:00",2665,11.95529,-4.967037,64.54369,0.06043333,0.1764,277.9882
"2026-10-08 08:31:00",2666,11.94438,-4.957878,64.3468,0.0245,0.0784,308.7353
"2026-10-08 08:32:00",2667,11.95025,-4.944269,64.43533,0.03103334,0.0784,341.9706
"2026-10-08 08:33:00",2668,11.94857,-4.92659,64.18197,0.02123334,0.0784,314.4786
"2026-10-08 08:34:00",2669,11.95445,-5.010661,64.48264,0.1568,0.196,330.1199
"2026-10-08 08:35:00",2670,11.95445,-5.092442,65.14809,0.2286667,0.3136,326.3596
"2026-10-08 08:36:00",2671,11.95361,-5.234766,65.98906,0.2319333,0.2744,316.2298
"2026-10-08 08:37:00",2672,11.95193,-5.265291,65.95242,0.2058,0.2548,318.2193
"2026-10-08 08:38:00",2673,11.95445,-5.211364,65.50066,0.1127,0.1568,330.4298
"2026-10-08 08:39:00",2674,11.95361,-5.140393,65.19082,0.06859999,0.1372,335.0288
"2026-10-08 08:40:00",2675,11.95277,-5.09804,65.01989,0.06206667,0.1176,351.0406
"2026-10-08 08:41:00",2676,11.95193,-5.074382,65.30987,0.09146667,0.1372,311.0738
"2026-10-08 08:42:00",2677,11.95277,-5.095368,65.00462,0.1306667,0.1764,303.3865
"2026-10-08 08:43:00",2678,11.95361,-5.090534,65.01225,0.1486333,0.1764,281.3236
"2026-10-08 08:44:00",2679,11.95193,-5.075527,65.14656,0.09310001,0.1372,295.7642
"2026-10-08 08:45:00",2680,11.95109,-5.116735,65.50523,0.1421,0.1764,319.3116
"2026-10-08 08:46:00",2681,11.95109,-5.161888,65.5968,0.1421,0.196,298.9717
"2026-10-08 08:47:00",2682,11.94857,-5.158708,65.6838,0.1274,0.1764,246.4087
"2026-10-08 08:48:00",2683,11.95277,-5.196101,65.65022,0.09963334,0.1764,299.8127
"2026-10-08 08:49:00",2684,11.95529,-5.241507,66.06078,0.1519,0.1764,305.9395
"2026-10-08 08:50:00",2685,11.95277,-5.28208,66.044,0.1486333,0.1764,263.2702
"2026-10-08 08:51:00",2686,11.95193,-5.240489,66.0379,0.1208667,0.1568,309.3899
"2026-10-08 08:52:00",2687,11.95445,-5.235657,65.96463,0.1159667,0.1568,297.886
"2026-10-08 08:53:00",2688,11.95445,-5.185925,65.64565,0.08983334,0.1176,275.4373
"2026-10-08 08:54:00",2689,11.95445,-5.14319,65.40145,0.0931,0.1372,247.0264
"2026-10-08 08:55:00",2690,11.95361,-5.122841,65.14046,0.09963333,0.1176,293.9263
"2026-10-08 08:56:00",2691,11.95445,-5.133779,65.11756,0.1339333,0.1764,287.7322
"2026-10-08 08:57:00",2692,11.95193,-5.108722,64.93594,0.0882,0.1372,295.7728
"2026-10-08 08:58:00",2693,11.95361,-5.075146,65.09467,0.1306667,0.1764,315.222
"2026-10-08 08:59:00",2694,11.95445,-5.152604,65.26103,0.1225,0.1568,301.7285
"2026-10-08 09:00:00",2695,11.95361,-5.157563,65.18319,0.1323,0.1764,257.6894
"2026-10-08 09:01:00",2696,11.9427,-5.137975,65.0443,0.1339333,0.196,256.6275
"2026-10-08 09:02:00",2697,11.95697,-5.0609,64.84131,0.09473334,0.1372,268.2657
"2026-10-08 09:03:00",2698,11.95193,-5.105033,64.96494,0.08003334,0.1176,290.5714
"2026-10-08 09:04:00",2699,11.95025,-5.137976,64.7299,0.1290333,0.1568,284.9451
"2026-10-08 09:05:00",2700,11.94941,-5.124876,64.80163,0.1421,0.196,239.1549
"2026-10-08 09:06:00",2701,11.95529,-5.053905,64.562,0.1176,0.1568,263.0534
"2026-10-08 09:07:00",2702,11.95361,-5.04691,64.50096,0.07676667,0.1176,250.7433
"2026-10-08 09:08:00",2703,11.95865,-5.044366,64.48417,0.1404667,0.1764,281.109
"2026-10-08 09:09:00",2704,11.95445,-5.090407,64.80621,0.1388333,0.1568,294.9666
"2026-10-08 09:10:00",2705,11.95109,-5.087355,64.98173,0.1372,0.1764,299.2968
"2026-10-08 09:11:00",2706,11.95277,-5.117243,65.20456,0.1274,0.1568,301.5638
"2026-10-08 09:12:00",2707,11.95445,-5.124112,65.12214,0.1355667,0.1764,303.7636
"2026-10-08 09:13:00",2708,11.95445,-5.141665,65.25645,0.1649667,0.2352,309.3465
"2026-10-08 09:14:00",2709,11.94941,-5.207039,65.52508,0.1208667,0.1568,318.1023
"2026-10-08 09:15:00",2710,11.95025,-5.24774,65.60902,0.1992667,0.2548,294.6849
"2026-10-08 09:16:00",2711,11.95445,-5.175242,65.46555,0.147,0.1764,299.986
"2026-10-08 09:17:00",2712,11.95109,-5.097276,65.05499,0.1894667,0.2548,302.0991
"2026-10-08 09:18:00",2713,11.95361,-5.081504,65.03667,0.1502667,0.2352,308.2195
"2026-10-08 09:19:00",2714,11.95277,-5.14726,65.19387,0.1257666,0.1764,309.548
"2026-10-08 09:20:00",2715,11.94941,-5.130981,65.12672,0.1306667,0.1764,285.9507
"2026-10-08 09:21:00",2716,11.95109,-5.07947,65.04125,0.1290333,0.1764,301.5855
"2026-10-08 09:22:00",2717,11.95613,-5.16036,65.43502,0.1682333,0.2156,309.8558
"2026-10-08 09:23:00",2718,11.94186,-5.21785,65.7189,0.1617,0.2352,294.6134
"2026-10-08 09:24:00",2719,11.94186,-5.18033,65.35413,0.1617,0.196,304.5872
"2026-10-08 09:25:00",2720,11.95529,-5.092951,65.01836,0.1208667,0.196,294.0997
"2026-10-08 09:26:00",2721,11.95193,-5.05454,64.8001,0.1715,0.2548,313.3538
"2026-10-08 09:27:00",2722,11.95025,-4.988149,64.72227,0.1355667,0.196,335.2672
"2026-10-08 09:28:00",2723,11.94941,-5.038516,64.81537,0.147,0.1568,318.0048
"2026-10-08 09:29:00",2724,11.94941,-5.136832,65.27325,0.1813,0.2156,330.1307
"2026-10-08 09:30:00",2725,11.95193,-5.151712,65.50523,0.1535333,0.2156,311.2732
"2026-10-08 09:31:00",2726,11.95361,-5.192285,65.812,0.1829333,0.2352,317.8661
"2026-10-08 09:32:00",2727,11.95109,-5.1685,65.49455,0.1323,0.196,306.6179
"2026-10-08 09:33:00",2728,11.95025,-5.185163,65.66396,0.1323,0.1568,316.0997
"2026-10-08 09:34:00",2729,11.95193,-5.250537,65.99516,0.1143333,0.1568,308.4362
"2026-10-08 09:35:00",2730,11.95109,-5.181474,65.77538,0.1127,0.1568,311.0088
"2026-10-08 09:36:00",2731,11.95109,-5.204875,65.99973,0.1535333,0.1764,316.7261
"2026-10-08 09:37:00",2732,11.95361,-5.284878,66.49425,0.1894667,0.2548,297.2206
"2026-10-08 09:38:00",2733,11.95025,-5.373529,66.53088,0.1372,0.1764,303.963
"2026-10-08 09:39:00",2734,11.94102,-5.23235,66.29888,0.1453667,0.196,315.4604
"2026-10-08 09:40:00",2735,11.95109,-5.187833,65.60596,0.1453667,0.1764,295.7533
"2026-10-08 09:41:00",2736,11.95529,-5.163286,65.65328,0.1274,0.1568,304.4008
"2026-10-08 09:42:00",2737,11.95445,-5.139374,65.60444,0.1355667,0.1764,293.5427
"2026-10-08 09:43:00",2738,11.95193,-5.11699,65.51897,0.1110667,0.1372,266.2307
"2026-10-08 09:44:00",2739,11.94857,-5.148914,65.24883,0.1666,0.2156,281.393
"2026-10-08 09:45:00",2740,11.95445,-5.133524,65.10535,0.1127,0.1764,245.7434
"2026-10-08 09:46:00",2741,11.95025,-5.0885,64.80163,0.01633333,0.098,307.9703
"2026-10-08 09:47:00",2742,11.95193,-5.079469,64.92525,0.03103333,0.1568,314.8427
"2026-10-08 09:48:00",2743,11.95529,-5.064334,64.51012,0.2188667,0.2744,313.1111
"2026-10-08 09:49:00",2744,11.95781,-5.134923,65.26866,0.2352,0.2548,291.3906
"2026-10-08 09:50:00",2745,11.95025,-5.168756,64.93899,0.1845667,0.2352,253.084
"2026-10-08 09:51:00",2746,11.9427,-5.178931,64.95731,0.1747667,0.2548,250.3532
"2026-10-08 09:52:00",2747,11.95277,-5.171426,64.88863,0.1600667,0.2156,242.681
"2026-10-08 09:53:00",2748,11.95361,-5.191267,65.28545,0.09473334,0.1568,298.9891
"2026-10-08 09:54:00",2749,11.95193,-5.203605,65.05651,0.1682333,0.2352,292.7018
"2026-10-08 09:55:00",2750,11.95361,-5.161888,65.15266,0.1323,0.196,267.8583
"2026-10-08 09:56:00",2751,11.94941,-5.181093,65.06109,0.1731333,0.2352,236.4328
"2026-10-08 09:57:00",2752,11.95697,-5.206403,65.24577,0.1404667,0.2156,258.5953
"2026-10-08 09:58:00",2753,11.95277,-5.230696,65.0672,0.1943667,0.2352,239.9177
"2026-10-08 09:59:00",2754,11.95109,-5.185417,65.13283,0.147,0.2156,269.3732
"2026-10-08 10:00:00",2755,11.95361,-5.184908,65.13589,0.1339333,0.1764,299.778
"2026-10-08 10:01:00",2756,11.94605,-5.14001,64.74669,0.1731333,0.2352,258.008
"2026-10-08 10:02:00",2757,11.94941,-5.111393,64.65206,0.1225,0.1764,281.8438
"2026-10-08 10:03:00",2758,11.94773,-5.078579,65.00615,0.1535333,0.196,261.4063
"2026-10-08 10:04:00",2759,11.95445,-5.1278,65.32361,0.1274,0.1568,292.0755
"2026-10-08 10:05:00",2760,11.95277,-5.128437,65.0733,0.1355667,0.196,228.8993
"2026-10-08 10:06:00",2761,11.95025,-5.121696,64.73142,0.1094333,0.1372,299.4139
"2026-10-08 10:07:00",2762,11.95277,-5.119406,64.84741,0.09636667,0.1176,285.3526
"2026-10-08 10:08:00",2763,11.94941,-5.137212,64.91457,0.1617,0.2548,255.2708
"2026-10-08 10:09:00",2764,11.95025,-5.16354,64.96951,0.1617,0.2352,247.5466
"2026-10-08 10:10:00",2765,11.95361,-5.178167,65.31597,0.1617,0.196,275.097
"2026-10-08 10:11:00",2766,11.95025,-5.265164,65.69448,0.1192333,0.196,256.8247
"2026-10-08 10:12:00",2767,11.95193,-5.283606,66.06689,0.1666,0.2548,286.7722
"2026-10-08 10:13:00",2768,11.94773,-5.319345,66.05468,0.2123333,0.294,296.8738
"2026-10-08 10:14:00",2769,11.93598,-5.255752,65.75096,0.1813,0.2352,287.8319
"2026-10-08 10:15:00",2770,11.94605,-5.234638,65.70211,0.1600667,0.2352,271.0941
"2026-10-08 10:16:00",2771,11.93011,-5.263638,65.5678,0.1502667,0.196,269.4513
"2026-10-08 10:17:00",2772,11.93346,-5.258804,65.30376,0.1306667,0.196,271.7594
"2026-10-08 10:18:00",2773,11.93934,-5.274195,65.35566,0.1633333,0.196,259.809
