"TOA5","CR200 Series","CR2xx","","v10S","mini_AWS_Rosan.","20559","Res_data_1_min"
"TIMESTAMP","RECORD","BattV","temperature","rel_humidity","wind_speed","gust_speed","wind_direction","air_pressure"
"TS","RN","Volts","degC","%","m/s","m/s","deg","hPa"
"","","Min","Avg","Smp","Avg","Max","Smp","Smp"
"2026-10-05 07:59:00",0,11.58929,22.00331,60.90664,0,0,78.87593,987.6315
"2026-10-05 08:00:00",1,11.58426,28.16358,73.15176,0,0,77.83131,987.3049
"2026-10-05 13:06:00",2,12.30282,21.66728,16.43011,0,0,266.9849,986.2059
"2026-10-05 13:07:00",3,12.28771,21.93749,70.19235,0.2125,1.4,268.1119,986.0472
"2026-10-05 13:08:00",4,12.26504,23.58775,29.35594,0.07916667,0.95,260.3704,986.1296
"2026-10-05 13:09:00",5,12.25497,24.61771,15.4411,0.2,0.95,347.1915,986.0228
"2026-10-05 13:10:00",6,12.28183,24.59037,14.64134,0.5458333,0.95,350.6678,986.0228
"2026-10-07 09:35:00",7,12.42621,-2.486239,46.78727,0.7454545,1.25,174.5418,987.1797
"2026-10-07 09:36:00",8,12.42789,-2.467924,47.13221,0.3833333,2.15,226.8642,987.366
"2026-10-07 09:37:00",9,12.42873,-2.502392,47.16731,0.9625001,1.25,223.7325,987.0668
"2026-10-07 09:38:00",10,12.43377,-2.56713,47.76102,1.1375,2,236.4978,987.366
"2026-10-07 09:39:00",11,12.43041,-2.629707,47.81444,2.2875,2.9,222.2392,987.2652
"2026-10-07 09:40:00",12,12.42789,-2.682108,47.40083,2.425,2.75,196.6177,987.2072
"2026-10-07 09:41:00",13,12.42705,-2.563189,46.45302,2.2625,2.6,208.4467,986.9752
"2026-10-07 09:42:00",14,12.42286,-2.525032,46.50797,2.0625,2.3,254.6921,987.2408
"2026-10-07 09:43:00",15,12.4237,-2.494125,46.7018,1.6875,2.6,199.9011,987.1797
"2026-10-07 09:44:00",16,12.42957,-2.525795,47.06505,1.825,2.3,193.8956,987.2438
"2026-10-07 09:45:00",17,12.42286,-2.538005,47.46798,2.5125,3.2,208.4749,987.192
"2026-10-07 09:46:00",18,12.42957,-2.600708,47.33978,2.6875,3.35,205.2846,987.2438
"2026-10-07 09:47:00",19,12.42705,-2.660105,47.50461,2.275,2.6,211.8038,987.1309
"2026-10-07 09:48:00",20,12.41362,-2.685797,47.73202,1.8875,2.15,217.0659,987.3049
"2026-10-07 09:49:00",21,12.4237,-2.787675,47.79765,1.925,2.45,227.5838,987.3904
"2026-10-07 09:50:00",22,12.42537,-2.787038,46.93074,1.9375,2.45,214.8228,987.2316
"2026-10-07 09:51:00",23,12.4237,-2.707674,46.56443,1.2375,1.85,223.0411,987.2958
"2026-10-07 09:52:00",24,12.4237,-2.687196,46.74759,1.65,1.85,250.3467,987.2805
"2026-10-07 09:53:00",25,12.41866,-2.667736,48.05253,1.3375,1.85,231.8945,987.4545
"2026-10-07 09:54:00",26,12.4237,-2.789202,48.70577,1.1625,1.4,224.0554,987.4636
"2026-10-07 09:55:00",27,12.41698,-2.882048,49.40327,1.4875,2,227.1741,987.5247
"2026-10-07 09:56:00",28,12.41782,-3.011017,50.21524,1.6625,2.15,201.7238,987.4758
"2026-10-07 09:57:00",29,12.42286,-3.079443,50.61206,1.5125,1.85,201.7498,987.4972
"2026-10-07 09:58:00",30,12.41278,-3.043703,50.2946,1.75,2,198.7069,987.5369
"2026-10-07 09:59:00",31,12.4195,-3.070412,50.00766,2.1875,2.45,218.427,987.3232
"2026-10-07 10:00:00",32,12.42202,-3.107805,50.34191,1.8625,2.3,195.9415,987.5369
"2026-10-07 10:01:00",33,12.4195,-3.207648,50.67158,1.925,2.3,204.5846,987.5125
"2026-10-07 10:02:00",34,12.41782,-3.218077,50.95852,2.0125,2.15,210.9325,987.3995
"2026-10-07 10:03:00",35,12.41782,-3.223801,51.00889,1.95,2.45,235.4792,987.3232
"2026-10-07 10:04:00",36,12.41698,-3.267808,51.13709,1.8125,2.3,227.1135,987.5979
"2026-10-07 10:05:00",37,12.41194,-3.26094,51.40418,2.0375,2.45,222.456,987.5247
"2026-10-07 10:06:00",38,12.4153,-3.325805,51.68654,2.225,2.45,233.0085,987.4392
"2026-10-07 10:07:00",39,12.41194,-3.288412,51.17982,2.0875,2.6,215.5835,987.4484
"2026-10-07 10:08:00",40,12.41698,-3.281798,51.22256,2.0625,2.3,217.5341,987.5247
"2026-10-07 10:09:00",41,12.40271,-3.266027,51.08062,1.975,2.3,187.9832,987.4362
"2026-10-07 10:10:00",42,12.40942,-3.213881,50.53727,1.775,2.15,199.097,987.5613
"2026-10-07 10:11:00",43,12.41194,-3.141511,50.14808,1.95,2.15,189.5654,987.3538
"2026-10-07 10:12:00",44,12.41362,-3.024243,49.49942,2.0875,2.6,183.0635,987.5979
"2026-10-07 10:13:00",45,12.40187,-2.904432,48.81718,1.275,1.7,193.1999,987.5186
"2026-10-07 10:14:00",46,12.40523,-2.833206,48.38831,1.625,2.3,267.1648,987.4758
"2026-10-07 10:15:00",47,12.40691,-2.780553,47.7305,0.6291667,0.95,183.7592,987.427
"2026-10-07 10:16:00",48,12.40187,-2.777118,46.95211,1.2875,1.7,213.789,987.5002
"2026-10-07 10:17:00",49,12.40355,-2.778263,47.67555,1.275,1.7,308.822,987.4819
"2026-10-07 10:18:00",50,12.41026,-3.033146,49.66578,1.4125,2,268.4781,987.546
"2026-10-07 10:19:00",51,12.39347,-3.38978,50.6899,2.425,3.65,249.3064,987.5918
"2026-10-07 10:20:00",52,12.40942,-3.572931,52.45425,2.9375,3.2,218.1496,987.485
"2026-10-07 10:21:00",53,12.40187,-3.7005,53.26774,3.5,4.1,223.4313,987.4636
"2026-10-07 10:22:00",54,12.41026,-3.75252,53.33947,3.4125,4.1,209.7666,987.5857
"2026-10-07 10:23:00",55,12.40523,-3.781773,53.07696,3.05,3.65,223.7758,987.5765
"2026-10-07 10:24:00",56,12.40523,-3.545841,50.64259,3.825,4.55,219.1487,987.5857
"2026-10-07 10:25:00",57,12.40439,-3.31207,50.15876,3.425,3.65,204.9574,987.5002
"2026-10-07 10:26:00",58,12.40355,-3.238809,49.9283,2.85,3.65,219.606,987.5094
"2026-10-07 10:27:00",59,12.40271,-3.200398,49.43685,2.325,2.75,193.7482,987.4209
"2026-10-07 10:28:00",60,12.40355,-3.097121,48.02354,1.675,2.3,203.7524,987.5002
"2026-10-07 10:29:00",61,12.39935,-2.987868,47.11694,0.3625,0.95,283.6057,987.5125
"2026-10-07 10:30:00",62,12.39515,-3.000334,47.30467,2.5625,3.35,231.6842,987.6223
"2026-10-07 10:31:00",63,12.40523,-2.998805,46.95974,2.2875,3.35,248.4655,987.601
"2026-10-07 10:32:00",64,12.40355,-3.068631,48.44478,2.1875,2.75,251.5257,987.7536
"2026-10-07 10:33:00",65,12.40355,-3.161479,48.08154,1.65,1.85,233.0626,987.6834
"2026-10-07 10:34:00",66,12.40355,-3.1714,47.6145,1.475,1.85,236.0621,987.7292
"2026-10-07 10:35:00",67,12.39683,-3.164023,48.88282,2.2625,3.2,209.8728,987.6315
"2026-10-07 10:36:00",68,12.40019,-3.24466,49.68868,2.8375,3.65,273.2245,987.5826
"2026-10-07 10:37:00",69,12.39851,-3.220366,46.86358,2.8625,3.95,271.7399,987.5125
"2026-10-07 10:38:00",70,12.40103,-3.045485,46.84069,2.7,4.4,"NAN",987.6193
"2026-10-07 10:39:00",71,12.39683,-3.03887,46.62396,1.4875,2.3,18.20081,987.6132
"2026-10-07 10:40:00",72,12.39851,-2.996643,46.52781,0.4333334,0.95,57.89235,987.6711
"2026-10-07 10:41:00",73,12.39599,-2.998298,46.2775,0.1708333,1.4,220.0676,987.72
"2026-10-07 10:42:00",74,12.39683,-2.959887,46.47897,2.15,2.45,222.0702,987.5948
"2026-10-07 10:43:00",75,12.39515,-2.963194,45.98446,1.225,2.15,205.6076,987.778
"2026-10-07 10:44:00",76,12.39767,-2.912191,45.85015,1.6625,2,213.2017,987.7567
"2026-10-07 10:45:00",77,12.39012,-2.876961,45.52353,1.6875,1.85,194.925,987.6956
"2026-10-07 10:46:00",78,12.38844,-2.852922,45.04887,1.7625,2,200.1092,987.5735
"2026-10-07 10:47:00",79,12.39264,-2.779662,45.47775,1.45,1.85,221.9207,987.7811
"2026-10-07 10:48:00",80,12.39683,-2.88332,45.783,2.15,3.2,244.0919,987.7811
"2026-10-07 10:49:00",81,12.39683,-3.194293,47.48019,1.6375,2.15,226.9943,987.7567
"2026-10-07 10:50:00",82,12.3834,-3.343612,48.3471,1.75,2.15,245.6502,987.8147
"2026-10-07 10:51:00",83,12.39683,-3.444471,48.12427,0.4625,0.95,196.0997,987.7659
"2026-10-07 10:52:00",84,12.38844,-3.434806,47.47409,1.1625,1.85,212.3174,987.6834
"2026-10-07 10:53:00",85,12.39515,-3.312833,46.62701,0.05416667,0.65,138.9681,987.8055
"2026-10-07 10:54:00",86,12.39264,-3.245932,46.70638,1.425,1.85,128.123,987.8635
"2026-10-07 10:55:00",87,12.38424,-3.172417,46.7949,1.0625,1.25,187.3222,987.72
"2026-10-07 10:56:00",88,12.38928,-3.100811,46.13708,0.8750001,1.1,161.3756,987.8544
"2026-10-07 10:57:00",89,12.39012,-3.030858,45.2076,0.5916666,0.95,161.913,987.8635
"2026-10-07 10:58:00",90,12.39096,-2.913462,46.55833,1.15,1.4,176.8304,987.7048
"2026-10-07 10:59:00",91,12.38844,-2.896673,45.99514,0.775,1.1,173.2522,987.7811
"2026-10-07 11:00:00",92,12.39012,-2.868057,45.34954,0.7,1.1,151.6922,987.8452
"2026-10-07 11:01:00",93,12.38928,-2.872636,45.21523,0.85,1.4,142.466,987.8452
"2026-10-07 11:02:00",94,12.38928,-2.910665,45.42891,0.7708333,1.1,168.3477,987.8055
"2026-10-07 11:03:00",95,12.3918,-3.006946,45.78757,1.4625,2,160.6907,987.6926
"2026-10-07 11:04:00",96,12.38592,-3.077281,46.17372,1.5375,1.85,152.6631,987.9032
"2026-10-07 11:05:00",97,12.38172,-3.154357,47.11999,2.2,2.45,171.2085,987.8422
"2026-10-07 11:06:00",98,12.3876,-3.230924,46.94142,1.975,2.3,165.1314,987.9398
"2026-10-07 11:07:00",99,12.38844,-3.241225,46.72164,1.9,2.15,138.7427,987.9276
"2026-10-07 11:08:00",100,12.38508,-3.18361,45.98294,1.475,1.85,160.0275,988.0131
"2026-10-07 11:09:00",101,12.37165,-3.112385,45.77689,0.8875,1.1,158.2048,987.7109
"2026-10-07 11:10:00",102,12.38844,-3.069904,46.51102,1.075,1.25,176.8911,987.9398
"2026-10-07 11:11:00",103,12.38424,-3.081733,45.85778,1.25,1.55,202.0879,987.8879
"2026-10-07 11:12:00",104,12.38676,-3.095722,46.56291,1.25,1.85,167.0191,987.778
"2026-10-07 11:13:00",105,12.38676,-3.206758,46.57512,1.4625,1.85,165.1033,987.8361
"2026-10-07 11:14:00",106,12.38676,-3.204596,47.64502,1.5,1.7,175.2722,988.0253
"2026-10-07 11:15:00",107,12.38676,-3.186153,46.46523,1.7875,2.15,186.2668,987.8513
"2026-10-07 11:16:00",108,12.38256,-3.162624,47.84649,1.1875,1.55,188.5554,988.0253
"2026-10-07 11:17:00",109,12.3834,-3.183101,47.15968,1.475,2.15,177.8837,987.9948
"2026-10-07 11:18:00",110,12.37921,-3.10221,46.7659,1.55,2.15,188.8393,988.0253
"2026-10-07 11:19:00",111,12.37501,-3.081987,47.69997,1.625,2,167.3486,988.007
"2026-10-07 11:20:00",112,12.38424,-3.028314,47.68471,1.4625,1.85,172.5175,987.9276
"2026-10-07 11:21:00",113,12.37836,-3.066724,46.53697,1.025,1.25,184.7323,988.0497
"2026-10-07 11:22:00",114,12.36997,-3.02984,45.96309,0.8541667,1.55,187.7968,987.9612
"2026-10-07 11:23:00",115,12.37417,-3.048665,46.76438,1.3,1.7,211.9013,987.9612
"2026-10-07 11:24:00",116,12.37081,-3.02666,46.08519,1.4125,1.85,202.1139,987.9154
"2026-10-07 11:25:00",117,12.3515,-3.109332,46.41487,0.925,1.25,226.7255,987.891
"2026-10-07 11:26:00",118,12.35402,-3.136677,46.917,0.8999999,1.4,196.3793,988.0436
"2026-10-07 11:27:00",119,12.35066,-3.15194,45.90357,1.225,1.4,192.4348,988.0253
"2026-10-07 11:28:00",120,12.36829,-3.191367,45.91121,0.6166667,1.1,183.7245,987.9154
"2026-10-07 11:29:00",121,12.37669,-3.169238,46.89869,0.9750001,1.25,209.7861,988.0955
"2026-10-07 11:30:00",122,12.37753,-3.162751,46.24087,1.25,2.9,199.8144,988.0741
"2026-10-07 11:31:00",123,12.37081,-3.149268,45.52658,1.3125,1.7,207.3587,988.0375
"2026-10-07 11:32:00",124,12.37836,-3.122815,45.841,1.4125,1.85,206.6543,987.9886
"2026-10-07 11:33:00",125,12.37081,-3.11124,46.08062,1.6,2,191.1215,987.8422
"2026-10-07 11:34:00",126,12.37249,-3.088728,44.78788,1.575,2.15,194.1535,987.9642
"2026-10-07 11:35:00",127,12.36326,-3.028949,44.32084,1.225,1.55,188.0266,987.9551
"2026-10-07 11:36:00",128,12.37333,-2.932414,43.67067,1.1875,1.4,170.6689,987.8177
"2026-10-07 11:37:00",129,12.36745,-2.868693,43.15174,1.5,1.7,158.311,988.0344
"2026-10-07 11:38:00",130,12.37165,-2.83537,43.40509,1.4125,1.7,193.15,987.9764
"2026-10-07 11:39:00",131,12.36577,-2.820997,43.2021,1.4625,1.85,201.9839,987.7872
"2026-10-07 11:40:00",132,12.37165,-2.87836,43.45088,0.4958334,1.1,245.8626,987.8757
"2026-10-07 11:41:00",133,12.37333,-2.866913,43.09679,0.7583334,2,262.4249,988.0863
"2026-10-07 11:42:00",134,12.37165,-2.840584,43.32115,1.575,1.85,217.1526,987.8788
"2026-10-07 11:43:00",135,12.37501,-2.865259,43.41883,2.3,2.75,206.8646,987.9856
"2026-10-07 11:44:00",136,12.37585,-2.9272,44.31627,3.0125,3.2,205.8828,987.891
"2026-10-07 11:45:00",137,12.35906,-3.027424,45.38007,3.0125,3.65,220.0416,987.8605
"2026-10-07 11:46:00",138,12.37417,-3.169873,44.09801,2.0625,3.05,250.2102,987.9978
"2026-10-07 11:47:00",139,12.37081,-3.042814,43.48751,1.425,2,208.9538,987.9459
"2026-10-07 11:48:00",140,12.36577,-2.970571,44.30406,0.4916667,0.95,138.6213,987.9124
"2026-10-07 11:49:00",141,12.37249,-2.987867,44.32848,0.3791667,0.95,331.3964,988.0253
"2026-10-07 11:50:00",142,12.37165,-3.092925,44.85503,0.02916667,0.35,25.93799,987.9978
"2026-10-07 11:51:00",143,12.37081,-3.227998,45.79368,1.329167,1.85,127.7134,987.8391
"2026-10-07 11:52:00",144,12.37165,-3.36994,45.91121,1.6,2.15,176.8976,987.8544
"2026-10-07 11:53:00",145,12.36997,-3.368286,45.84863,1.4375,1.85,178.2478,987.9459
"2026-10-07 11:54:00",146,12.36997,-3.335217,45.11145,1.15,1.4,129.5881,987.949
"2026-10-07 11:55:00",147,12.36829,-3.230924,44.60931,1.5125,2,140.7019,987.8788
"2026-10-07 11:56:00",148,12.36913,-3.202687,44.81841,1.75,2,111.2941,987.8544
"2026-10-07 11:57:00",149,12.36661,-3.183483,44.36053,2.125,2.75,137.0522,988.0192
"2026-10-07 11:58:00",150,12.36829,-3.105135,43.83397,1.5375,1.85,170.7816,988.0863
"2026-10-07 11:59:00",151,12.36913,-3.054006,43.26163,1.1125,1.55,141.7444,987.9215
"2026-10-07 12:00:00",152,12.36493,-2.964338,43.67067,1.475,1.7,119.6771,987.9032
"2026-10-07 12:01:00",153,12.3599,-2.936739,43.32115,1.825,2,134.8741,987.9764
"2026-10-07 12:02:00",154,12.36997,-2.961159,44.28422,2.05,2.3,133.8836,988.01
"2026-10-07 12:03:00",155,12.36158,-3.003258,44.90388,1.8625,2.3,149.0156,987.83
"2026-10-07 12:04:00",156,12.3557,-3.05286,45.72652,1.8125,2.15,174.8235,988.0375
"2026-10-07 12:05:00",157,12.36242,-3.084531,45.50064,2.2,2.45,172.7798,987.6376
"2026-10-07 12:06:00",158,12.36745,-3.143164,45.90357,1.3875,1.7,148.1378,987.9642
"2026-10-07 12:07:00",159,12.3641,-3.127138,46.12945,1.4625,1.85,188.6183,988.0558
"2026-10-07 12:08:00",160,12.36326,-3.137058,44.80619,0.6958333,1.4,118.16,988.0619
"2026-10-07 12:09:00",161,12.36493,-3.089871,44.97561,0.5958334,1.4,171.4664,988.0497
"2026-10-07 12:10:00",162,12.36661,-3.057313,44.54215,1.3375,1.7,176.087,988.0344
"2026-10-07 12:11:00",163,12.36493,-3.049299,44.97713,0.8625,0.95,168.9502,987.9185
"2026-10-07 12:12:00",164,12.36074,-3.043704,44.02934,0.7458333,0.95,154.5096,988.0009
"2026-10-07 12:13:00",165,12.3599,-3.053497,43.138,0.675,0.95,141.8961,988.1809
"2026-10-07 12:14:00",166,12.36326,-3.019538,43.31504,1.0125,1.25,158.8182,988.071
"2026-10-07 12:15:00",167,12.36493,-2.992828,43.16395,1.25,1.55,184.9707,988.129
"2026-10-07 12:16:00",168,12.3641,-2.975531,43.06016,1.25,1.7,164.9884,987.9764
"2026-10-07 12:17:00",169,12.35318,-2.945895,43.18379,1.4375,1.85,185.4497,987.949
"2026-10-07 12:18:00",170,12.35822,-2.981381,44.36511,1.75,2.3,187.9117,988.0833
"2026-10-07 12:19:00",171,12.36074,-3.05515,44.64594,2.1375,2.3,185.7206,987.8849
"2026-10-07 12:20:00",172,12.3599,-3.16097,44.80619,2.3375,2.6,200.2327,988.0222
"2026-10-07 12:21:00",173,12.35066,-3.218585,45.62427,2.2875,2.45,196.1474,987.9429
"2026-10-07 12:22:00",174,12.36158,-3.277347,45.73416,2.075,2.3,188.6226,988.1932
"2026-10-07 12:23:00",175,12.35402,-3.248348,44.92219,1.725,1.85,196.7976,987.6743
"2026-10-07 12:24:00",176,12.35822,-3.172162,45.36175,1.55,1.7,208.3036,988.0497
"2026-10-07 12:25:00",177,12.36242,-3.151686,44.79246,1.3875,1.55,213.841,988.0955
"2026-10-07 12:26:00",178,12.3599,-3.177505,44.23233,1.7625,2.6,225.4382,988.0863
"2026-10-07 12:27:00",179,12.3599,-3.269334,44.48721,2.125,2.6,198.9735,988.0955
"2026-10-07 12:28:00",180,12.36158,-3.29579,44.76193,1.825,2.3,196.1756,988.2328
"2026-10-07 12:29:00",181,12.35654,-3.336998,45.16639,2.1625,2.45,203.9539,987.9948
"2026-10-07 12:30:00",182,12.35822,-3.379606,45.95393,2.1125,2.3,207.7098,988.0588
"2026-10-07 12:31:00",183,12.35906,-3.441166,46.23172,2.3,3.05,218.3382,988.1718
"2026-10-07 12:32:00",184,12.3557,-3.515825,46.1844,2.25,2.45,208.3708,988.2451
"2026-10-07 12:33:00",185,12.35822,-3.568226,45.97683,2.0125,2.45,226.1599,988.2267
"2026-10-07 12:34:00",186,12.3515,-3.51646,45.86847,1.6375,2,224.9202,988.123
"2026-10-07 12:35:00",187,12.35402,-3.489369,44.97561,1.7,2.15,212.3868,988.0375
"2026-10-07 12:36:00",188,12.35486,-3.377316,44.92982,1.15,1.55,202.9938,988.2328
"2026-10-07 12:37:00",189,12.3599,-3.40924,45.11145,1.7375,2.45,225.7546,988.242
"2026-10-07 12:38:00",190,12.35654,-3.414328,45.12976,1.6875,2.3,216.0668,988.2817
"2026-10-07 12:39:00",191,12.35486,-3.480211,45.88068,1.725,2.15,203.2734,988.2787
"2026-10-07 12:40:00",192,12.3599,-3.553725,46.03941,1.9125,2.3,216.8081,988.2817
"2026-10-07 12:41:00",193,12.35486,-3.675063,47.01468,1.625,2,218.6871,988.2206
"2026-10-07 12:42:00",194,12.35402,-3.785462,47.21157,1.3625,2,189.7409,988.3428
"2026-10-07 12:43:00",195,12.35486,-3.755701,46.73538,1.5375,1.85,194.1903,988.184
"2026-10-07 12:44:00",196,12.34227,-3.631311,45.46706,1.925,2.3,205.9023,988.3428
"2026-10-07 12:45:00",197,12.34898,-3.475379,45.43959,1.4625,1.7,216.173,988.2756
"2026-10-07 12:46:00",198,12.35738,-3.372992,44.67188,1.5625,2,208.7739,988.1595
"2026-10-07 12:47:00",199,12.35066,-3.308507,43.3532,1.6375,2.3,186.6569,988.2023
"2026-10-07 12:48:00",200,12.35318,-3.242752,43.90723,1.45,2,208.6829,988.3031
"2026-10-07 12:49:00",201,12.34982,-3.260431,44.29795,1.2,1.7,223.5613,988.3519
"2026-10-07 12:50:00",202,12.35318,-3.342595,44.92219,0.8500001,0.95,170.9224,988.3916
"2026-10-07 12:51:00",203,12.34731,-3.345138,45.13434,1.2875,1.85,203.6418,988.3092
"2026-10-07 12:52:00",204,12.3515,-3.333182,44.80009,1.9625,2.45,197.8899,988.2939
"2026-10-07 12:53:00",205,12.34479,-3.275058,43.96981,1.8125,2.3,214.9615,988.2939
"2026-10-07 12:54:00",206,12.35318,-3.227743,43.41425,0.9,1.1,185.6946,988.3031
"2026-10-07 12:55:00",207,12.3515,-3.143419,45.45333,1.125,1.4,177.9942,988.1779
"2026-10-07 12:56:00",208,12.33975,-3.11709,45.49453,1.275,1.4,201.1321,988.3062
"2026-10-07 12:57:00",209,12.35234,-3.171399,44.25064,0.8999999,1.1,205.4428,988.3367
"2026-10-07 12:58:00",210,12.3515,-3.176488,44.01102,1.15,1.7,255.0367,988.3184
"2026-10-07 12:59:00",211,12.35402,-3.230669,43.92707,1.0875,1.7,216.444,988.416
"2026-10-07 13:00:00",212,12.35318,-3.328604,44.51315,1.6875,2,215.9325,988.2206
"2026-10-07 13:01:00",213,12.34982,-3.4563,45.25797,1.7,1.85,213.2017,988.2756
"2026-10-07 13:02:00",214,12.35654,-3.527016,45.48385,1.7125,1.85,191.31,988.2969
"2026-10-07 13:03:00",215,12.3515,-3.569115,45.47012,1.7875,2,200.846,988.126
"2026-10-07 13:04:00",216,12.3515,-3.567717,46.27903,1.8375,2,200.5773,988.3153
"2026-10-07 13:05:00",217,12.34311,-3.560213,46.52171,1.8875,2.3,212.2026,988.3672
"2026-10-07 13:06:00",218,12.35486,-3.588449,46.13556,1.7625,2.15,206.8624,988.3428
"2026-10-07 13:07:00",219,12.34898,-3.597097,46.17372,1.475,1.7,250.0498,988.0527
"2026-10-07 13:08:00",220,12.3515,-3.697702,46.36145,1.15,1.55,217.7357,988.3794
"2026-10-07 13:09:00",221,12.3515,-3.809119,46.92463,1.045833,1.85,193.2172,988.1993
"2026-10-07 13:10:00",222,12.3515,-3.860884,47.23751,1.425,1.85,216.1254,988.2573
"2026-10-07 13:11:00",223,12.33975,-3.93707,47.6496,1.025,1.25,233.7887,988.4862
"2026-10-07 13:12:00",224,12.34982,-4.057644,48.34558,0.9499999,1.25,241.7556,988.5259
"2026-10-07 13:13:00",225,12.34731,-4.124163,48.59283,0.7875001,1.1,212.3781,988.355
"2026-10-07 13:14:00",226,12.34982,-4.112843,48.73172,1.3625,1.7,205.0896,988.4526
"2026-10-07 13:15:00",227,12.35066,-4.191699,49.16975,1.175,1.4,207.051,988.4008
"2026-10-07 13:16:00",228,12.35234,-4.170204,49.03849,1.1875,1.4,234.5234,988.4862
"2026-10-07 13:17:00",229,12.35066,-4.057389,48.20668,1.7875,2.6,230.0653,988.474
"2026-10-07 13:18:00",230,12.34479,-3.945464,47.51071,2.175,2.45,218.1626,988.3153
"2026-10-07 13:19:00",231,12.35234,-3.837609,46.94142,1.9875,2.15,221.9228,988.3031
"2026-10-07 13:20:00",232,12.34898,-3.745016,47.11999,1.6875,2,231.2681,988.4008
"2026-10-07 13:21:00",233,12.34479,-3.720087,46.90632,1.7875,2,220.0546,988.3794
"2026-10-07 13:22:00",234,12.34982,-3.685874,46.31413,1.9,2.15,212.1527,988.5106
"2026-10-07 13:23:00",235,12.33975,-3.630547,45.91121,1.9625,2.3,210.1848,988.4496
"2026-10-07 13:24:00",236,12.34815,-3.576238,45.55101,2.4375,3.05,214.4002,988.413
"2026-10-07 13:25:00",237,12.34647,-3.580054,45.63495,3.15,3.8,231.4589,988.413
"2026-10-07 13:26:00",238,12.34647,-3.686001,45.64258,3.1625,3.65,224.9895,988.4526
"2026-10-07 13:27:00",239,12.34815,-3.68562,46.05009,2.75,3.2,216.6303,988.2634
"2026-10-07 13:28:00",240,12.34982,-3.770327,46.66059,2.675,3.05,221.6779,988.4893
"2026-10-07 13:29:00",241,12.34311,-3.876274,46.73996,2.5875,3.05,202.1009,988.3458
"2026-10-07 13:30:00",242,12.34143,-3.88823,47.24973,2.55,2.9,184.7648,988.4893
"2026-10-07 13:31:00",243,12.35066,-3.808229,47.1902,2.3,2.6,196.5223,988.5015
"2026-10-07 13:32:00",244,12.34815,-3.686765,45.64105,1.475,2.15,188.2802,988.416
"2026-10-07 13:33:00",245,12.34563,-3.566191,45.19844,0.3208333,1.1,183.744,988.3916
"2026-10-07 13:34:00",246,12.34647,-3.439765,44.72073,0,0,305.2438,988.5869
"2026-10-07 13:35:00",247,12.34143,-3.410131,44.04307,0,0,277.8972,988.5167
"2026-10-07 13:36:00",248,12.34395,-3.341068,43.52719,0.2583333,0.8,249.4733,988.355
"2026-10-07 13:37:00",249,12.34479,-3.338143,43.52872,0.5791667,1.55,210.0635,988.2267
"2026-10-07 13:38:00",250,12.34815,-3.352134,44.25064,1.3125,1.55,175.5517,988.5259
"2026-10-07 13:39:00",251,12.34227,-3.382277,44.39105,1.1875,1.4,214.476,988.5106
"2026-10-07 13:40:00",252,12.34815,-3.380114,44.03696,1.375,1.7,201.208,988.5533
"2026-10-07 13:41:00",253,12.34731,-3.385329,44.28574,1.7875,2.3,193.772,988.358
"2026-10-07 13:42:00",254,12.34815,-3.44142,45.22744,2.4625,2.9,214.9854,988.4252
"2026-10-07 13:43:00",255,12.34479,-3.563011,45.0855,2.65,3.05,199.9575,988.2939
"2026-10-07 13:44:00",256,12.34479,-3.628894,45.44722,2.6,2.75,204.0211,988.3794
"2026-10-07 13:45:00",257,12.33723,-3.688546,46.29582,2.2875,2.6,198.254,988.5503
"2026-10-07 13:46:00",258,12.33639,-3.737384,45.17707,2.55,3.5,199.3658,988.3916
"2026-10-07 13:47:00",259,12.34227,-3.666923,44.90845,2.175,2.45,190.1028,988.5961
"2026-10-07 13:48:00",260,12.34647,-3.576874,44.63525,1.9125,2.15,189.6976,988.5961
"2026-10-07 13:49:00",261,12.34143,-3.481738,44.03086,2.0375,2.3,188.6985,988.5076
"2026-10-07 13:50:00",262,12.34647,-3.413692,43.25552,2.1,2.45,195.9133,988.6388
"2026-10-07 13:51:00",263,12.34227,-3.341832,43.60351,2.45,2.6,197.8574,988.4343
"2026-10-07 13:52:00",264,12.34563,-3.293118,43.86908,2.175,2.6,191.1627,988.5106
"2026-10-07 13:53:00",265,12.33555,-3.25458,44.36663,1.65,1.85,192.5519,988.5625
"2026-10-07 13:54:00",266,12.34479,-3.243005,45.02292,1.3625,1.55,177.0168,988.7335
"2026-10-07 13:55:00",267,12.33136,-3.284851,46.49728,1.2375,1.4,174.1105,988.2634
"2026-10-07 13:56:00",268,12.3322,-3.391053,47.13221,1.3375,1.55,175.801,988.6724
"2026-10-07 13:57:00",269,12.34059,-3.472326,47.46035,1.175,1.4,174.4746,988.5625
"2026-10-07 13:58:00",270,12.34311,-3.486571,46.6667,1.225,1.55,181.7848,988.7701
"2026-10-07 13:59:00",271,12.33975,-3.461134,44.93745,1.3375,1.55,196.7195,988.6235
"2026-10-07 14:00:00",272,12.34647,-3.446762,45.30223,1.3625,1.7,227.7203,988.5625
"2026-10-07 14:01:00",273,12.33891,-3.438621,44.00644,1.5875,1.85,216.5978,988.6479
"2026-10-07 14:02:00",274,12.34395,-3.431754,43.8355,1.575,2,191.3859,988.7579
"2026-10-07 14:03:00",275,12.34311,-3.404026,43.05101,1.975,2.3,197.0143,988.6572
"2026-10-07 14:04:00",276,12.34311,-3.390798,43.55467,2.0375,2.45,201.2101,988.5137
"2026-10-07 14:05:00",277,12.34143,-3.427302,44.48721,1.7875,2.15,201.0974,988.5045
"2026-10-07 14:06:00",278,12.34479,-3.491405,45.01987,2.0625,2.6,217.3694,988.6144
"2026-10-07 14:07:00",279,12.33052,-3.586286,44.76346,2.775,3.05,220.1695,988.6968
"2026-10-07 14:08:00",280,12.34395,-3.657002,45.53574,2.925,3.2,220.6788,988.6816
"2026-10-07 14:09:00",281,12.34311,-3.727719,45.28696,3.025,3.8,217.8245,988.5167
"2026-10-07 14:10:00",282,12.34059,-3.754046,45.34191,2.2625,2.9,200.8135,988.7457
"2026-10-07 14:11:00",283,12.33807,-3.769691,46.02719,2.175,2.45,204.8338,988.7518
"2026-10-07 14:12:00",284,12.33136,-3.798054,46.12945,2.4625,3.2,207.3565,988.6083
"2026-10-07 14:13:00",285,12.34395,-3.695795,45.07787,2.5,3.35,211.4332,988.3733
"2026-10-07 14:14:00",286,12.34311,-3.584632,44.70088,2.175,2.6,179.4442,988.7671
"2026-10-07 14:15:00",287,12.33891,-3.505904,44.14075,1.55,2,180.3696,988.5717
"2026-10-07 14:16:00",288,12.33807,-3.452357,44.03696,1.4625,1.85,194.899,988.6358
"2026-10-07 14:17:00",289,12.33807,-3.394487,43.33336,1.225,1.4,197.2852,988.8037
"2026-10-07 14:18:00",290,12.33975,-3.334582,43.7195,0.975,1.25,182.7601,988.7183
"2026-10-07 14:19:00",291,12.34227,-3.323771,44.58336,0.7250001,0.95,116.3829,988.6358
"2026-10-07 14:20:00",292,12.34059,-3.354041,44.02475,0.7375,0.95,155.1706,988.5991
"2026-10-07 14:21:00",293,12.34143,-3.34183,44.03086,0.8125001,0.95,127.6354,988.6937
"2026-10-07 14:22:00",294,12.34311,-3.361417,43.43867,0.7625,0.95,131.608,988.7946
"2026-10-07 14:23:00",295,12.34227,-3.33102,43.50583,0.4083334,0.8,160.5542,988.6174
"2026-10-07 14:24:00",296,12.33807,-3.315376,43.33489,0.15,0.8,146.6511,988.7579
"2026-10-07 14:25:00",297,12.34143,-3.289303,43.20668,0.7458333,1.25,59.80822,988.8373
"2026-10-07 14:26:00",298,12.33975,-3.395886,43.51346,0.6916667,1.4,131.051,988.8434
"2026-10-07 14:27:00",299,12.33639,-3.476523,44.36206,1.5875,1.85,144.1869,988.5747
"2026-10-07 14:28:00",300,12.34059,-3.538209,43.25399,1.475,2,99.74465,988.7183
"2026-10-07 14:29:00",301,12.33807,-3.471817,43.00521,0.2833333,0.8,167.4851,988.8586
"2026-10-07 14:30:00",302,12.34059,-3.379225,42.93806,1.025,1.25,166.655,988.7213
"2026-10-07 14:31:00",303,12.33891,-3.270097,42.44813,1.1,1.7,150.55,988.7548
"2026-10-07 14:32:00",304,12.328,-3.24644,42.43745,1.225,1.4,146.1374,988.7335
"2026-10-07 14:33:00",305,12.34311,-3.225328,43.33947,1.2125,1.7,114.1137,988.8922
"2026-10-07 14:34:00",306,12.33807,-3.341577,43.8004,1.2875,1.7,128.0818,988.7304
"2026-10-07 14:35:00",307,12.33807,-3.456428,44.39563,1.175,1.55,125.7173,988.7946
"2026-10-07 14:36:00",308,12.34143,-3.494966,45.56322,1.725,2.15,134.8849,988.8281
"2026-10-07 14:37:00",309,12.33807,-3.647718,46.17524,1.8625,2.3,123.5305,988.9075
"2026-10-07 14:38:00",310,12.33471,-3.72085,45.26407,1.675,2,123.3983,988.6724
"2026-10-07 14:39:00",311,12.33639,-3.668576,44.87946,1.7625,2.3,115.802,988.6724
"2026-10-07 14:40:00",312,12.33639,-3.668322,44.475,1.7375,2,141.8202,988.8922
"2026-10-07 14:41:00",313,12.33052,-3.590228,43.7134,0.9291667,1.7,162.6434,988.709
"2026-10-07 14:42:00",314,12.33471,-3.475251,42.24057,0.7875,1.55,177.2444,988.877
"2026-10-07 14:43:00",315,12.33471,-3.357985,42.12457,1.6875,2.45,139.4796,988.8006
"2026-10-07 14:44:00",316,12.33891,-3.314995,42.25888,1.825,2.45,109.9179,988.9227
"2026-10-07 14:45:00",317,12.34059,-3.248475,42.09404,1.0125,1.7,126.5972,988.8068
"2026-10-07 14:46:00",318,12.33975,-3.24288,42.10778,1.025,1.4,153.918,988.8464
"2026-10-07 14:47:00",319,12.33471,-3.217569,41.19203,1.175,1.55,160.6582,988.6999
"2026-10-07 14:48:00",320,12.33807,-3.147107,40.99972,0.4041667,0.95,132.5334,988.9136
"2026-10-07 14:49:00",321,12.33891,-3.130573,42.13525,0.8958333,1.4,109.647,988.8586
"2026-10-07 14:50:00",322,12.33471,-3.176105,42.68013,0.3791667,1.25,147.5418,988.8892
"2026-10-07 14:51:00",323,12.33471,-3.214134,42.60839,1.020833,1.7,148.14,988.8159
"2026-10-07 14:52:00",324,12.33807,-3.266409,42.42524,0.725,1.1,140.8753,988.8556
"2026-10-07 14:53:00",325,12.33639,-3.267044,43.16853,1.1,1.4,144.9411,988.8647
"2026-10-07 14:54:00",326,12.33723,-3.380497,44.18959,1.6625,2,148.6471,988.8678
"2026-10-07 14:55:00",327,12.33471,-3.476523,45.73416,1.6875,1.85,161.2477,988.8129
"2026-10-07 14:56:00",328,12.33975,-3.612868,44.82298,1.125,1.55,177.0233,988.941
"2026-10-07 14:57:00",329,12.32548,-3.657638,44.65815,0.7750001,1.1,252.9062,988.6479
"2026-10-07 14:58:00",330,12.34143,-3.586032,42.97775,1.0625,1.4,243.8622,988.8434
"2026-10-07 14:59:00",331,12.33387,-3.471308,42.40082,0.8875,1.25,298.0268,988.7793
"2026-10-07 15:00:00",332,12.33555,-3.395378,42.04063,0.45,0.95,245.2753,988.9288
"2026-10-07 15:01:00",333,12.33639,-3.357349,42.65113,0.3333333,0.95,117.5727,988.938
"2026-10-07 15:02:00",334,12.33639,-3.420688,43.65845,1.0375,1.4,161.835,988.819
"2026-10-07 15:03:00",335,12.33136,-3.484155,44.13006,0.7625,0.95,177.771,988.8739
"2026-10-07 15:04:00",336,12.33052,-3.457445,43.75613,0.3583333,0.65,286.369,988.9532
"2026-10-07 15:05:00",337,12.33807,-3.595317,44.06596,0,0,166.8913,988.8556
"2026-10-07 15:06:00",338,12.33639,-3.696175,44.72225,0,0,236.7578,988.8647
"2026-10-07 15:07:00",339,12.33723,-3.790168,44.73904,1.25,1.55,236.5975,988.6602
"2026-10-07 15:08:00",340,12.32968,-3.811663,45.04429,1.75,2.45,214.1206,988.8159
"2026-10-07 15:09:00",341,12.33639,-3.831377,44.78788,1.8625,2.3,196.531,988.941
"2026-10-07 15:10:00",342,12.33471,-3.813316,44.98324,2.7125,3.2,197.257,988.819
"2026-10-07 15:11:00",343,12.33807,-3.821075,45.37396,2.3875,2.6,195.6446,988.8739
"2026-10-07 15:12:00",344,12.33471,-3.841169,46.25461,2.35,2.75,192.7513,988.9502
"2026-10-07 15:13:00",345,12.33304,-3.804795,46.13403,2.0125,2.15,196.1647,988.8647
"2026-10-07 15:14:00",346,12.33639,-3.760024,45.73263,1.275,1.7,217.3022,989.0356
"2026-10-07 15:15:00",347,12.33639,-3.650642,45.12365,0.3791667,0.95,164.7067,988.9105
"2026-10-07 15:16:00",348,12.33136,-3.612868,43.87823,0.5708334,1.1,170.0902,988.8556
"2026-10-07 15:17:00",349,12.33136,-3.561993,44.23233,0.7666667,1.25,211.2685,988.9258
"2026-10-07 15:18:00",350,12.32044,-3.536301,42.79765,1.0375,1.55,246.5214,988.941
"2026-10-07 15:19:00",351,12.33555,-3.487843,43.3822,1.5,1.85,225.9084,988.9258
"2026-10-07 15:20:00",352,12.3322,-3.479322,42.6206,1.05,1.4,233.3205,989.0143
"2026-10-07 15:21:00",353,12.33387,-3.431118,43.04032,1.4375,1.7,222.6575,988.8556
"2026-10-07 15:22:00",354,12.32632,-3.441037,43.14563,1.0375,1.55,233.78,989.0387
"2026-10-07 15:23:00",355,12.32296,-3.479575,42.87091,1.025,1.25,212.7921,988.8525
"2026-10-07 15:24:00",356,12.33555,-3.503869,42.89532,1.3875,1.7,221.6628,988.999
"2026-10-07 15:25:00",357,12.32548,-3.506666,42.82206,1.6375,1.85,213.0695,989.0143
"2026-10-07 15:26:00",358,12.32884,-3.53363,43.37304,1.75,1.85,199.8751,988.7823
"2026-10-07 15:27:00",359,12.32716,-3.546477,43.5974,1.875,2.3,204.9205,988.7762
"2026-10-07 15:28:00",360,12.33471,-3.567843,44.19417,2.0625,2.45,209.1511,988.941
"2026-10-07 15:29:00",361,12.32128,-3.650133,44.28727,2.3,2.6,193.3949,988.9655
"2026-10-07 15:30:00",362,12.32968,-3.668195,44.446,2.3625,2.6,189.923,988.9532
"2026-10-07 15:31:00",363,12.32548,-3.656367,44.1377,2.2875,2.45,180.3869,988.8617
"2026-10-07 15:32:00",364,12.33052,-3.546476,42.23599,1.8,2.9,210.2195,988.9777
"2026-10-07 15:33:00",365,12.33136,-3.402882,41.50186,0.4291667,1.1,150.3138,988.9563
"2026-10-07 15:34:00",366,12.33052,-3.294645,42.15968,0.7333333,1.1,224.5452,989.0875
"2026-10-07 15:35:00",367,12.32716,-3.242115,41.16608,1.3125,2.45,225.9713,988.819
"2026-10-07 15:36:00",368,12.3322,-3.223674,41.51559,2.5625,2.9,209.7146,989.0631
"2026-10-07 15:37:00",369,12.32884,-3.266282,42.26804,2.6125,2.9,230.269,988.6816
"2026-10-07 15:38:00",370,12.33304,-3.329367,42.07725,2.0875,2.45,270.0451,988.8678
"2026-10-07 15:39:00",371,12.3238,-3.397794,42.65113,1.6875,2,218.3251,988.877
"2026-10-07 15:40:00",372,12.32632,-3.449432,43.40204,1.5875,1.85,230.5724,989.0021
"2026-10-07 15:41:00",373,12.32044,-3.509464,42.56413,1.5125,2,228.2318,988.9746
"2026-10-07 15:42:00",374,12.33136,-3.465713,42.72897,0.9625,1.25,235.3794,989.173
"2026-10-07 15:43:00",375,12.32716,-3.472327,43.15784,0.8083334,1.25,280.1706,989.0997
"2026-10-07 15:44:00",376,12.32884,-3.609815,43.29826,0.8875,1.1,226.1317,989.0753
"2026-10-07 15:45:00",377,12.32716,-3.618337,43.65693,1.3125,1.7,213.841,988.8129
"2026-10-07 15:46:00",378,12.32968,-3.653697,43.5974,1.875,2,208.4294,988.9746
"2026-10-07 15:47:00",379,12.3322,-3.615284,43.57756,1.7,2.15,214.2572,989.0753
"2026-10-07 15:48:00",380,12.32632,-3.637416,44.25674,1.4375,1.85,195.7854,989.1089
"2026-10-07 15:49:00",381,12.33052,-3.690325,44.00186,1.2,1.55,162.6911,989.1974
"2026-10-07 15:50:00",382,12.33136,-3.718817,43.77292,0.7041667,1.1,160.7882,989.0631
"2026-10-07 15:51:00",383,12.3322,-3.731789,43.63098,0.125,0.65,252.5855,989.0814
"2026-10-07 15:52:00",384,12.33304,-3.712584,43.51193,0,0,173.5968,989.0387
"2026-10-07 15:53:00",385,12.32968,-3.723776,43.76682,0.5125,1.4,298.0181,989.2097
"2026-10-07 15:54:00",386,12.32548,-3.698975,43.79887,0.9875,1.25,354.142,989.1974
"2026-10-07 15:55:00",387,12.33136,-3.633981,43.79887,0.02916667,0.35,70.63594,989.17
"2026-10-07 15:56:00",388,12.328,-3.574331,43.48599,0.1,0.5,31.72246,989.0356
"2026-10-07 15:57:00",389,12.32968,-3.591882,43.37152,0.07083333,0.5,101.3246,989.1608
"2026-10-07 15:58:00",390,12.32968,-3.608418,44.00949,0.925,1.25,123.8036,989.1974
"2026-10-07 15:59:00",391,12.328,-3.683202,44.50094,0.9875,1.25,106.9704,989.1852
"2026-10-07 16:00:00",392,12.32968,-3.763839,44.96798,1.0375,1.55,118.3182,989.2097
"2026-10-07 16:01:00",393,12.32632,-3.837991,45.32817,1.575,2.15,135.0648,989.0234
"2026-10-07 16:02:00",394,12.328,-3.947626,46.10656,2.225,2.6,148.3654,989.1852
"2026-10-07 16:03:00",395,12.32968,-4.069599,47.62671,2.7,2.9,147.687,989.0723
"2026-10-07 16:04:00",396,12.32632,-4.186613,47.62518,2.9125,3.2,154.7437,989.2097
"2026-10-07 16:05:00",397,12.328,-4.259871,48.02964,2.85,3.35,152.0693,989.1944
"2026-10-07 16:06:00",398,12.32884,-4.309603,48.01132,2.575,2.9,152.7996,989.0875
"2026-10-07 16:07:00",399,12.32968,-4.286328,47.82207,2.3125,2.6,160.8663,989.0204
"2026-10-07 16:08:00",400,12.32716,-4.22375,46.97958,2.05,2.3,157.1277,989.2585
"2026-10-07 16:09:00",401,12.328,-4.088805,47.71828,1.875,2,173.3563,989.1944
"2026-10-07 16:10:00",402,12.328,-4.000919,48.52415,1.6625,1.85,167.7994,989.1241
"2026-10-07 16:11:00",403,12.32632,-3.978151,47.94417,1.225,1.4,154.4684,989.1089
"2026-10-07 16:12:00",404,12.328,-3.94521,46.74301,0.8625,1.25,143.294,989.0234
"2026-10-07 16:13:00",405,12.32044,-3.925115,45.25797,0.9750001,1.85,192.3503,989.0082
"2026-10-07 16:14:00",406,12.328,-3.829724,45.13586,0.07083333,0.5,226.68,989.0265
"2026-10-07 16:15:00",407,12.328,-3.769818,44.87335,0,0,167.5415,989.1486
"2026-10-07 16:16:00",408,12.32128,-3.723776,45.31902,0.2625,0.8,140.4917,989.2341
"2026-10-07 16:17:00",409,12.32296,-3.730007,45.25797,0.4,0.65,240.7738,989.2432
"2026-10-07 16:18:00",410,12.32968,-3.799326,45.2076,0.4625001,0.8,249.3779,989.0509
"2026-10-07 16:19:00",411,12.32716,-3.96149,45.48385,0.7875,1.25,204.3159,988.9594
"2026-10-07 16:20:00",412,12.32464,-4.049885,45.94783,1,1.4,163.7531,989.1852
"2026-10-07 16:21:00",413,12.31793,-4.144003,46.86358,1.2375,1.4,163.7596,989.1852
"2026-10-07 16:22:00",414,12.32296,-4.14782,47.39472,1.475,2.3,171.9714,989.1456
"2026-10-07 16:23:00",415,12.33052,-4.123654,46.72317,1.775,2.3,162.5827,989.0387
"2026-10-07 16:24:00",416,12.32716,-4.078757,46.25155,1.8875,2.15,160.3374,989.1364
"2026-10-07 16:25:00",417,12.32632,-4.005115,45.98446,1.9125,2.15,151.3454,989.2188
"2026-10-07 16:26:00",418,12.31709,-3.975226,45.2946,1.2875,1.85,147.9645,989.0631
"2026-10-07 16:27:00",419,12.328,-3.913286,45.0046,0.8499999,1.1,141.8289,989.173
"2026-10-07 16:28:00",420,12.32716,-3.824382,44.84893,1.25,1.7,120.7543,989.2708
"2026-10-07 16:29:00",421,12.32632,-3.830104,45.53574,1.4625,1.85,140.7604,989.0387
"2026-10-07 16:30:00",422,12.3196,-3.888484,45.23812,1.3125,1.55,162.4809,989.1608
"2026-10-07 16:31:00",423,12.3196,-3.89319,44.74972,0.3625,0.95,121.2896,989.0997
"2026-10-07 16:32:00",424,12.32548,-3.884159,44.67188,0.7125,1.4,232.0722,989.3196
"2026-10-07 16:33:00",425,12.32044,-3.9461,44.97103,1.55,2.15,199.8859,989.3684
"2026-10-07 16:34:00",426,12.33136,-4.138789,45.9402,2.2875,2.6,216.8146,989.2708
"2026-10-07 16:35:00",427,12.32632,-4.227438,46.28666,2.525,2.75,202.1464,989.2524
"2026-10-07 16:36:00",428,12.32632,-4.236596,46.21035,2.4875,2.6,201.3987,989.3287
"2026-10-07 16:37:00",429,12.32884,-4.245119,46.38586,2.375,2.45,201.0996,989.2249
"2026-10-07 16:38:00",430,12.32632,-4.210015,47.52292,2.0625,2.3,207.3501,989.2341
"2026-10-07 16:39:00",431,12.32296,-4.215484,46.68348,2.175,2.3,198.6528,989.3928
"2026-10-07 16:40:00",432,12.32548,-4.1379,47.27262,1.875,2.15,210.07,989.3806
"2026-10-07 16:41:00",433,12.32464,-4.105212,48.11511,1.625,1.85,196.8561,989.2341
"2026-10-07 16:42:00",434,12.32464,-4.050394,47.65113,1.7125,1.85,201.0107,989.3898
"2026-10-07 16:43:00",435,12.31793,-4.00626,46.50186,1.825,2,215.434,989.2952
"2026-10-07 16:44:00",436,12.32296,-4.029535,46.40571,1.65,1.85,196.1214,989.2585
"2026-10-07 16:45:00",437,12.32044,-4.062477,46.9399,1.7125,2,205.2868,989.1028
"2026-10-07 16:46:00",438,12.32716,-4.016816,46.41181,1.5375,1.85,199.3636,989.1791
"2026-10-07 16:47:00",439,12.32212,-3.989599,46.26376,1.6,1.85,200.6185,989.1944
"2026-10-07 16:48:00",440,12.32464,-3.963653,46.09283,1.7625,2,210.5468,989.2097
"2026-10-07 16:49:00",441,12.31793,-3.966196,45.50674,1.975,2.15,220.2063,989.1577
"2026-10-07 16:50:00",442,12.32548,-3.976879,45.89288,1.9,2.15,200.8677,989.231
"2026-10-07 16:51:00",443,12.31457,-4.044415,46.67891,1.95,2.3,209.3266,989.0906
"2026-10-07 16:52:00",444,12.328,-4.08766,46.74759,2.075,2.45,203.1802,989.3531
"2026-10-07 16:53:00",445,12.3238,-4.169696,46.71249,2.2,2.45,222.1461,989.3562
"2026-10-07 16:54:00",446,12.3238,-4.23914,47.29094,2.225,2.45,223.6675,989.2066
"2026-10-07 16:55:00",447,12.3196,-4.294594,47.07573,2.5375,2.9,218.9667,989.289
"2026-10-07 16:56:00",448,12.32632,-4.330969,47.02842,2.6,2.9,208.5247,989.2798
"2026-10-07 16:57:00",449,12.31709,-4.373451,46.80253,2.75,3.2,207.9309,989.2921
"2026-10-07 16:58:00",450,12.31793,-4.348267,47.2543,2.45,2.6,199.459,989.2432
"2026-10-07 16:59:00",451,12.32548,-4.337838,46.83916,2.4875,2.75,199.0754,989.3287
"2026-10-07 17:00:00",452,12.32128,-4.295739,46.93531,2.55,2.75,205.1633,989.1974
"2026-10-07 17:01:00",453,12.32548,-4.242066,47.25125,2.35,2.6,209.7947,989.1852
"2026-10-07 17:02:00",454,12.32296,-4.205182,46.8819,2.475,2.75,197.9094,989.3257
"2026-10-07 17:03:00",455,12.32128,-4.177455,46.14319,2.4,2.75,217.3607,989.2769
"2026-10-07 17:04:00",456,12.32464,-4.212813,46.28361,2.2875,2.6,192.89,989.2952
"2026-10-07 17:05:00",457,12.32548,-4.172112,46.11114,2.3875,2.6,196.7651,989.0601
"2026-10-07 17:06:00",458,12.3196,-4.15507,45.72805,2.4375,2.75,210.7223,989.3898
"2026-10-07 17:07:00",459,12.32548,-4.0813,44.94661,2.0875,2.75,195.8526,989.1303
"2026-10-07 17:08:00",460,12.32296,-4.044415,45.07176,2.2125,2.45,225.2669,989.3928
"2026-10-07 17:09:00",461,12.32128,-3.999011,44.75125,1.7,2.15,200.5231,989.3959
"2026-10-07 17:10:00",462,12.32296,-3.966195,45.4518,1.4125,1.85,187.4198,989.4661
"2026-10-07 17:11:00",463,12.31541,-3.968613,46.16151,1.6375,2.3,177.7147,989.3898
"2026-10-07 17:12:00",464,12.32128,-3.937451,45.10992,1.5625,2,188.9867,989.283
"2026-10-07 17:13:00",465,12.32464,-3.942156,44.52384,2.0375,2.3,194.8665,989.0723
"2026-10-07 17:14:00",466,12.31709,-3.889248,43.9637,1.85,2.3,205.9717,989.4417
"2026-10-07 17:15:00",467,12.32296,-3.852744,42.87396,1.8375,2.15,184.2989,989.1577
"2026-10-07 17:16:00",468,12.31541,-3.731662,43.96981,2.725,3.05,197.153,989.3562
"2026-10-07 17:17:00",469,12.3196,-3.71907,44.64594,2.05,2.45,193.2454,989.3928
"2026-10-07 17:18:00",470,12.32296,-3.750358,43.90723,1.6875,2.3,193.7634,989.5027
"2026-10-07 17:19:00",471,12.32296,-3.730136,43.58824,1.1625,1.55,202.1464,989.3806
"2026-10-07 17:20:00",472,12.3196,-3.69058,42.95485,0.3791667,1.55,186.6395,989.4264
"2026-10-07 17:21:00",473,12.31793,-3.676335,42.06504,0.8124999,2.15,217.6446,989.4844
"2026-10-07 17:22:00",474,12.32548,-3.652805,42.36877,1.5125,2,212.4561,989.4508
"2026-10-07 17:23:00",475,12.31876,-3.669594,43.05864,1.45,1.7,209.0817,989.4966
"2026-10-07 17:24:00",476,12.32212,-3.718434,42.87091,2,2.45,227.1048,989.5393
"2026-10-07 17:25:00",477,12.32212,-3.751122,43.31047,2.2625,2.9,209.0622,989.3318
"2026-10-07 17:26:00",478,12.3238,-3.849056,44.18653,2.4125,2.9,207.5776,989.4539
"2026-10-07 17:27:00",479,12.32464,-3.933763,44.48874,2.5,2.75,201.6263,989.4966
"2026-10-07 17:28:00",480,12.31625,-3.967977,44.78178,2.35,2.75,203.8022,989.463
"2026-10-07 17:29:00",481,12.31625,-3.997991,44.41395,1.825,2.3,206.6977,989.4142
"2026-10-07 17:30:00",482,12.32464,-3.95195,44.00033,1.3375,1.7,210.679,989.3684
"2026-10-07 17:31:00",483,12.31793,-3.897387,43.76834,1.0875,1.4,223.7152,989.2097
"2026-10-07 17:32:00",484,12.32296,-3.971919,44.04612,1.4875,2.15,238.4874,989.4386
"2026-10-07 17:33:00",485,12.32548,-4.140442,44.87335,1.9,2.3,229.4086,989.5027
"2026-10-07 17:34:00",486,12.31289,-4.345216,46.22103,1.9875,2.3,226.5955,989.3379
"2026-10-07 17:35:00",487,12.32464,-4.47927,46.64991,1.875,2,206.041,989.3409
"2026-10-07 17:36:00",488,12.32044,-4.518699,46.44233,1.95,2.15,216.509,989.3806
"2026-10-07 17:37:00",489,12.3196,-4.48296,46.26529,2.35,2.6,207.2287,989.3287
"2026-10-07 17:38:00",490,12.30869,-4.440861,46.40418,2.5,2.9,210.5208,989.5149
"2026-10-07 17:39:00",491,12.31625,-4.447347,46.72164,2.55,2.9,197.4044,989.5393
"2026-10-07 17:40:00",492,12.3196,-4.411862,46.83306,2.6375,2.9,195.3433,989.3776
"2026-10-07 17:41:00",493,12.32044,-4.398125,46.25766,2.1875,2.6,188.8306,989.582
"2026-10-07 17:42:00",494,12.32212,-4.307059,46.19814,1.725,2,214.6278,989.5118
"2026-10-07 17:43:00",495,12.3238,-4.230874,45.60748,1.475,1.7,184.4549,989.5637
"2026-10-07 17:44:00",496,12.32464,-4.175166,45.58153,1.5,1.85,194.095,989.3318
"2026-10-07 17:45:00",497,12.32296,-4.06006,45.81352,1.775,2.15,194.7408,989.4905
"2026-10-07 17:46:00",498,12.32296,-4.051284,44.61083,2.1,2.45,203.0718,989.4905
"2026-10-07 17:47:00",499,12.31793,-3.976753,43.26926,2.5125,3.2,237.161,989.4203
"2026-10-07 17:48:00",500,12.32044,-3.93618,43.52262,2.1375,2.45,219.4955,989.4172
"2026-10-07 17:49:00",501,12.32044,-3.929183,44.34832,1.875,2.3,218.1951,989.3409
"2026-10-07 17:50:00",502,12.32296,-4.069599,44.62915,1.7875,2,212.8094,989.4661
"2026-10-07 17:51:00",503,12.32128,-4.130269,44.27353,1.9125,2.15,211.5957,989.5088
"2026-10-07 17:52:00",504,12.31876,-4.080156,44.04918,1.575,1.85,200.9501,989.6248
"2026-10-07 17:53:00",505,12.32296,-4.049504,44.03696,1.3,1.7,226.2466,989.2737
"2026-10-07 17:54:00",506,12.31625,-4.010203,44.12701,1.025,1.4,238.1427,989.5973
"2026-10-07 17:55:00",507,12.32128,-3.942538,43.67067,0.75,0.95,218.0391,989.5363
"2026-10-07 17:56:00",508,12.31625,-3.966577,44.34222,0.5541667,0.95,267.5115,989.5851
"2026-10-07 17:57:00",509,12.31457,-4.104322,44.53758,1.15,1.4,220.1782,989.3318
"2026-10-07 17:58:00",510,12.32128,-4.210651,44.9344,1.425,1.55,213.8866,989.6461
"2026-10-07 17:59:00",511,12.32212,-4.306169,45.5388,1.725,2,201.8842,989.5698
"2026-10-07 18:00:00",512,12.31625,-4.382608,46.0623,1.9,2.3,190.6273,989.5607
"2026-10-07 18:01:00",513,12.31793,-4.433229,45.97073,1.8375,2.15,195.1873,989.6431
"2026-10-07 18:02:00",514,12.32128,-4.447474,45.82268,1.4,1.7,187.825,989.6858
"2026-10-07 18:03:00",515,12.3196,-4.375995,45.64105,0.925,1.55,202.2548,989.5668
"2026-10-07 18:04:00",516,12.31205,-4.314309,44.97713,0.5916667,1.55,252.8456,989.7592
"2026-10-07 18:05:00",517,12.31205,-4.209507,44.446,0.8458334,1.55,219.0338,989.4996
"2026-10-07 18:06:00",518,12.3196,-4.159395,44.34985,0.9,1.1,213.3751,989.6584
"2026-10-07 18:07:00",519,12.31793,-4.15914,44.2018,1.35,1.7,212.4041,989.6858
"2026-10-07 18:08:00",520,12.32128,-4.14146,44.18806,1.55,1.85,223.3597,989.6309
"2026-10-07 18:09:00",521,12.31793,-4.159776,44.33458,1.5,1.85,223.3879,989.7042
"2026-10-07 18:10:00",522,12.32044,-4.280096,44.58641,1.65,2.15,211.8558,989.7072
"2026-10-07 18:11:00",523,12.31876,-4.357553,45.05497,1.45,1.55,212.9199,989.5027
"2026-10-07 18:12:00",524,12.3196,-4.458157,45.6029,1.35,1.85,215.3581,989.5607
"2026-10-07 18:13:00",525,12.32128,-4.580005,46.36908,1.9375,2.3,219.3134,989.6981
"2026-10-07 18:14:00",526,12.31625,-4.684552,47.23446,2.2,2.45,193.15,989.6981
"2026-10-07 18:15:00",527,12.31541,-4.691928,46.39197,2.525,3.05,210.9022,989.6431
"2026-10-07 18:16:00",528,12.31793,-4.457649,44.81382,1.65,2,228.3965,989.5759
"2026-10-07 18:17:00",529,12.32128,-4.257074,44.24911,1.35,1.55,205.3453,989.7194
"2026-10-07 18:18:00",530,12.31793,-4.151255,43.51804,1.025,1.7,219.5193,989.7714
"2026-10-07 18:19:00",531,12.31121,-4.03882,43.13037,0.2833333,0.95,269.5748,989.7194
"2026-10-07 18:20:00",532,12.31541,-4.079138,43.36541,1.195833,2.15,267.8063,989.6461
"2026-10-07 18:21:00",533,12.32044,-4.299046,44.446,1.625,2.75,268.6125,989.6492
"2026-10-07 18:22:00",534,12.31876,-4.535233,45.39228,1.4125,1.7,248.4503,989.7225
"2026-10-07 18:23:00",535,12.32128,-4.744203,46.24087,0.9250001,1.4,178.5491,989.5973
"2026-10-07 18:24:00",536,12.32296,-4.815555,47.05284,1.1125,1.4,233.2598,989.695
"2026-10-07 18:25:00",537,12.32212,-4.898736,47.63281,0.6958334,1.1,191.2428,989.5729
"2026-10-07 18:26:00",538,12.31037,-4.905859,47.59008,0.6166667,1.1,169.0932,989.6584
"2026-10-07 18:27:00",539,12.31625,-4.897973,47.90754,1.125,1.55,210.7353,989.6125
"2026-10-07 18:28:00",540,12.31625,-4.924555,47.66334,1.3,1.7,159.6678,989.7836
"2026-10-07 18:29:00",541,12.32044,-4.867194,47.14441,0.8333334,1.4,176.5899,989.64
"2026-10-07 18:30:00",542,12.31876,-4.860961,47.35199,0.8583333,1.4,197.3979,989.8568
"2026-10-07 18:31:00",543,12.31876,-4.858545,47.71676,0.8124999,1.1,181.6201,989.7621
"2026-10-07 18:32:00",544,12.3196,-4.890977,48.0159,1.25,1.7,192.463,989.8324
"2026-10-07 18:33:00",545,12.32212,-4.837813,46.99789,1.1625,1.4,177.8729,989.6217
"2026-10-07 18:34:00",546,12.31625,-4.805762,48.11206,1.2375,1.55,193.0893,989.8202
"2026-10-07 18:35:00",547,12.30617,-4.756413,46.99026,1.0125,1.55,165.3894,989.808
"2026-10-07 18:36:00",548,12.31373,-4.69956,46.91853,0.8,0.95,195.3715,989.8568
"2026-10-07 18:37:00",549,12.31373,-4.676031,47.13221,0.5,0.95,205.4645,989.5424
"2026-10-07 18:38:00",550,12.31625,-4.65975,46.47897,0.525,0.95,212.61,989.7469
"2026-10-07 18:39:00",551,12.31625,-4.627825,46.00735,0.4666667,0.8,227.5577,989.8934
"2026-10-07 18:40:00",552,12.32044,-4.57428,45.89288,0,0,244.7226,989.8446
"2026-10-07 18:41:00",553,12.31625,-4.602007,46.01498,0,0,233.3401,989.8049
"2026-10-07 18:42:00",554,12.31793,-4.618796,46.62548,0.2833333,0.8,208.477,989.808
"2026-10-07 18:43:00",555,12.31457,-4.613454,47.04979,0.75,0.95,173.9328,989.7774
"2026-10-07 18:44:00",556,12.31457,-4.657715,47.58702,0.9000001,1.25,156.7744,989.8904
"2026-10-07 18:45:00",557,12.31541,-4.712152,47.32756,1.4875,1.7,148.6493,989.7897
"2026-10-07 18:46:00",558,12.31709,-4.778162,47.46798,1.8625,2.15,157.8342,989.869
"2026-10-07 18:47:00",559,12.31541,-4.809832,48.02964,2.2875,2.45,152.0498,989.8873
"2026-10-07 18:48:00",560,12.31625,-4.816573,47.26957,1.95,2.3,143.7686,989.7714
"2026-10-07 18:49:00",561,12.31625,-4.745729,47.71828,1.8375,2.3,156.0874,989.7744
"2026-10-07 18:50:00",562,12.30198,-4.711771,48.30436,1.4125,1.7,174.5245,989.9178
"2026-10-07 18:51:00",563,12.31793,-4.70859,48.02659,1.1,1.25,188.0136,989.7592
"2026-10-07 18:52:00",564,12.31625,-4.721945,48.62793,1.075,1.4,254.4147,989.7836
"2026-10-07 18:53:00",565,12.31457,-4.68506,47.45577,0.8625,1.25,281.5663,989.8202
"2026-10-07 18:54:00",566,12.31289,-4.700068,47.44966,0.4416667,0.65,213.4336,989.6736
"2026-10-07 18:55:00",567,12.3196,-4.693964,46.93531,0.8999999,1.1,187.851,989.8019
"2026-10-07 18:56:00",568,12.31625,-4.644869,47.15052,1.1,1.25,175.8356,989.753
"2026-10-07 18:57:00",569,12.31121,-4.636474,47.04063,1.35,1.7,167.782,989.5393
"2026-10-07 18:58:00",570,12.31457,-4.583311,46.7949,1.3125,1.4,171.5098,989.7103
"2026-10-07 18:59:00",571,12.30953,-4.521498,46.94753,0.9750001,1.1,201.6805,989.7438
"2026-10-07 19:00:00",572,12.31625,-4.482324,46.94295,0.9833333,1.55,161.5576,989.7103
"2026-10-07 19:01:00",573,12.31373,-4.441877,47.97317,0.7708333,1.25,197.3112,989.8171
"2026-10-07 19:02:00",574,12.31457,-4.360097,47.13678,0.875,1.7,192.8423,989.7592
"2026-10-07 19:03:00",575,12.31457,-4.279458,47.40083,0.9375,1.25,167.4808,989.8354
"2026-10-07 19:04:00",576,12.31625,-4.239649,47.44814,1.5,1.85,160.3548,989.8202
"2026-10-07 19:05:00",577,12.31205,-4.211032,47.46798,1.1375,1.55,139.6529,989.6431
"2026-10-07 19:06:00",578,12.31793,-4.245881,47.03452,0.975,1.55,135.9686,989.7469
"2026-10-07 19:07:00",579,12.31457,-4.247026,46.79948,1,1.25,116.2463,989.6766
"2026-10-07 19:08:00",580,12.3196,-4.181778,45.88373,0.9250001,1.4,106.4156,989.7103
"2026-10-07 19:09:00",581,12.31457,-4.133956,45.72042,1.483333,2,94.06207,989.5851
"2026-10-07 19:10:00",582,12.31457,-4.096182,45.62427,1.175,1.55,99.60162,989.8293
"2026-10-07 19:11:00",583,12.31793,-4.084352,45.21523,1.0875,1.4,95.20421,989.6981
"2026-10-07 19:12:00",584,12.30701,-4.034241,44.94661,0.09583334,0.65,154.4316,989.7927
"2026-10-07 19:13:00",585,12.31541,-3.966705,44.66425,0.35,0.95,111.2616,989.5881
"2026-10-07 19:14:00",586,12.31457,-3.972174,44.61389,0.3,0.8,93.04561,989.637
"2026-10-07 19:15:00",587,12.30365,-3.96238,44.7131,1,1.85,111.7276,989.808
"2026-10-07 19:16:00",588,12.31457,-4.022667,45.18318,1.2875,1.7,99.70131,989.6461
"2026-10-07 19:17:00",589,12.31457,-4.103559,45.36175,1.4125,1.7,106.266,989.8293
"2026-10-07 19:18:00",590,12.31541,-4.140061,46.22409,1.325,1.55,103.752,989.8049
"2026-10-07 19:19:00",591,12.31205,-4.254022,46.72317,1.5,1.7,75.23274,989.6248
"2026-10-07 19:20:00",592,12.31373,-4.29205,46.79033,1.075,1.55,61.18878,989.6095
"2026-10-07 19:21:00",593,12.31037,-4.301717,46.86969,0.8875,1.25,63.33221,989.7256
"2026-10-07 19:22:00",594,12.31289,-4.342926,46.90021,1.2875,1.4,52.7884,989.869
"2026-10-07 19:23:00",595,12.31289,-4.392021,47.16731,0.8125,1.1,93.27967,989.8263
"2026-10-07 19:24:00",596,12.31541,-4.485885,47.4924,0.7250001,1.1,126.5019,989.8568
"2026-10-07 19:25:00",597,12.30869,-4.535107,47.80986,1.05,1.25,116.294,989.5424
"2026-10-07 19:26:00",598,12.31205,-4.550241,47.82054,1.2875,1.55,117.1566,989.8324
"2026-10-07 19:27:00",599,12.31289,-4.578986,48.25552,1.3875,1.7,123.7993,989.7866
"2026-10-07 19:28:00",600,12.31709,-4.62579,48.94997,1.3375,1.55,107.8265,989.7958
"2026-10-07 19:29:00",601,12.31289,-4.638256,49.08275,1.4,1.7,156.1243,989.8446
"2026-10-07 19:30:00",602,12.31541,-4.743949,49.55589,1.65,2,153.3285,989.9301
"2026-10-07 19:31:00",603,12.31121,-4.773456,49.62152,1.5875,1.85,163.0812,989.7836
"2026-10-07 19:32:00",604,12.30114,-4.80042,49.62763,1.3875,1.7,120.2254,989.9331
"2026-10-07 19:33:00",605,12.31289,-4.836923,50.00156,1.35,1.7,158.4823,989.8934
"2026-10-07 19:34:00",606,12.31457,-4.86287,50.23355,1.55,2.15,145.5371,989.8324
"2026-10-07 19:35:00",607,12.31541,-4.880929,50.02446,0.9583335,1.55,151.5101,990.0247
"2026-10-07 19:36:00",608,12.31457,-4.914254,50.52048,1.333333,2,149.2648,989.8171
"2026-10-07 19:37:00",609,12.31625,-4.955207,49.9283,1.925,2.15,167.5826,989.869
"2026-10-07 19:38:00",610,12.31793,-4.963348,50.51591,1.5625,1.85,167.1319,989.927
"2026-10-07 19:39:00",611,12.31121,-4.941852,51.00278,1.125,1.4,175.9115,989.9026
"2026-10-07 19:40:00",612,12.30869,-4.975684,50.78758,0.9875,1.4,134.0158,989.9301
"2026-10-07 19:41:00",613,12.29694,-4.993999,50.89289,0.8250001,1.1,130.7909,989.988
"2026-10-07 19:42:00",614,12.31289,-4.997561,51.16761,1.4,1.85,128.5695,989.9423
"2026-10-07 19:43:00",615,12.31457,-5.011425,50.86389,1.525,1.85,164.3599,989.7256
"2026-10-07 19:44:00",616,12.31289,-4.949485,50.23965,1.775,2.15,153.6969,989.8293
"2026-10-07 19:45:00",617,12.31121,-4.925191,50.38923,1.4875,1.7,148.658,989.637
"2026-10-07 19:46:00",618,12.31121,-4.823949,49.81078,1.0125,1.25,169.8409,989.8812
"2026-10-07 19:47:00",619,12.30533,-4.753615,49.34832,0.7500001,1.1,182.2053,990.0033
"2026-10-07 19:48:00",620,12.31037,-4.661531,49.34069,0.8625,1.25,176.3753,989.8324
"2026-10-07 19:49:00",621,12.30701,-4.600354,50.14198,0.9124999,0.95,197.3047,989.8385
"2026-10-07 19:50:00",622,12.31121,-4.560925,50.18471,0.7,0.95,236.5628,989.8782
"2026-10-07 19:51:00",623,12.30953,-4.593104,49.60321,0,0,195.9458,989.8629
"2026-10-07 19:52:00",624,12.30114,-4.63304,49.80467,0.02916667,0.35,192.9572,989.8568
"2026-10-07 19:53:00",625,12.31457,-4.731102,49.91914,0,0,193.2172,989.8171
"2026-10-07 19:54:00",626,12.31709,-4.727286,49.82299,0,0,185.2351,989.9545
"2026-10-07 19:55:00",627,12.31457,-4.746747,49.57268,0,0,183.6725,989.8416
"2026-10-07 19:56:00",628,12.31289,-4.810086,49.09954,0.3166667,1.4,228.4637,989.7592
"2026-10-07 19:57:00",629,12.31037,-5.098294,49.83062,1.375,1.85,231.5715,989.9331
"2026-10-07 19:58:00",630,12.31205,-5.361572,51.22866,1.8125,2.15,204.7471,989.9392
"2026-10-07 19:59:00",631,12.31121,-5.543959,52.69997,2.125,2.45,203.3709,989.7103
"2026-10-07 20:00:00",632,12.31457,-5.659193,53.51652,2.175,2.45,199.3073,989.8416
"2026-10-07 20:01:00",633,12.31121,-5.643803,53.1319,2.1,2.45,198.0524,989.7682
"2026-10-07 20:02:00",634,12.30953,-5.543451,52.4863,2.5125,2.75,189.6131,989.7469
"2026-10-07 20:03:00",635,12.30785,-5.369459,52.06505,2.4875,2.75,182.383,989.8446
"2026-10-07 20:04:00",636,12.31289,-5.21289,51.63159,2.5375,2.9,198.0828,989.8416
"2026-10-07 20:05:00",637,12.30785,-5.031393,50.89899,2.325,2.75,201.2036,989.6156
"2026-10-07 20:06:00",638,12.31457,-4.912982,50.51438,2.1875,2.6,202.5452,989.7836
"2026-10-07 20:07:00",639,12.30785,-4.827384,49.45211,2.3,2.6,207.9547,989.7225
"2026-10-07 20:08:00",640,12.31121,-4.696889,48.51804,2.4375,2.9,193.4708,989.866
"2026-10-07 20:09:00",641,12.30785,-4.632151,47.98538,2.3625,2.75,195.1959,989.6797
"2026-10-07 20:10:00",642,12.30114,-4.548461,48.03575,2.2125,2.45,210.5381,989.8202
"2026-10-07 20:11:00",643,12.31121,-4.552022,47.72897,2.3,2.9,202.8573,989.8171
"2026-10-07 20:12:00",644,12.29946,-4.521369,48.08001,2.15,2.45,191.388,989.8904
"2026-10-07 20:13:00",645,12.30869,-4.455105,48.3822,1.625,2.15,198.1413,989.7805
"2026-10-07 20:14:00",646,12.31205,-4.433357,47.41914,1.3875,1.7,241.2744,989.9056
"2026-10-07 20:15:00",647,12.31121,-4.39342,46.7949,0.9083333,1.4,256.8485,989.9178
"2026-10-07 20:16:00",648,12.31289,-4.377775,46.52781,1.0375,1.4,223.5331,989.9758
"2026-10-07 20:17:00",649,12.31289,-4.440987,46.6667,1.1875,1.55,250.5287,989.6645
"2026-10-07 20:18:00",650,12.31121,-4.500893,47.10778,1.0375,1.4,225.0069,989.7561
"2026-10-07 20:19:00",651,12.31121,-4.567029,47.58245,1.2625,1.4,199.9249,989.8324
"2026-10-07 20:20:00",652,12.31373,-4.581275,48.02354,1.325,1.55,210.6595,989.9392
"2026-10-07 20:21:00",653,12.30953,-4.663947,48.13037,1.2625,1.85,233.7908,989.8751
"2026-10-07 20:22:00",654,12.31289,-4.781851,48.26773,1.6875,2.15,228.338,989.9056
"2026-10-07 20:23:00",655,12.30617,-4.828274,48.5913,1.8375,2.15,213.2754,989.7714
"2026-10-07 20:24:00",656,12.31121,-4.851676,48.86908,1.825,2,199.5695,989.8934
"2026-10-07 20:25:00",657,12.30701,-4.832981,49.50705,1.3875,1.55,190.2806,989.9514
"2026-10-07 20:26:00",658,12.31373,-4.858799,49.36053,1.225,1.55,200.1742,990.0277
"2026-10-07 20:27:00",659,12.31457,-4.819244,48.79734,1.025,1.55,216.73,989.9606
"2026-10-07 20:28:00",660,12.31121,-4.786557,49.47348,0.08333334,0.5,144.4144,990.0033
"2026-10-07 20:29:00",661,12.30198,-4.775109,49.67342,0.1,0.5,150.2314,989.8812
"2026-10-07 20:30:00",662,12.30533,-4.749036,49.16517,0,0,237.6031,989.9056
"2026-10-07 20:31:00",663,12.30282,-4.728813,48.39442,0,0,107.5707,989.9636
"2026-10-07 20:32:00",664,12.31121,-4.727668,48.64014,0.4625,0.8,105.139,989.8812
"2026-10-07 20:33:00",665,12.30701,-4.778671,48.82177,0.7,1.1,106.1035,990.101
"2026-10-07 20:34:00",666,12.31289,-4.786938,48.86602,1.45,1.85,137.2689,990.0399
"2026-10-07 20:35:00",667,12.31373,-4.786174,48.84771,1.875,2.3,121.1422,990.1345
"2026-10-07 20:36:00",668,12.31457,-4.798131,49.15296,1.6125,2,125.2427,990.1345
"2026-10-07 20:37:00",669,12.30953,-4.795714,49.37122,1.6625,2,136.1658,989.8934
"2026-10-07 20:38:00",670,12.30785,-4.765442,48.63861,1.4625,1.7,136.868,990.0521
"2026-10-07 20:39:00",671,12.30617,-4.736699,48.09069,1.3625,2,231.526,989.7682
"2026-10-07 20:40:00",672,12.31121,-4.889452,48.54704,1.7125,2.45,210.1328,989.9789
"2026-10-07 20:41:00",673,12.30701,-5.137721,49.64594,0.7916667,1.1,261.8853,990.0033
"2026-10-07 20:42:00",674,12.30953,-5.22192,50.41059,0.7208333,1.1,181.3925,990.1132
"2026-10-07 20:43:00",675,12.31037,-5.248375,50.62885,0.8,0.95,184.0041,989.9301
"2026-10-07 20:44:00",676,12.31121,-5.188979,50.22134,0.09583334,0.65,233.1818,990.0277
"2026-10-07 20:45:00",677,12.30114,-5.155147,49.90083,0,0,233.1732,989.6981
"2026-10-07 20:46:00",678,12.31205,-5.119279,49.62915,0,0,166.6139,990.1193
"2026-10-07 20:47:00",679,12.31457,-5.105926,49.55589,0.2791667,0.8,73.95621,990.1589
"2026-10-07 20:48:00",680,12.30953,-5.141284,49.70089,0.2208333,0.8,140.4938,990.0613
"2026-10-07 20:49:00",681,12.31121,-5.169264,50.28239,0.7583334,0.95,153.9895,989.8721
"2026-10-07 20:50:00",682,12.30953,-5.103508,50.12976,0.5958334,0.8,175.6189,990.0247
"2026-10-07 20:51:00",683,12.29778,-5.023126,49.67189,0.5333334,0.8,210.6248,990.0216
"2026-10-07 20:52:00",684,12.30785,-4.926335,49.01255,0,0,255.7735,990.2384
"2026-10-07 20:53:00",685,12.31121,-4.879785,48.77903,0,0,173.6532,989.8599
"2026-10-07 20:54:00",686,12.30953,-4.895556,48.90113,0,0,210.0461,989.9911
"2026-10-07 20:55:00",687,12.30785,-4.959532,49.25675,0.15,0.8,130.4528,990.0796
"2026-10-07 20:56:00",688,12.31289,-4.94198,49.41243,0.3041667,0.65,215.4362,990.2109
"2026-10-07 20:57:00",689,12.30701,-5.002776,49.58642,0.125,0.65,139.705,990.2078
"2026-10-07 20:58:00",690,12.31121,-4.999723,49.16365,0.775,0.95,133.3223,990.1132
"2026-10-07 20:59:00",691,12.30617,-4.98446,49.14228,0.3208334,1.1,137.3014,990.0247
"2026-10-07 21:00:00",692,12.30785,-4.952282,48.93929,0,0,226.5088,990.2261
"2026-10-07 21:01:00",693,12.30785,-5.037115,48.36847,0.1,0.5,255.8191,990.0979
"2026-10-07 21:02:00",694,12.30953,-5.310189,49.13465,0.7041667,1.25,247.1673,990.2078
"2026-10-07 21:03:00",695,12.31205,-5.632101,50.56017,1.2375,1.4,223.6566,990.2719
"2026-10-07 21:04:00",696,12.30869,-5.78905,51.78422,1.675,2,204.6214,990.2109
"2026-10-07 21:05:00",697,12.31037,-5.787015,52.10016,1.975,2.6,212.9741,990.1071
"2026-10-07 21:06:00",698,12.30953,-5.766409,52.26041,2.55,3.05,219.7252,990.0491
"2026-10-07 21:07:00",699,12.29778,-5.705488,52.22836,1.9625,2.6,225.7372,990.1193
"2026-10-07 21:08:00",700,12.30953,-5.647237,52.17494,1.85,2.3,204.4871,990.2109
"2026-10-07 21:09:00",701,12.30953,-5.504149,51.43471,1.925,2.3,202.2613,990.0765
"2026-10-07 21:10:00",702,12.30701,-5.34491,50.80131,2.0125,2.3,208.399,990.1834
"2026-10-07 21:11:00",703,12.30282,-5.153621,50.22744,2.3,2.6,216.1904,989.9789
"2026-10-07 21:12:00",704,12.31121,-5.088754,50.03819,2.4375,2.9,196.2731,990.1865
"2026-10-07 21:13:00",705,12.30953,-5.042458,49.58947,2.7625,3.2,203.7307,990.043
"2026-10-07 21:14:00",706,12.30785,-5.038642,50.21066,2.675,2.9,209.6279,990.0643
"2026-10-07 21:15:00",707,12.31121,-5.085701,50.33123,2.6625,3.05,201.6349,990.1132
"2026-10-07 21:16:00",708,12.31121,-5.09524,49.45516,2.6,2.9,186.594,990.1376
"2026-10-07 21:17:00",709,12.30365,-4.993235,48.87671,2.3875,2.6,185.3565,990.2078
"2026-10-07 21:18:00",710,12.30785,-4.916287,49.54368,2.275,2.45,178.2565,990.2445
"2026-10-07 21:19:00",711,12.31121,-4.844681,49.36663,2.0125,2.6,183.718,990.1376
"2026-10-07 21:20:00",712,12.30198,-4.783885,48.18837,2.2375,2.6,191.1475,990.2842
"2026-10-07 21:21:00",713,12.30282,-4.707827,47.06505,2.3375,2.75,197.7988,989.8995
"2026-10-07 21:22:00",714,12.31037,-4.621721,46.82238,2.0125,2.45,213.529,990.2109
"2026-10-07 21:23:00",715,12.30869,-4.580894,47.09557,1.5,1.85,188.434,990.1224
"2026-10-07 21:24:00",716,12.30617,-4.554312,46.18593,1.775,2.15,206.0388,990.1132
"2026-10-07 21:25:00",717,12.30785,-4.571355,46.25919,1.975,2.15,201.9188,990.1865
"2026-10-07 21:26:00",718,12.31121,-4.554693,46.87579,1.45,1.85,171.3472,990.2078
"2026-10-07 21:27:00",719,12.30785,-4.593231,47.31841,1.2625,1.4,196.026,990.1834
"2026-10-07 21:28:00",720,12.30785,-4.597682,46.74759,1.8125,2.15,205.7202,990.162
"2026-10-07 21:29:00",721,12.30617,-4.675266,47.19326,1.5875,2,214.5779,990.1193
"2026-10-07 21:30:00",722,12.30953,-4.725888,47.45577,1.6,2.15,205.4688,990.1987
"2026-10-07 21:31:00",723,12.30365,-4.795078,47.24667,1.975,2.3,215.3581,990.046
"2026-10-07 21:32:00",724,12.30953,-4.769896,47.6725,1.5875,2.3,204.6431,990.1682
"2026-10-07 21:33:00",725,12.30701,-4.79635,47.43593,1.4875,2.15,202.2981,990.0979
"2026-10-07 21:34:00",726,12.31121,-4.742676,47.10778,1.9125,2.15,193.8327,990.22
"2026-10-07 21:35:00",727,12.31037,-4.765697,47.84039,2.35,2.9,196.453,990.2719
"2026-10-07 21:36:00",728,12.30617,-4.84112,48.25094,2.625,2.75,205.7636,990.2445
"2026-10-07 21:37:00",729,12.30617,-4.928879,48.70425,2.65,3.05,208.8281,990.1987
"2026-10-07 21:38:00",730,12.30953,-5.003284,49.53605,2.375,2.6,199.2358,990.22
"2026-10-07 21:39:00",731,12.31121,-5.07311,49.18806,1.9875,2.45,193.7157,990.2322
"2026-10-07 21:40:00",732,12.30785,-5.010534,49.28727,1.675,2,186.3881,990.2963
"2026-10-07 21:41:00",733,12.30701,-4.952918,49.3239,1.8,2.3,212.9156,990.2017
"2026-10-07 21:42:00",734,12.30953,-4.918324,48.79277,1.4375,2.3,168.8072,990.2689
"2026-10-07 21:43:00",735,12.30785,-4.827384,48.33794,0.7833334,1.25,183.8004,990.2658
"2026-10-07 21:44:00",736,12.30953,-4.742422,48.00217,0.9375001,1.1,185.2351,990.2963
"2026-10-07 21:45:00",737,12.30953,-4.644487,47.53666,1.775,2.15,227.7311,990.2963
"2026-10-07 21:46:00",738,12.30953,-4.563977,46.92463,0.95,1.4,272.5505,990.2963
"2026-10-07 21:47:00",739,12.30701,-4.54045,46.89258,0,0,198.3645,990.1742
"2026-10-07 21:48:00",740,12.30869,-4.537905,47.26041,0.7375,1.25,202.7858,990.1865
"2026-10-07 21:49:00",741,12.30953,-4.578095,47.43135,1.2875,2.15,215.0482,990.1254
"2026-10-07 21:50:00",742,12.30953,-4.648176,47.93959,1.420833,2,169.4465,990.2933
"2026-10-07 21:51:00",743,12.30282,-4.701594,48.12732,0.7041666,1.1,207.1745,990.2322
"2026-10-07 21:52:00",744,12.29946,-4.717748,48.06169,1.141667,2.3,248.5934,990.2475
"2026-10-07 21:53:00",745,12.30449,-4.616634,47.24209,1.425,2.15,253.4069,990.3574
"2026-10-07 21:54:00",746,12.30785,-4.517426,46.78422,0.8999999,1.25,275.2271,990.3696
"2026-10-07 21:55:00",747,12.30533,-4.463246,46.62548,0.1666667,0.65,232.5858,990.4062
"2026-10-07 21:56:00",748,12.30365,-4.445312,46.69875,0.125,0.65,202.6232,990.3208
"2026-10-07 21:57:00",749,12.3003,-4.452942,46.8819,0.1666667,0.65,197.8638,990.3574
"2026-10-07 21:58:00",750,12.30617,-4.48474,47.53971,0.7083333,0.95,210.6898,990.2567
"2026-10-07 21:59:00",751,12.29862,-4.519716,47.57176,0.8875,1.1,201.8972,990.2537
"2026-10-07 22:00:00",752,12.30617,-4.548715,47.72439,1.05,1.25,176.7567,990.391
"2026-10-07 22:01:00",753,12.3003,-4.537777,48.15022,1.0875,1.55,197.3199,990.3544
"2026-10-07 22:02:00",754,12.30617,-4.493771,47.41304,1.15,1.25,194.7018,990.3574
"2026-10-07 22:03:00",755,12.30869,-4.466424,46.94295,1.275,1.85,215.0981,990.2842
"2026-10-07 22:04:00",756,12.30617,-4.439335,46.53849,1.2875,1.7,190.6837,990.394
"2026-10-07 22:05:00",757,12.30617,-4.465916,46.65601,1.6375,2,195.0204,990.1682
"2026-10-07 22:06:00",758,12.30114,-4.465789,46.84527,1.4375,1.85,257.2906,990.3177
"2026-10-07 22:07:00",759,12.31121,-4.447092,46.74759,0.8875001,1.25,209.4545,990.2109
"2026-10-07 22:08:00",760,12.30953,-4.416314,46.17677,0.6541667,1.4,224.957,990.3422
"2026-10-07 22:09:00",761,12.30785,-4.351575,46.30803,0.9375,1.25,219.8379,990.3269
"2026-10-07 22:10:00",762,12.30198,-4.36671,46.23172,0.8125,0.95,198.5812,990.2231
"2026-10-07 22:11:00",763,12.30701,-4.381209,46.25766,0.8,1.1,187.0535,990.2567
"2026-10-07 22:12:00",764,12.30953,-4.418349,46.91853,0.8333333,1.25,102.5491,990.1987
"2026-10-07 22:13:00",765,12.2919,-4.509034,46.93074,0.95,1.1,88.25591,990.3452
"2026-10-07 22:14:00",766,12.30533,-4.568302,47.18715,0.5291667,0.95,128.7537,990.3452
"2026-10-07 22:15:00",767,12.30701,-4.559781,47.16273,0.3083333,0.95,221.6519,990.2719
"2026-10-07 22:16:00",768,12.30953,-4.516411,47.13221,0.55,0.95,214.9182,990.3788
"2026-10-07 22:17:00",769,12.30365,-4.502674,46.90632,0.9208333,1.25,187.9139,990.3147
"2026-10-07 22:18:00",770,12.29358,-4.539431,46.99789,0.7875,1.1,225.3905,990.22
"2026-10-07 22:19:00",771,12.30365,-4.589161,47.37488,0.3916667,0.95,222.1851,990.3422
"2026-10-07 22:20:00",772,12.2961,-4.608493,47.65113,0.6583334,1.1,129.7701,990.2445
"2026-10-07 22:21:00",773,12.30785,-4.640673,47.85107,1.2125,1.85,124.1569,990.2811
"2026-10-07 22:22:00",774,12.30282,-4.732629,48.44325,1.7625,2,132.178,990.3696
"2026-10-07 22:23:00",775,12.30701,-4.802073,48.69509,2.2125,2.45,135.171,990.4062
"2026-10-07 22:24:00",776,12.30365,-4.860071,49.27964,1.875,2.15,135.4354,990.3818
"2026-10-07 22:25:00",777,12.30617,-4.884745,49.22622,1.2625,1.7,127.7004,990.3818
"2026-10-07 22:26:00",778,12.30701,-4.755905,48.73782,0.9833333,1.85,144.3321,990.3544
"2026-10-07 22:27:00",779,12.30785,-4.697016,48.55467,0.95,1.55,160.4371,990.2963
"2026-10-07 22:28:00",780,12.30617,-4.673613,48.20668,0.8500001,1.1,124.1851,990.3574
"2026-10-07 22:29:00",781,12.30869,-4.659622,48.10595,1.15,1.4,140.1839,990.1682
"2026-10-07 22:30:00",782,12.30449,-4.646523,48.38373,1.2875,1.55,149.6636,990.2445
"2026-10-07 22:31:00",783,12.30114,-4.64716,48.18837,1.4625,1.7,154.0003,990.3086
"2026-10-07 22:32:00",784,12.30869,-4.621594,48.04795,1.5,1.85,163.1289,990.391
"2026-10-07 22:33:00",785,12.30701,-4.611928,48.27232,0.925,1.55,163.5147,990.4642
"2026-10-07 22:34:00",786,12.30282,-4.613072,48.35931,0.9124999,1.1,198.5574,990.2689
"2026-10-07 22:35:00",787,12.30617,-4.591705,48.18074,1.0875,1.25,184.8754,990.4612
"2026-10-07 22:36:00",788,12.30449,-4.509923,48.93013,1.3375,1.55,190.6165,990.2322
"2026-10-07 22:37:00",789,12.30282,-4.509542,48.87213,1.35,1.55,186.4553,990.3269
"2026-10-07 22:38:00",790,12.30282,-4.498857,48.67219,0.95,1.25,143.0837,990.3818
"2026-10-07 22:39:00",791,12.30198,-4.57199,48.60962,1.3,1.7,208.1064,990.2017
"2026-10-07 22:40:00",792,12.30617,-4.567539,48.0159,1.2625,1.7,224.6709,990.4276
"2026-10-07 22:41:00",793,12.30198,-4.54223,47.20089,0.5416667,1.25,146.3043,990.3483
"2026-10-07 22:42:00",794,12.30533,-4.465661,47.09557,0.5916667,1.4,108.9426,990.2475
"2026-10-07 22:43:00",795,12.29778,-4.449255,47.19326,1.5625,1.7,118.1167,990.1437
"2026-10-07 22:44:00",796,12.30282,-4.487029,47.40083,1.425,1.85,128.6323,990.3086
"2026-10-07 22:45:00",797,12.30533,-4.479653,47.3123,1.6,1.7,150.4937,990.4185
"2026-10-07 22:46:00",798,12.30785,-4.460193,47.08336,1.3125,1.85,149.0914,990.2475
"2026-10-07 22:47:00",799,12.30449,-4.393293,47.41304,1.975,2.9,126.4824,990.1865
"2026-10-07 22:48:00",800,12.29946,-4.499876,48.08459,2.4125,3.05,113.3747,990.4398
"2026-10-07 22:49:00",801,12.2919,-4.579369,47.87701,1.9875,2.6,112.2412,990.394
"2026-10-07 22:50:00",802,12.3003,-4.599591,48.54399,1.875,2.45,117.3625,990.3788
"2026-10-07 22:51:00",803,12.30533,-4.639145,48.33794,1.6125,2,112.9304,990.2322
"2026-10-07 22:52:00",804,12.30449,-4.627953,48.43867,1.7875,2,107.5772,990.4764
"2026-10-07 22:53:00",805,12.30365,-4.620322,48.48599,1.2375,1.85,42.64554,990.2963
"2026-10-07 22:54:00",806,12.30198,-4.68646,49.03086,0.1,0.5,115.8909,990.4917
"2026-10-07 22:55:00",807,12.30617,-4.743312,48.87671,1.1625,1.4,130.2708,990.4429
"2026-10-07 22:56:00",808,12.30869,-4.772057,49.0568,1.125,1.4,142.297,990.4917
"2026-10-07 22:57:00",809,12.2961,-4.715585,48.5333,1.225,1.4,146.4409,990.3086
"2026-10-07 22:58:00",810,12.30114,-4.629988,48.02659,1.0875,1.25,154.8239,990.394
"2026-10-07 22:59:00",811,12.30282,-4.554312,47.55192,1.4875,1.85,177.3528,990.3696
"2026-10-07 23:00:00",812,12.30282,-4.495806,46.96126,1.116667,2,136.4779,990.3452
"2026-10-07 23:01:00",813,12.30617,-4.407537,47.26651,1.0125,1.7,227.5794,990.3605
"2026-10-07 23:02:00",814,12.30114,-4.353864,47.18715,1.375,1.7,210.1047,990.5009
"2026-10-07 23:03:00",815,12.30282,-4.346741,47.22378,2.35,4.1,221.9293,990.4642
"2026-10-07 23:04:00",816,12.30785,-4.286963,46.74148,2.75,3.8,232.8416,990.4032
"2026-10-07 23:05:00",817,12.30533,-4.276152,46.39197,2.425,3.05,227.2998,990.4886
"2026-10-07 23:06:00",818,12.30449,-4.241811,46.30497,2.1125,2.75,262.0197,990.4917
"2026-10-07 23:07:00",819,12.30282,-4.23507,46.22866,0.875,1.1,232.9738,990.3391
"2026-10-07 23:08:00",820,12.30617,-4.207216,46.30955,0.8291667,1.55,191.4942,990.3666
"2026-10-07 23:09:00",821,12.30449,-4.283401,46.89869,2.0375,2.45,238.6412,990.5039
"2026-10-07 23:10:00",822,12.29694,-4.355136,47.16273,1.875,2.45,206.481,990.3818
"2026-10-07 23:11:00",823,12.30449,-4.346869,46.92006,1.8625,2.3,176.6332,990.2505
"2026-10-07 23:12:00",824,12.30365,-4.254148,46.15083,2.2375,3.05,187.4783,990.5161
"2026-10-07 23:13:00",825,12.30365,-4.177835,45.90357,1.275,1.85,144.3147,990.4093
"2026-10-07 23:14:00",826,12.30282,-4.137264,45.58611,0.225,1.4,98.25791,990.5405
"2026-10-07 23:15:00",827,12.30449,-4.115132,45.56322,0.3583333,1.25,139.8588,990.4856
"2026-10-07 23:16:00",828,12.30449,-4.101141,45.62885,0.9374999,1.1,141.4019,990.4062
"2026-10-07 23:17:00",829,12.30617,-4.111699,46.14319,1.2625,1.55,179.3401,990.4551
"2026-10-07 23:18:00",830,12.30282,-4.125435,46.7659,1.325,1.55,214.3157,990.4154
"2026-10-07 23:19:00",831,12.30114,-4.173385,46.77201,1.25,1.85,191.4834,990.4032
"2026-10-07 23:20:00",832,12.30533,-4.207216,47.43135,1.9125,2.3,179.7974,990.4307
"2026-10-07 23:21:00",833,12.30282,-4.209379,46.94905,2.0875,2.3,142.3295,990.3147
"2026-10-07 23:22:00",834,12.30282,-4.18763,45.783,2.4875,3.2,108.3466,990.4062
"2026-10-07 23:23:00",835,12.30617,-4.090203,45.29002,2.8625,3.65,114.7791,990.3818
"2026-10-07 23:24:00",836,12.30365,-4.04467,45.07176,2.0875,2.9,79.08833,990.5894
"2026-10-07 23:25:00",837,12.30617,-4.027627,45.08703,1.35,1.55,83.55292,990.3452
"2026-10-07 23:26:00",838,12.30449,-4.025846,45.15265,1.575,2.45,38.91565,990.6473
"2026-10-07 23:27:00",839,12.30114,-4.047595,45.09466,0.2375,1.4,191.4292,990.4337
"2026-10-07 23:28:00",840,12.30365,-4.049884,45.64411,0.825,1.1,100.3905,990.5527
"2026-10-07 23:29:00",841,12.30533,-4.097072,45.97378,0.1083333,0.8,75.62286,990.6321
"2026-10-07 23:30:00",842,12.30282,-4.16499,46.06383,0.175,0.8,130.0389,990.5039
"2026-10-07 23:31:00",843,12.30198,-4.206963,46.1493,0,0,68.50334,990.452
"2026-10-07 23:32:00",844,12.30869,-4.212176,46.37976,0.2958333,0.8,117.8631,990.4917
"2026-10-07 23:33:00",845,12.30617,-4.250206,46.57054,0.65,0.8,140.7712,990.5436
"2026-10-07 23:34:00",846,12.30449,-4.275261,46.67433,0.7208333,1.1,106.992,990.5161
"2026-10-07 23:35:00",847,12.30114,-4.371797,46.95516,1.25,1.4,118.108,990.3391
"2026-10-07 23:36:00",848,12.30198,-4.441496,47.65723,1.225,1.85,108.9534,990.5283
"2026-10-07 23:37:00",849,12.30533,-4.508652,47.8648,0.5916666,1.1,80.54041,990.452
"2026-10-07 23:38:00",850,12.29862,-4.532181,47.86175,0.7958334,1.4,127.8629,990.5283
"2026-10-07 23:39:00",851,12.30449,-4.582802,48.24942,1.025,1.25,154.7372,990.571
"2026-10-07 23:40:00",852,12.30617,-4.584072,48.31657,0.975,1.25,144.7309,990.5039
"2026-10-07 23:41:00",853,12.30449,-4.566904,48.341,0.8625,1.1,147.4443,990.5985
"2026-10-07 23:42:00",854,12.30449,-4.571228,48.19295,0.7375,0.95,129.5968,990.5375
"2026-10-07 23:43:00",855,12.30198,-4.566649,48.01285,0.8500001,1.25,140.7691,990.4185
"2026-10-07 23:44:00",856,12.30617,-4.576696,48.87061,1.3,1.55,158.7163,990.4886
"2026-10-07 23:45:00",857,12.30282,-4.596029,48.23263,1.1875,1.4,143.8618,990.2719
"2026-10-07 23:46:00",858,12.30114,-4.572246,48.57451,1.025,1.25,168.4344,990.4185
"2026-10-07 23:47:00",859,12.30449,-4.583311,48.38831,1.1625,1.55,227.4169,990.3788
"2026-10-07 23:48:00",860,12.30449,-4.584964,48.49973,1.0375,1.25,220.1782,990.5009
"2026-10-07 23:49:00",861,12.30198,-4.564487,48.36236,0.6875,1.25,189.1427,990.5649
"2026-10-07 23:50:00",862,12.30114,-4.598572,48.77445,1.4625,1.85,201.3228,990.5161
"2026-10-07 23:51:00",863,12.30114,-4.672086,49.38495,1.6875,2,210.0353,990.5131
"2026-10-07 23:52:00",864,12.30701,-4.686079,49.21401,1.1875,1.55,201.9037,990.5039
"2026-10-07 23:53:00",865,12.3003,-4.677938,48.72256,1.2625,1.4,169.5831,990.5283
"2026-10-07 23:54:00",866,12.29022,-4.659749,49.09649,1.6,1.85,196.1669,990.3788
"2026-10-07 23:55:00",867,12.30449,-4.679973,49.09496,1.55,1.7,191.9797,990.2933
"2026-10-07 23:56:00",868,12.30114,-4.682388,49.04765,1.675,2.15,188.8306,990.5131
"2026-10-07 23:57:00",869,12.30449,-4.692055,49.08275,1.158333,2,217.5753,990.5253
"2026-10-07 23:58:00",870,12.30365,-4.655427,49.20638,0.8708334,1.4,219.4066,990.391
"2026-10-07 23:59:00",871,12.30114,-4.67463,49.07818,0.9125,1.1,185.6881,990.3361
"2026-10-08 00:00:00",872,12.30114,-4.702485,48.92097,1.4125,1.85,195.1353,990.4917
"2026-10-08 00:01:00",873,12.30617,-4.653901,49.2018,1.1625,1.55,123.7278,990.4917
"2026-10-08 00:02:00",874,12.30449,-4.663184,49.31932,0.7500001,0.95,220.6051,990.4276
"2026-10-08 00:03:00",875,12.30114,-4.70274,49.37274,0.3166666,0.95,243.9402,990.4185
"2026-10-08 00:04:00",876,12.30449,-4.724106,49.24454,0,0,188.2563,990.3086
"2026-10-08 00:05:00",877,12.30198,-4.771295,49.10412,0,0,149.8521,990.4307
"2026-10-08 00:06:00",878,12.30365,-4.832345,49.30559,0.525,0.8,208.2148,990.3452
"2026-10-08 00:07:00",879,12.29526,-4.819625,49.48721,0.7875,1.25,233.0431,990.33
"2026-10-08 00:08:00",880,12.30114,-4.779307,49.43227,1.325,2.3,207.5213,990.4551
"2026-10-08 00:09:00",881,12.30365,-4.763536,49.45211,2.1,2.3,225.4316,990.5405
"2026-10-08 00:10:00",882,12.30282,-4.888434,50.18165,2.15,2.6,234.0423,990.5131
"2026-10-08 00:11:00",883,12.30449,-4.90713,50.1725,1.9375,2.6,201.9925,990.3635
"2026-10-08 00:12:00",884,12.29778,-4.913998,50.49759,2,2.3,213.7674,990.4673
"2026-10-08 00:13:00",885,12.30114,-4.940199,50.27018,1.85,2.3,200.0008,990.2567
"2026-10-08 00:14:00",886,12.30282,-4.934476,50.68684,2.025,2.3,189.7323,990.5253
"2026-10-08 00:15:00",887,12.30365,-4.912091,50.75553,2.625,2.9,194.1123,990.4368
"2026-10-08 00:16:00",888,12.3003,-4.88678,50.37396,2.5875,2.9,186.516,990.5649
"2026-10-08 00:17:00",889,12.30282,-4.844808,50.32055,2.25,2.45,186.6287,990.3269
"2026-10-08 00:18:00",890,12.30114,-4.799657,49.81383,1.9,2.3,189.4635,990.333
"2026-10-08 00:19:00",891,12.29526,-4.727541,49.89777,2.0625,2.45,186.2668,990.3788
"2026-10-08 00:20:00",892,12.30282,-4.68417,49.85199,2.4375,2.75,189.4137,990.33
"2026-10-08 00:21:00",893,12.30282,-4.675648,49.67647,2.2625,2.45,188.6269,990.5497
"2026-10-08 00:22:00",894,12.30114,-4.690911,49.7711,2.1375,2.3,184.8342,990.3452
"2026-10-08 00:23:00",895,12.3003,-4.618922,48.84313,1.9375,2.3,172.3442,990.5588
"2026-10-08 00:24:00",896,12.29358,-4.552022,48.19447,1.2125,1.4,145.1232,990.4917
"2026-10-08 00:25:00",897,12.30365,-4.517299,47.46187,1,1.25,164.4293,990.3666
"2026-10-08 00:26:00",898,12.30114,-4.44544,47.58397,0.9875001,1.4,153.4607,990.5039
"2026-10-08 00:27:00",899,12.29526,-4.429667,47.43745,0.9916667,1.55,185.9763,990.4612
"2026-10-08 00:28:00",900,12.30365,-4.439207,47.33978,1.2,1.4,240.0044,990.5375
"2026-10-08 00:29:00",901,12.30449,-4.407792,46.70485,0.7541667,1.25,272.5808,990.391
"2026-10-08 00:30:00",902,12.30114,-4.373069,46.77201,0.1208333,0.8,55.97647,990.4795
"2026-10-08 00:31:00",903,12.30114,-4.400797,46.90479,0.3,0.65,87.54072,990.4551
"2026-10-08 00:32:00",904,12.29946,-4.446456,47.05284,0.1125,0.5,138.1467,990.3818
"2026-10-08 00:33:00",905,12.30198,-4.504454,47.54124,0.825,0.95,110.4489,990.4398
"2026-10-08 00:34:00",906,12.30282,-4.666873,48.08154,0.9125001,1.25,123.8145,990.4307
"2026-10-08 00:35:00",907,12.30282,-4.774474,48.63709,0.5625001,0.95,130.598,990.4948
"2026-10-08 00:36:00",908,12.30114,-4.889578,48.85992,0.4958333,1.1,145.8232,990.5863
"2026-10-08 00:37:00",909,12.29862,-4.893267,48.7134,0.4291667,1.1,237.3278,990.626
"2026-10-08 00:38:00",910,12.30114,-4.975684,48.84161,1.616667,2.6,207.4021,990.4062
"2026-10-08 00:39:00",911,12.29862,-5.086719,49.51316,2.425,2.6,205.8329,990.2933
"2026-10-08 00:40:00",912,12.30449,-5.179185,49.84436,2.3,2.45,198.3667,990.4795
"2026-10-08 00:41:00",913,12.30282,-5.218231,50.09008,2.225,2.45,204.7211,990.4185
"2026-10-08 00:42:00",914,12.29022,-5.20653,50.19692,2.225,2.45,199.9986,990.5985
"2026-10-08 00:43:00",915,12.3003,-5.214797,50.19692,2.225,2.6,198.4815,990.6382
"2026-10-08 00:44:00",916,12.30449,-5.246849,50.18165,2.225,2.45,211.936,990.5314
"2026-10-08 00:45:00",917,12.29862,-5.246848,50.05956,2.025,2.15,215.3235,990.5131
"2026-10-08 00:46:00",918,12.30282,-5.131744,49.59558,1.875,2.3,199.2791,990.5894
"2026-10-08 00:47:00",919,12.29862,-5.086974,49.70241,1.8625,2.15,195.9913,990.626
"2026-10-08 00:48:00",920,12.30282,-4.999341,49.71463,1.675,1.85,191.0153,990.5527
"2026-10-08 00:49:00",921,12.30198,-4.981027,49.61084,1.8625,2.15,182.979,990.4124
"2026-10-08 00:50:00",922,12.30198,-4.952281,49.87793,1.7375,1.85,188.5446,990.5894
"2026-10-08 00:51:00",923,12.30198,-4.96055,49.74362,1.7625,2.15,187.2789,990.4795
"2026-10-08 00:52:00",924,12.30198,-4.915652,49.30101,1.55,1.85,185.441,990.5161
"2026-10-08 00:53:00",925,12.30114,-4.900135,48.69967,1.675,2.3,187.9377,990.4276
"2026-10-08 00:54:00",926,12.30282,-4.887671,49.38953,1.5625,2.15,193.1587,990.5619
"2026-10-08 00:55:00",927,12.30114,-4.929134,50.03056,1.8375,2.3,195.1916,990.5863
"2026-10-08 00:56:00",928,12.30114,-5.001249,49.78483,2.0875,2.45,203.8889,990.4276
"2026-10-08 00:57:00",929,12.3003,-5.038516,49.24301,2.2,2.45,200.1503,990.6016
"2026-10-08 00:58:00",930,12.30114,-5.078071,49.64746,2.0375,2.3,202.7793,990.626
"2026-10-08 00:59:00",931,12.29946,-5.100583,49.24911,2.1625,2.45,214.7166,990.4429
"2026-10-08 01:00:00",932,12.29862,-5.098548,49.50553,2.075,2.3,187.5931,990.4642
"2026-10-08 01:01:00",933,12.29778,-5.141792,49.33458,2.1875,2.6,212.8723,990.391
"2026-10-08 01:02:00",934,12.30114,-5.126529,49.64594,1.8,2.15,203.6873,990.4062
"2026-10-08 01:03:00",935,12.30198,-5.096132,49.50553,1.8375,2.15,209.0145,990.4795
"2026-10-08 01:04:00",936,12.30198,-5.040679,49.0736,1.7375,2,191.336,990.6229
"2026-10-08 01:05:00",937,12.30282,-5.036608,48.91182,2.2375,2.45,210.1957,990.4246
"2026-10-08 01:06:00",938,12.30282,-5.052506,49.08581,1.9375,2,219.075,990.5405
"2026-10-08 01:07:00",939,12.30198,-5.107959,49.05528,1.425,1.7,239.3196,990.5924
"2026-10-08 01:08:00",940,12.30365,-5.098675,48.82177,1.3125,1.7,204.1663,990.5619
"2026-10-08 01:09:00",941,12.28519,-5.08939,48.90723,1.475,1.7,234.8658,990.6749
"2026-10-08 01:10:00",942,12.30282,-5.106815,49.14686,1.15,1.4,240.2862,990.5039
"2026-10-08 01:11:00",943,12.29526,-5.175879,49.45516,0.8875,1.1,240.1496,990.7115
"2026-10-08 01:12:00",944,12.29862,-5.237818,49.57268,0.4208333,0.95,234.2395,990.5985
"2026-10-08 01:13:00",945,12.30114,-5.344148,49.46432,0.4541667,0.95,227.2977,990.5344
"2026-10-08 01:14:00",946,12.2961,-5.527425,50.23813,0.9875,1.1,206.9253,990.4917
"2026-10-08 01:15:00",947,12.29778,-5.563673,50.81658,0.8375,0.95,198.1608,990.6382
"2026-10-08 01:16:00",948,12.29778,-5.595851,51.54765,0.7500001,1.1,197.3459,990.5039
"2026-10-08 01:17:00",949,12.29946,-5.577028,51.71707,0.8375,0.95,183.8307,990.7206
"2026-10-08 01:18:00",950,12.30198,-5.55566,51.43471,0.825,0.95,159.0631,990.7115
"2026-10-08 01:19:00",951,12.30114,-5.478838,51.14319,0.95,1.1,171.8153,990.6443
"2026-10-08 01:20:00",952,12.3003,-5.407106,51.11115,0.85,1.1,181.8694,990.7726
"2026-10-08 01:21:00",953,12.29946,-5.31146,50.67311,0.1666667,0.65,191.4639,990.5527
"2026-10-08 01:22:00",954,12.29358,-5.228534,50.43501,0,0,175.3762,990.7482
"2026-10-08 01:23:00",955,12.29694,-5.203861,50.36786,0.1791667,0.8,161.7852,990.6199
"2026-10-08 01:24:00",956,12.2919,-5.238835,50.32513,0,0,167.1232,990.6718
"2026-10-08 01:25:00",957,12.29694,-5.232604,50.01987,0,0,167.2077,990.4215
"2026-10-08 01:26:00",958,12.29946,-5.265419,49.60473,0,0,157.8581,990.6108
"2026-10-08 01:27:00",959,12.30282,-5.360555,49.76957,0,0,178.8655,990.6046
"2026-10-08 01:28:00",960,12.29694,-5.437884,50.05803,0,0,179.1711,990.7329
"2026-10-08 01:29:00",961,12.2961,-5.524881,50.59832,0,0,186.2364,990.7115
"2026-10-08 01:30:00",962,12.29862,-5.55248,51.16761,0.8291667,1.55,203.6201,990.7817
"2026-10-08 01:31:00",963,12.29694,-5.546122,51.30192,1.65,1.85,196.492,990.5894
"2026-10-08 01:32:00",964,12.29694,-5.484308,51.14319,1.9,2.15,203.8477,990.8214
"2026-10-08 01:33:00",965,12.29778,-5.401254,51.04551,2.1,2.3,193.6507,990.7237
"2026-10-08 01:34:00",966,12.3003,-5.328249,50.96004,2.075,2.3,195.7573,990.858
"2026-10-08 01:35:00",967,12.2961,-5.287676,50.74332,2.0125,2.15,196.7629,990.6962
"2026-10-08 01:36:00",968,12.29442,-5.200426,50.88984,2.1,2.3,190.0205,990.6749
"2026-10-08 01:37:00",969,12.30114,-5.096512,49.78636,2.05,2.3,196.5028,990.7237
"2026-10-08 01:38:00",970,12.29778,-5.03241,49.17585,2.0125,2.45,201.4117,990.7451
"2026-10-08 01:39:00",971,12.29946,-4.941725,49.04918,1.85,2.45,206.9361,990.5863
"2026-10-08 01:40:00",972,12.29778,-4.873426,48.60962,2,2.3,214.6473,990.7817
"2026-10-08 01:41:00",973,12.29946,-4.808433,47.93043,1.3,1.85,239.2676,990.5527
"2026-10-08 01:42:00",974,12.29694,-4.765697,47.88007,0.375,1.1,204.3744,990.8123
"2026-10-08 01:43:00",975,12.29358,-4.815555,47.51071,0.9333333,1.55,242.8999,990.6505
"2026-10-08 01:44:00",976,12.29526,-4.899881,47.67555,0.4166667,0.95,272.7412,990.5894
"2026-10-08 01:45:00",977,12.29862,-5.012441,47.96249,0.875,1.25,239.0075,990.626
"2026-10-08 01:46:00",978,12.29778,-5.114954,48.54856,0.9250001,1.25,234.4064,990.8306
"2026-10-08 01:47:00",979,12.29862,-5.185291,48.76224,0.7875001,1.1,239.3564,990.5771
"2026-10-08 01:48:00",980,12.29274,-5.22052,48.68287,0.8999999,1.1,228.3726,990.7084
"2026-10-08 01:49:00",981,12.29694,-5.296453,49.28727,0.975,1.4,269.6788,990.797
"2026-10-08 01:50:00",982,12.29862,-5.383448,49.36358,1.05,1.25,238.6542,990.6596
"2026-10-08 01:51:00",983,12.30114,-5.510635,49.7192,0.4916667,0.8,229.7901,990.6931
"2026-10-08 01:52:00",984,12.30114,-5.654486,49.96493,0.2791667,0.65,213.8497,990.6993
"2026-10-08 01:53:00",985,12.29862,-5.77099,50.67921,0,0,145.691,990.8062
"2026-10-08 01:54:00",986,12.29442,-5.845903,52.09405,0.525,0.95,167.4266,990.8458
"2026-10-08 01:55:00",987,12.29778,-5.842977,51.96127,0.05833334,0.35,171.9259,990.797
"2026-10-08 01:56:00",988,12.3003,-5.796935,51.8819,0.2875,0.8,157.3639,990.7573
"2026-10-08 01:57:00",989,12.30282,-5.686537,51.57055,0,0,178.185,990.8702
"2026-10-08 01:58:00",990,12.2961,-5.629684,51.46676,0,0,166.6897,990.7573
"2026-10-08 01:59:00",991,12.29946,-5.601194,50.80589,0,0,94.99615,990.7847
"2026-10-08 02:00:00",992,12.29442,-5.634008,50.51743,0.02916667,0.35,136.5082,990.7115
"2026-10-08 02:01:00",993,12.28687,-5.638842,50.51133,0,0,136.5212,990.7145
"2026-10-08 02:02:00",994,12.29946,-5.779893,50.61816,0,0,282.9144,990.6626
"2026-10-08 02:03:00",995,12.29946,-5.896523,51.05009,0,0,282.8754,990.6871
"2026-10-08 02:04:00",996,12.29946,-5.983774,51.13251,0,0,284.0869,990.7023
"2026-10-08 02:05:00",997,12.29694,-6.016462,51.48813,0.09583334,0.65,113.5134,990.7298
"2026-10-08 02:06:00",998,12.3003,-6.117194,52.47256,0.2958333,0.65,123.5175,990.6626
"2026-10-08 02:07:00",999,12.3003,-6.109308,53.06627,0.5666667,0.95,145.7972,990.681
"2026-10-08 02:08:00",1000,12.29778,-6.01646,52.76102,1.4125,1.85,148.4174,990.8824
"2026-10-08 02:09:00",1001,12.29106,-5.919544,52.55956,1.95,2.3,149.5531,990.5955
"2026-10-08 02:10:00",1002,12.2961,-5.846285,51.88037,1.625,2,151.3801,990.8214
"2026-10-08 02:11:00",1003,12.29442,-5.703578,51.49881,0.9999999,1.7,119.8028,990.8824
"2026-10-08 02:12:00",1004,12.29946,-5.620908,50.48385,0.6458334,1.1,300.0662,990.7512
"2026-10-08 02:13:00",1005,12.29778,-5.678143,50.04429,0.325,0.95,304.7735,990.8458
"2026-10-08 02:14:00",1006,12.30198,-5.764757,50.32665,1.0375,1.7,261.1137,990.8245
"2026-10-08 02:15:00",1007,12.30114,-5.800242,50.63496,0.55,0.95,166.2715,990.6657
"2026-10-08 02:16:00",1008,12.29694,-5.827589,51.80864,0.975,1.1,158.0141,990.8306
"2026-10-08 02:17:00",1009,12.29778,-5.838526,52.17494,1.175,1.25,155.9227,990.6779
"2026-10-08 02:18:00",1010,12.30282,-5.770353,51.83917,0.8875,0.95,169.9472,990.8184
"2026-10-08 02:19:00",1011,12.30282,-5.635916,51.10656,0.925,1.4,162.6174,990.6382
"2026-10-08 02:20:00",1012,12.30114,-5.51496,50.66395,0.7875001,1.1,174.7975,990.7359
"2026-10-08 02:21:00",1013,12.29778,-5.414481,50.00308,0.7875,1.1,185.5537,990.7054
"2026-10-08 02:22:00",1014,12.2919,-5.32227,49.46432,0.09583334,0.65,298.6206,990.6871
"2026-10-08 02:23:00",1015,12.29694,-5.263129,48.47683,0,0,162.2772,990.7084
"2026-10-08 02:24:00",1016,12.29526,-5.413972,49.22012,0.4041667,0.95,273.062,990.8306
"2026-10-08 02:25:00",1017,12.30114,-5.619127,49.43074,0,0,247.8327,990.7421
"2026-10-08 02:26:00",1018,12.28855,-5.812326,50.19387,0.3166667,1.1,266.5688,990.797
"2026-10-08 02:27:00",1019,12.29778,-5.976779,50.27476,0.8374999,1.55,243.3507,990.7939
"2026-10-08 02:28:00",1020,12.29946,-6.179897,51.76591,1.2125,1.55,217.1982,990.8336
"2026-10-08 02:29:00",1021,12.29946,-6.271982,53.05407,1.375,1.55,177.628,990.797
"2026-10-08 02:30:00",1022,12.29862,-6.2847,53.64014,1.475,1.7,180.2569,990.7695
"2026-10-08 02:31:00",1023,12.29862,-6.150391,53.53025,1.7375,2,194.9706,990.7115
"2026-10-08 02:32:00",1024,12.29442,-6.019896,53.26011,1.9125,2,186.5008,990.797
"2026-10-08 02:33:00",1025,12.2961,-5.874774,52.57787,2.025,2.15,201.5938,990.6993
"2026-10-08 02:34:00",1026,12.29694,-5.728382,51.99789,1.925,2,201.1083,990.5985
"2026-10-08 02:35:00",1027,12.29694,-5.635789,51.36298,1.9375,2.3,206.7671,990.7329
"2026-10-08 02:36:00",1028,12.30114,-5.550828,51.07909,2,2.3,208.7544,990.6962
"2026-10-08 02:37:00",1029,12.29442,-5.499952,50.52048,1.725,2,196.6697,990.8214
"2026-10-08 02:38:00",1030,12.29778,-5.385484,50.22134,1.3625,1.7,195.0226,990.6382
"2026-10-08 02:39:00",1031,12.29442,-5.285387,50.16487,1.125,1.25,202.0445,990.7909
"2026-10-08 02:40:00",1032,12.29778,-5.218487,50.04277,1.3625,1.7,218.4357,990.6749
"2026-10-08 02:41:00",1033,12.29946,-5.131362,49.81841,0.7375001,1.1,209.0405,990.6352
"2026-10-08 02:42:00",1034,12.30114,-5.117498,48.57909,0.7125,1.4,258.1684,990.7237
"2026-10-08 02:43:00",1035,12.2961,-5.108723,48.49362,0.3541667,1.25,242.9021,990.6229
"2026-10-08 02:44:00",1036,12.29778,-5.12691,48.56688,0.9999999,1.4,231.9335,990.797
"2026-10-08 02:45:00",1037,12.28771,-5.171809,48.52262,0.275,0.65,90.88917,990.8336
"2026-10-08 02:46:00",1038,12.28938,-5.315785,47.86938,0.09583334,0.8,299.6024,990.6962
"2026-10-08 02:47:00",1039,12.29526,-5.593689,49.17128,0,0,227.2197,990.7817
"2026-10-08 02:48:00",1040,12.29442,-5.814233,50.40449,0.2708333,1.1,110.5139,990.6352
"2026-10-08 02:49:00",1041,12.28351,-5.922596,50.96157,0.6250001,1.1,248.0255,990.6168
"2026-10-08 02:50:00",1042,12.2961,-6.009721,51.47897,0.7166666,1.1,270.5566,990.8702
"2026-10-08 02:51:00",1043,12.2961,-6.136907,52.19326,1.3125,1.85,211.1623,990.6962
"2026-10-08 02:52:00",1044,12.29778,-6.243364,52.42677,1.1875,1.7,208.8477,990.7939
"2026-10-08 02:53:00",1045,12.2961,-6.30772,52.84649,0.6583334,0.95,141.8809,990.7237
"2026-10-08 02:54:00",1046,12.29442,-6.345496,53.428,0.8875,1.1,130.9448,990.6718
"2026-10-08 02:55:00",1047,12.29358,-6.26842,53.71341,0.9125,1.4,84.24645,990.8428
"2026-10-08 02:56:00",1048,12.28351,-6.150136,53.24026,0.4583333,0.95,153.8508,990.8672
"2026-10-08 02:57:00",1049,12.28771,-6.116048,53.2189,0.9125001,1.25,134.0267,990.681
"2026-10-08 02:58:00",1050,12.29946,-6.013791,53.17617,0.4541667,1.25,245.57,990.8947
"2026-10-08 02:59:00",1051,12.29778,-5.936587,52.1261,0.4333334,0.95,1.380556,990.6779
"2026-10-08 03:00:00",1052,12.29274,-5.923997,51.90632,0.6791667,1.85,274.8889,990.6871
"2026-10-08 03:01:00",1053,12.29358,-5.890672,51.30497,0.02916667,0.35,130.2816,990.6626
"2026-10-08 03:02:00",1054,12.29694,-5.94689,51.6377,0,0,128.6236,990.8458
"2026-10-08 03:03:00",1055,12.28519,-5.995857,51.90022,0.04166667,0.5,124.8179,990.6749
"2026-10-08 03:04:00",1056,12.29442,-5.96457,52.04521,0.8041666,1.4,145.3746,990.797
"2026-10-08 03:05:00",1057,12.2919,-5.928829,52.26041,1.55,2,142.8432,990.6626
"2026-10-08 03:06:00",1058,12.2961,-5.866634,51.84527,1.95,2.15,140.0539,990.7482
"2026-10-08 03:07:00",1059,12.29442,-5.774677,51.47287,1.375,1.85,141.6295,990.5222
"2026-10-08 03:08:00",1060,12.29358,-5.604374,51.07451,0.1791667,0.65,102.0723,990.6993
"2026-10-08 03:09:00",1061,12.28855,-5.56571,50.59985,0.1791667,0.65,35.38733,990.6749
"2026-10-08 03:10:00",1062,12.2961,-5.59369,50.6899,0.7375,1.25,313.8588,990.858
"2026-10-08 03:11:00",1063,12.29442,-5.679924,50.76316,0.6333334,0.95,75.82008,990.8824
"2026-10-08 03:12:00",1064,12.29778,-5.773788,50.8471,0.4583334,0.8,177.006,990.9709
"2026-10-08 03:13:00",1065,12.29274,-5.874266,51.6667,0.9125001,1.1,85.72021,990.5527
"2026-10-08 03:14:00",1066,12.29358,-5.940022,51.96127,0.6958333,1.1,153.6969,990.8947
"2026-10-08 03:15:00",1067,12.29358,-5.898685,51.92921,0.7083334,1.25,145.1058,990.8153
"2026-10-08 03:16:00",1068,12.29778,-5.907715,51.8178,0.825,1.1,125.5981,990.9038
"2026-10-08 03:17:00",1069,12.2961,-5.787651,51.81475,0.1791667,0.65,150.3419,990.6718
"2026-10-08 03:18:00",1070,12.29274,-5.748985,51.3996,0.05416667,0.65,246.4976,990.7603
"2026-10-08 03:19:00",1071,12.29442,-5.761705,50.97073,0.2166667,0.8,261.8008,990.9557
"2026-10-08 03:20:00",1072,12.2961,-5.898813,51.34619,0.2208333,0.65,236.0426,990.9557
"2026-10-08 03:21:00",1073,12.2961,-5.958846,51.46676,0,0,173.1591,990.9191
"2026-10-08 03:22:00",1074,12.29694,-6.007558,51.86969,0,0,135.3942,990.8824
"2026-10-08 03:23:00",1075,12.28771,-6.049021,52.57787,0,0,127.0307,990.6138
"2026-10-08 03:24:00",1076,12.29442,-6.081072,53.07848,0.475,1.1,151.4993,990.7115
"2026-10-08 03:25:00",1077,12.2919,-6.002471,53.0739,0.2,0.95,166.0829,990.7695
"2026-10-08 03:26:00",1078,12.2961,-5.939513,52.24973,0.1875,0.95,297.5067,990.9282
"2026-10-08 03:27:00",1079,12.29358,-5.980595,51.61176,0.1916667,0.8,262.7197,990.8824
"2026-10-08 03:28:00",1080,12.2961,-6.094301,51.90632,0.1375,0.65,204.4112,990.8428
"2026-10-08 03:29:00",1081,12.27511,-6.156496,52.38099,0.3791667,0.8,197.8118,990.684
"2026-10-08 03:30:00",1082,12.29358,-6.209024,52.8877,0.8625001,1.1,162.0236,990.8031
"2026-10-08 03:31:00",1083,12.29526,-6.199738,53.49668,0.9875,1.1,150.99,990.7573
"2026-10-08 03:32:00",1084,12.29442,-6.172775,53.55467,0.7875001,0.95,139.0721,990.7847
"2026-10-08 03:33:00",1085,12.28603,-6.101805,53.31505,0.4916667,0.8,132.9322,990.8824
"2026-10-08 03:34:00",1086,12.28938,-6.025874,53.17006,0.07083333,0.5,138.8294,990.8336
"2026-10-08 03:35:00",1087,12.29022,-5.938368,52.93807,0,0,156.5577,990.7267
"2026-10-08 03:36:00",1088,12.29442,-5.8908,52.93196,0,0,156.5577,990.8794
"2026-10-08 03:37:00",1089,12.2961,-5.822754,52.58703,0,0,156.5469,990.8245
"2026-10-08 03:38:00",1090,12.29358,-5.782308,52.24057,0,0,156.5577,990.7359
"2026-10-08 03:39:00",1091,12.29694,-5.742117,52.30468,0.175,0.8,165.242,990.6687
"2026-10-08 03:40:00",1092,12.29274,-5.701927,52.77171,0.6125,0.8,146.7833,990.6993
"2026-10-08 03:41:00",1093,12.29694,-5.701799,52.28178,0.65,0.8,152.299,990.7084
"2026-10-08 03:42:00",1094,12.29694,-5.655376,51.97958,0.95,1.55,155.1685,990.7451
"2026-10-08 03:43:00",1095,12.29106,-5.643421,51.34466,1.05,1.55,160.2854,990.626
"2026-10-08 03:44:00",1096,12.29274,-5.64393,52.07727,0.6125,1.1,216.7019,990.8336
"2026-10-08 03:45:00",1097,12.29442,-5.660844,51.82695,0,0,286.5728,990.5924
"2026-10-08 03:46:00",1098,12.29274,-5.694422,51.20424,0.3375,0.8,338.1301,990.8428
"2026-10-08 03:47:00",1099,12.29274,-5.81118,51.58734,0.5083334,0.95,330.0158,990.6718
"2026-10-08 03:48:00",1100,12.2919,-5.845648,51.62396,0,0,330.1199,990.8672
"2026-10-08 03:49:00",1101,12.29274,-5.8763,51.85748,0.15,0.65,144.0959,990.4703
"2026-10-08 03:50:00",1102,12.2961,-5.894488,52.04063,0.2333333,0.65,160.9508,990.8062
"2026-10-08 03:51:00",1103,12.29442,-5.901739,52.33215,0.07083333,0.5,185.9438,990.7298
"2026-10-08 03:52:00",1104,12.29358,-5.904154,52.33978,0,0,193.6008,990.6962
"2026-10-08 03:53:00",1105,12.28183,-5.861674,52.37794,0,0,242.8609,990.7329
"2026-10-08 03:54:00",1106,12.29274,-5.838907,52.74576,0.2958333,0.95,198.0568,990.8947
"2026-10-08 03:55:00",1107,12.27847,-5.793883,51.59497,0.4916667,1.1,189.3248,990.6962
"2026-10-08 03:56:00",1108,12.29106,-5.813343,51.46066,1.1,1.4,237.3105,990.6993
"2026-10-08 03:57:00",1109,12.2919,-5.849463,51.65297,0.4875,0.95,205.2651,990.9404
"2026-10-08 03:58:00",1110,12.2961,-5.852389,51.72775,0.2333333,0.65,249.0463,990.9526
"2026-10-08 03:59:00",1111,12.29106,-5.851244,51.63618,0.15,0.8,167.8015,990.7939
"2026-10-08 04:00:00",1112,12.29274,-5.849082,52.02385,1.075,1.4,185.6859,990.797
"2026-10-08 04:01:00",1113,12.29526,-5.817412,52.05742,0.6333334,0.95,139.7288,990.7359
"2026-10-08 04:02:00",1114,12.29106,-5.785614,51.71402,0.375,1.25,150.3138,990.8947
"2026-10-08 04:03:00",1115,12.29442,-5.780655,51.89869,1.3125,1.7,142.0803,990.9282
"2026-10-08 04:04:00",1116,12.29274,-5.823137,52.15358,1.175,1.7,140.7539,990.8947
"2026-10-08 04:05:00",1117,12.28771,-5.863073,52.59008,1.5,2,129.0116,990.7451
"2026-10-08 04:06:00",1118,12.2961,-5.819193,52.9457,0.8375,1.25,202.5799,990.858
"2026-10-08 04:07:00",1119,12.2919,-5.77684,52.91365,0.775,1.1,166.2888,990.8824
"2026-10-08 04:08:00",1120,12.29106,-5.695822,52.84039,0.4875,1.1,178.5838,990.8428
"2026-10-08 04:09:00",1121,12.29274,-5.613277,52.94417,0.7875,1.1,173.9176,990.8916
"2026-10-08 04:10:00",1122,12.29022,-5.560748,51.86359,0.8708333,1.25,231.0081,990.9313
"2026-10-08 04:11:00",1123,12.2961,-5.639986,51.52628,0.1625,0.8,253.5716,990.8214
"2026-10-08 04:12:00",1124,12.2961,-5.791849,51.95822,0,0,253.5911,990.8824
"2026-10-08 04:13:00",1125,12.29106,-5.823898,52.27262,0,0,234.6383,990.855
"2026-10-08 04:14:00",1126,12.29526,-5.859257,52.38709,0,0,232.1155,990.9191
"2026-10-08 04:15:00",1127,12.28938,-5.860529,52.16731,0.02916667,0.35,239.1137,990.8031
"2026-10-08 04:16:00",1128,12.2919,-5.901613,51.96585,0.6541666,1.1,212.8614,991.0045
"2026-10-08 04:17:00",1129,12.28938,-6.054745,52.40541,0.85,0.95,207.5473,990.6871
"2026-10-08 04:18:00",1130,12.28938,-6.129148,52.9808,0.675,0.8,187.3504,990.9679
"2026-10-08 04:19:00",1131,12.29274,-6.155478,53.48141,0.7000001,0.8,162.1558,990.7512
"2026-10-08 04:20:00",1132,12.28771,-6.139706,53.94539,0.5416667,0.8,153.8703,990.7695
"2026-10-08 04:21:00",1133,12.2961,-6.061358,53.43563,0,0,153.8595,990.855
"2026-10-08 04:22:00",1134,12.28855,-5.952994,53.33795,0,0,171.85,990.9069
"2026-10-08 04:23:00",1135,12.28603,-5.920434,53.15937,0.05833334,0.35,242.7894,990.916
"2026-10-08 04:24:00",1136,12.28687,-5.896523,52.95639,0.08333334,0.5,221.3745,990.7695
"2026-10-08 04:25:00",1137,12.29274,-5.866634,52.86481,0.1666667,0.65,278.0315,990.8428
"2026-10-08 04:26:00",1138,12.29442,-5.890036,52.52293,0.2458333,0.8,254.4212,990.8184
"2026-10-08 04:27:00",1139,12.29274,-5.879098,52.37946,0.5708334,0.8,218.2883,990.9557
"2026-10-08 04:28:00",1140,12.28938,-5.867142,52.36572,0.2791667,0.65,198.9041,990.9648
"2026-10-08 04:29:00",1141,12.28771,-5.858112,52.18104,0,0,123.9423,990.8702
"2026-10-08 04:30:00",1142,12.29106,-5.837889,52.58398,0.125,0.65,112.9347,990.9069
"2026-10-08 04:31:00",1143,12.28183,-5.853915,52.51377,0.7,0.95,119.9177,990.9221
"2026-10-08 04:32:00",1144,12.29106,-5.801641,52.74882,0.5166667,0.8,140.2814,990.8092
"2026-10-08 04:33:00",1145,12.28603,-5.7542,52.84039,0,0,176.9301,990.9191
"2026-10-08 04:34:00",1146,12.29022,-5.675598,52.32604,0.02916667,0.35,223.1842,990.7847
"2026-10-08 04:35:00",1147,12.28771,-5.740464,51.54918,0.5083334,0.8,259.3626,990.8611
"2026-10-08 04:36:00",1148,12.29106,-5.829623,52.10473,0,0,229.6709,990.9252
"2026-10-08 04:37:00",1149,12.29106,-5.899958,52.21005,0,0,229.7164,990.7847
"2026-10-08 04:38:00",1150,12.29274,-5.930864,52.34436,0,0,241.4023,990.9679
"2026-10-08 04:39:00",1151,12.28938,-5.993948,52.45425,0.7958333,1.4,231.6041,990.8031
"2026-10-08 04:40:00",1152,12.28855,-6.101933,53.01133,1.1375,1.4,224.5756,990.855
"2026-10-08 04:41:00",1153,12.28855,-6.089593,53.30132,0.9,1.1,189.0755,990.7145
"2026-10-08 04:42:00",1154,12.28938,-6.091248,53.58978,1.0375,1.25,178.8157,990.7603
"2026-10-08 04:43:00",1155,12.2919,-6.063265,53.457,1.45,1.7,196.9904,990.8214
"2026-10-08 04:44:00",1156,12.29106,-5.8763,52.96859,1.9125,2.45,200.2305,990.9679
"2026-10-08 04:45:00",1157,12.28938,-5.743643,52.35504,2.3,2.6,199.5912,990.7847
"2026-10-08 04:46:00",1158,12.29106,-5.599667,51.91243,2.4125,2.6,200.3866,990.858
"2026-10-08 04:47:00",1159,12.28855,-5.51318,51.13556,2.3875,2.6,200.7594,990.6138
"2026-10-08 04:48:00",1160,12.27595,-5.409776,50.70364,1.8375,2,223.8019,990.9069
"2026-10-08 04:49:00",1161,12.28771,-5.382939,50.58001,1.975,2.3,237.187,990.9435
"2026-10-08 04:50:00",1162,12.28938,-5.31235,50.27018,1.575,1.85,195.2024,990.9893
"2026-10-08 04:51:00",1163,12.29106,-5.298487,50.27629,1.7,2.15,230.0545,990.7482
"2026-10-08 04:52:00",1164,12.28855,-5.32049,50.15266,1.475,1.7,215.2281,990.9496
"2026-10-08 04:53:00",1165,12.29274,-5.268217,49.8123,1.4375,1.85,199.4503,990.8336
"2026-10-08 04:54:00",1166,12.28183,-5.260839,49.85504,1.7625,2,202.9266,990.9069
"2026-10-08 04:55:00",1167,12.28938,-5.207547,49.9283,1.9125,2,221.6281,990.5985
"2026-10-08 04:56:00",1168,12.29106,-5.206149,49.51773,1.8,2,232.9803,990.8947
"2026-10-08 04:57:00",1169,12.28938,-5.17715,49.50553,1.9625,2.3,200.5079,990.858
"2026-10-08 04:58:00",1170,12.28855,-5.162143,49.73904,2.225,2.45,201.6783,990.8062
"2026-10-08 04:59:00",1171,12.28938,-5.154891,49.95272,2.15,2.3,206.145,990.9069
"2026-10-08 05:00:00",1172,12.2919,-5.308154,49.54216,1.7125,2.3,240.7261,990.5741
"2026-10-08 05:01:00",1173,12.28938,-5.628284,51.30803,1.875,2.15,212.7314,990.6626
"2026-10-08 05:02:00",1174,12.29106,-5.773914,51.93074,1.5375,2.15,259.0678,990.855
"2026-10-08 05:03:00",1175,12.28938,-5.825807,52.05742,2.15,2.3,250.2578,990.8
"2026-10-08 05:04:00",1176,12.28855,-5.824281,51.85748,1.6375,2.15,254.0571,990.855
"2026-10-08 05:05:00",1177,12.29022,-5.825934,52.3642,1.4625,1.7,222.1937,990.7054
"2026-10-08 05:06:00",1178,12.28771,-5.794137,52.17494,1.5875,1.85,211.0843,990.7665
"2026-10-08 05:07:00",1179,12.29022,-5.723803,52.01011,1.35,1.4,245.1821,990.8428
"2026-10-08 05:08:00",1180,12.29022,-5.634645,51.34314,1.325,1.85,228.7021,990.8458
"2026-10-08 05:09:00",1181,12.29106,-5.475151,50.72195,1.5875,2,222.7139,990.7359
"2026-10-08 05:10:00",1182,12.29274,-5.324943,49.92067,1.8875,2.3,215.887,990.8306
"2026-10-08 05:11:00",1183,12.28938,-5.267454,49.71768,2.05,2.45,232.1307,990.7909
"2026-10-08 05:12:00",1184,12.29106,-5.224591,49.55589,1.675,2,216.8774,990.7451
"2026-10-08 05:13:00",1185,12.29358,-5.178804,49.1728,1.475,1.7,277.6804,990.7115
"2026-10-08 05:14:00",1186,12.28687,-5.395912,49.97714,1.8625,2.15,265.7625,990.7115
"2026-10-08 05:15:00",1187,12.28938,-5.694295,51.1142,1.0625,1.4,240.0218,990.6046
"2026-10-08 05:16:00",1188,12.28771,-5.975253,52.02385,0.125,0.65,235.9191,990.6596
"2026-10-08 05:17:00",1189,12.28603,-6.074586,52.53514,0.1625,0.8,91.80375,990.5863
"2026-10-08 05:18:00",1190,12.28938,-6.194906,53.08459,1.25,1.55,96.6433,990.9038
"2026-10-08 05:19:00",1191,12.29022,-6.346004,53.75614,2.0125,2.15,100.8153,990.7817
"2026-10-08 05:20:00",1192,12.28771,-6.463781,54.32238,2.4875,2.75,93.50289,990.8214
"2026-10-08 05:21:00",1193,12.28183,-6.512875,54.91456,2.3125,2.75,98.21457,990.6473
"2026-10-08 05:22:00",1194,12.28603,-6.387468,54.6902,1.9125,2.75,85.87408,990.858
"2026-10-08 05:23:00",1195,12.28183,-6.247816,53.65693,1.4375,1.7,68.8176,990.8794
"2026-10-08 05:24:00",1196,12.28771,-6.098242,53.10596,1.070833,1.4,47.81234,990.8824
"2026-10-08 05:25:00",1197,12.29106,-6.003235,52.92585,0.2583334,0.95,348.403,990.8794
"2026-10-08 05:26:00",1198,12.28519,-5.84145,52.15663,0.6083333,1.1,279.67,990.8794
"2026-10-08 05:27:00",1199,12.28687,-5.662626,51.2775,0.08333334,0.65,225.7892,990.7847
"2026-10-08 05:28:00",1200,12.28603,-5.528824,50.87458,0.3625,0.95,120.4335,990.8458
"2026-10-08 05:29:00",1201,12.28687,-5.485453,50.25339,0,0,261.3976,990.6993
"2026-10-08 05:30:00",1202,12.28603,-5.474641,51.73538,0.9958334,1.55,186.6915,990.8062
"2026-10-08 05:31:00",1203,12.28855,-5.483926,51.64991,1.3375,1.55,182.6452,990.8092
"2026-10-08 05:32:00",1204,12.28771,-5.456327,51.54307,0.8375,1.1,182.3136,990.7817
"2026-10-08 05:33:00",1205,12.28687,-5.42593,51.01957,0.6666667,1.1,190.2264,990.6505
"2026-10-08 05:34:00",1206,12.28938,-5.368567,50.91883,0.8999999,1.1,228.0865,990.684
"2026-10-08 05:35:00",1207,12.29106,-5.331683,50.85473,0.5375,0.95,263.1098,990.7695
"2026-10-08 05:36:00",1208,12.29022,-5.363225,50.52506,0,0,212.8528,990.6871
"2026-10-08 05:37:00",1209,12.28603,-5.402525,50.34191,0.08750001,0.35,180.8724,990.7084
"2026-10-08 05:38:00",1210,12.28938,-5.433307,50.80742,0.6041666,1.1,194.1188,990.7847
"2026-10-08 05:39:00",1211,12.28771,-5.482909,50.99057,0.5916667,0.95,173.9718,990.858
"2026-10-08 05:40:00",1212,12.28771,-5.485452,50.92646,0.2666667,0.65,161.0721,990.8306
"2026-10-08 05:41:00",1213,12.28938,-5.471716,50.75248,0,0,23.52148,990.7756
"2026-10-08 05:42:00",1214,12.28938,-5.481892,50.23965,0.5166667,1.1,87.81163,990.8824
"2026-10-08 05:43:00",1215,12.28435,-5.534293,50.28239,0.1791667,0.65,44.63943,990.7359
"2026-10-08 05:44:00",1216,12.29106,-5.51089,50.1786,0.1083333,0.65,129.4039,990.8672
"2026-10-08 05:45:00",1217,12.29106,-5.545612,50.45028,0.8083333,1.7,84.78827,990.6505
"2026-10-08 05:46:00",1218,12.28687,-5.604628,51.10809,1.2125,1.4,124.6033,990.7237
"2026-10-08 05:47:00",1219,12.28351,-5.607807,51.41029,1,1.4,141.7834,990.7482
"2026-10-08 05:48:00",1220,12.28938,-5.586821,51.52781,1.0375,1.4,196.3815,990.8702
"2026-10-08 05:49:00",1221,12.29022,-5.565327,51.35382,1.075,1.4,202.8161,990.7573
"2026-10-08 05:50:00",1222,12.28687,-5.60183,50.96004,0.6875,0.95,216.6238,990.6718
"2026-10-08 05:51:00",1223,12.27847,-5.646346,50.97226,0.1541667,0.65,177.3722,990.7145
"2026-10-08 05:52:00",1224,12.29106,-5.674326,51.21341,0.4208333,0.8,164.9928,990.855
"2026-10-08 05:53:00",1225,12.28687,-5.654867,51.01346,0,0,220.2302,990.8092
"2026-10-08 05:54:00",1226,12.29106,-5.538618,51.40571,0.775,1.4,179.869,990.7237
"2026-10-08 05:55:00",1227,12.28771,-5.506567,51.31414,0.8875,1.25,182.9985,990.5405
"2026-10-08 05:56:00",1228,12.28435,-5.41092,50.98141,1.1375,1.55,207.79,990.8702
"2026-10-08 05:57:00",1229,12.27847,-5.301667,49.86114,1.7625,2,238.4917,990.6749
"2026-10-08 05:58:00",1230,12.28603,-5.40151,50.0565,1.725,2.15,232.1524,990.6596
"2026-10-08 05:59:00",1231,12.28519,-5.670383,51.38129,1.3375,2,248.6996,990.4917
"2026-10-08 06:00:00",1232,12.28603,-5.817286,52.07268,1.225,1.7,227.211,990.6505
"2026-10-08 06:01:00",1233,12.28687,-5.855315,53.10901,1.070833,1.7,220.8435,990.6687
"2026-10-08 06:02:00",1234,12.28519,-5.805838,51.92769,1.1875,1.55,268.6797,990.8275
"2026-10-08 06:03:00",1235,12.28771,-5.918398,52.17341,0.25,0.8,277.0584,990.7237
"2026-10-08 06:04:00",1236,12.28938,-6.113251,53.14869,1.3625,2.6,267.1388,990.8092
"2026-10-08 06:05:00",1237,12.28771,-6.262442,54.12244,1.6875,1.85,277.8603,990.5405
"2026-10-08 06:06:00",1238,12.29022,-6.310646,54.76957,1.6125,2,225.1044,990.858
"2026-10-08 06:07:00",1239,12.28435,-6.378184,54.63984,0.7208334,1.1,133.4025,990.626
"2026-10-08 06:08:00",1240,12.28771,-6.406291,55.33123,0.8625,1.4,267.5809,990.8702
"2026-10-08 06:09:00",1241,12.28519,-6.322094,55.07483,0.9125001,1.55,292.8427,990.8062
"2026-10-08 06:10:00",1242,12.28603,-6.288389,54.22775,1.9625,2.45,265.7235,990.7573
"2026-10-08 06:11:00",1243,12.28351,-6.438471,54.99546,1.675,2.15,259.6877,990.916
"2026-10-08 06:12:00",1244,12.28855,-6.622765,55.86237,1.3125,1.55,263.1705,990.8824
"2026-10-08 06:13:00",1245,12.28771,-6.760256,56.60413,1.0375,1.7,258.9616,990.855
"2026-10-08 06:14:00",1246,12.28855,-6.825502,57.40083,1.208333,2.15,281.7657,990.9648
"2026-10-08 06:15:00",1247,12.28603,-6.823087,57.22379,1.975,2.6,267.0521,990.7482
"2026-10-08 06:16:00",1248,12.28938,-6.776409,57.16273,1.3625,2,222.7811,990.9404
"2026-10-08 06:17:00",1249,12.28771,-6.780987,57.04827,2.125,2.45,247.5834,990.7847
"2026-10-08 06:18:00",1250,12.28435,-6.623019,56.72928,1.9125,2.45,206.8559,990.9679
"2026-10-08 06:19:00",1251,12.28687,-6.510967,56.21646,0.9875,1.25,199.4503,990.9404
"2026-10-08 06:20:00",1252,12.28603,-6.407692,55.9051,1.15,1.25,204.0774,990.9679
"2026-10-08 06:21:00",1253,12.28938,-6.292586,55.57086,0.9875,1.4,184.2208,990.8916
"2026-10-08 06:22:00",1254,12.29022,-6.244255,55.48386,0.8375,1.1,130.9838,990.9069
"2026-10-08 06:23:00",1255,12.28603,-6.142251,54.62763,0.8624999,1.25,88.73705,990.7695
"2026-10-08 06:24:00",1256,12.29022,-5.973472,53.9515,0.5666667,1.25,160.9898,990.684
"2026-10-08 06:25:00",1257,12.28603,-5.909369,53.18074,0.1875,0.95,190.9654,990.6931
"2026-10-08 06:26:00",1258,12.28519,-5.863708,53.10291,0.3083333,0.95,206.2317,990.6871
"2026-10-08 06:27:00",1259,12.28938,-5.914965,53.24332,0.07083333,0.5,218.8886,990.6871
"2026-10-08 06:28:00",1260,12.28771,-5.981484,53.54399,0,0,200.0918,990.7237
"2026-10-08 06:29:00",1261,12.28351,-6.01519,53.90876,0.2583333,0.95,262.6677,990.8184
"2026-10-08 06:30:00",1262,12.28687,-6.083107,54.50706,0.9833333,1.55,244.5297,990.9587
"2026-10-08 06:31:00",1263,12.28267,-6.139452,54.65357,0.2333333,0.8,254.8828,990.7512
"2026-10-08 06:32:00",1264,12.28603,-6.145811,54.65357,0,0,247.9887,990.9069
"2026-10-08 06:33:00",1265,12.28519,-6.17074,55.06414,0.2041667,0.8,136.8788,990.626
"2026-10-08 06:34:00",1266,12.28938,-6.137035,55.19693,0.8375,1.1,136.7444,990.9343
"2026-10-08 06:35:00",1267,12.28435,-6.030579,54.85352,0.6458334,1.25,188.6334,990.5894
"2026-10-08 06:36:00",1268,12.28519,-5.828606,54.61237,1.45,1.7,206.7411,990.8824
"2026-10-08 06:37:00",1269,12.28435,-5.548284,52.71829,1.5375,2,334.125,990.6199
"2026-10-08 06:38:00",1270,12.28435,-5.485708,51.19814,1.4625,1.7,255.8342,990.8336
"2026-10-08 06:39:00",1271,12.28687,-5.644946,52.09863,0.95,1.55,233.78,990.8
"2026-10-08 06:40:00",1272,12.28603,-5.812453,52.79765,0.9624999,1.55,234.4995,990.7787
"2026-10-08 06:41:00",1273,12.28771,-6.01964,53.63404,0.8375,1.1,189.0214,991.0015
"2026-10-08 06:42:00",1274,12.28435,-6.129785,54.83673,1.0125,1.4,142.5137,990.9801
"2026-10-08 06:43:00",1275,12.28183,-6.152299,55.45944,1.3625,1.7,140.03,990.5863
"2026-10-08 06:44:00",1276,12.28351,-6.052965,55.0794,1.3875,1.7,149.449,990.9526
"2026-10-08 06:45:00",1277,12.27847,-5.853662,54.1728,0.9125001,1.1,161.7332,990.9618
"2026-10-08 06:46:00",1278,12.28603,-5.673437,53.12732,0.3791666,0.95,196.596,990.8702
"2026-10-08 06:47:00",1279,12.28938,-5.512034,52.85565,0,0,191.6178,991.0137
"2026-10-08 06:48:00",1280,12.28603,-5.380523,52.77171,0.8666667,1.4,200.146,991.0045
"2026-10-08 06:49:00",1281,12.28267,-5.304974,51.93685,1.2,1.55,222.3368,990.8458
"2026-10-08 06:50:00",1282,12.28519,-5.204241,51.5858,0.5083333,1.25,238.3356,990.9801
"2026-10-08 06:51:00",1283,12.28771,-5.234385,51.21646,0,0,297.7104,990.9069
"2026-10-08 06:52:00",1284,12.28183,-5.243924,50.76316,0.7041667,1.1,282.2512,990.9771
"2026-10-08 06:53:00",1285,12.28771,-5.488125,50.99057,0.925,1.55,271.1352,990.9313
"2026-10-08 06:54:00",1286,12.28603,-5.758399,52.32146,0.9874999,1.55,275.589,990.8092
"2026-10-08 06:55:00",1287,12.28855,-5.899958,53.20669,0.4458333,0.95,209.2637,990.9771
"2026-10-08 06:56:00",1288,12.28771,-6.028036,53.90876,0.7708333,1.1,204.1143,991.0411
"2026-10-08 06:57:00",1289,12.28183,-6.074205,54.32391,0.4916667,0.8,206.8884,990.8245
"2026-10-08 06:58:00",1290,12.28938,-6.132456,54.72379,0.15,0.8,128.3831,990.8092
"2026-10-08 06:59:00",1291,12.28687,-6.164126,54.81689,0,0,114.9243,990.858
"2026-10-08 07:00:00",1292,12.28603,-6.13093,54.63526,0.1791667,0.65,60.40639,990.9191
"2026-10-08 07:01:00",1293,12.28687,-6.155477,54.87336,0.5708334,0.8,31.66177,990.9038
"2026-10-08 07:02:00",1294,12.28603,-6.213093,54.35748,1.033333,1.7,81.86245,990.9282
"2026-10-08 07:03:00",1295,12.28687,-6.284065,54.92067,1.6875,1.85,76.61764,991.0045
"2026-10-08 07:04:00",1296,12.28519,-6.338755,55.39838,1.85,2.15,97.1981,990.8947
"2026-10-08 07:05:00",1297,12.28603,-6.373859,55.42281,2.025,2.15,102.1959,990.8947
"2026-10-08 07:06:00",1298,12.28603,-6.369279,55.69448,2.275,2.45,103.3033,990.9404
"2026-10-08 07:07:00",1299,12.28351,-6.269947,54.90388,1.7875,2.3,107.7679,990.9191
"2026-10-08 07:08:00",1300,12.28267,-6.133982,54.49638,1.8375,2,97.70959,991.09
"2026-10-08 07:09:00",1301,12.27847,-6.038465,54.33917,1.4875,1.7,89.52594,990.8214
"2026-10-08 07:10:00",1302,12.28603,-5.984156,54.11938,1.3375,1.7,63.44925,990.9893
"2026-10-08 07:11:00",1303,12.28938,-5.890292,53.64625,1.0125,1.4,66.04131,990.8763
"2026-10-08 07:12:00",1304,12.28855,-5.843104,53.22806,1.15,1.55,31.75496,991.151
"2026-10-08 07:13:00",1305,12.28435,-5.912423,53.07696,1.2625,1.7,44.22765,990.8702
"2026-10-08 07:14:00",1306,12.28435,-6.09201,53.5791,1.175,1.7,81.30112,991.1633
"2026-10-08 07:15:00",1307,12.28351,-6.270073,55.34192,1.4875,1.85,117.4492,991.1999
"2026-10-08 07:16:00",1308,12.28183,-6.391284,56.1432,1.4,1.7,126.8552,991.1357
"2026-10-08 07:17:00",1309,12.28267,-6.40909,56.16151,1.2625,1.4,140.9598,991.0106
"2026-10-08 07:18:00",1310,12.28519,-6.335194,55.85626,1.2375,1.55,155.084,990.974
"2026-10-08 07:19:00",1311,12.28603,-6.284447,55.50828,0.875,1.4,126.2158,991.1479
"2026-10-08 07:20:00",1312,12.28435,-6.207497,55.63496,0.6541666,1.25,172.2661,991.1357
"2026-10-08 07:21:00",1313,12.28267,-6.132838,55.23355,0.3875,1.1,274.6159,990.9435
"2026-10-08 07:22:00",1314,12.28603,-5.998274,54.678,0,0,279.8108,991.2366
"2026-10-08 07:23:00",1315,12.28015,-5.919545,54.07513,0,0,279.735,990.913
"2026-10-08 07:24:00",1316,12.28771,-5.889019,53.99423,0,0,217.6446,991.0808
"2026-10-08 07:25:00",1317,12.28099,-5.822882,53.8584,0.15,0.8,196.0997,990.6473
"2026-10-08 07:26:00",1318,12.28687,-5.801132,53.43258,0.375,1.1,153.2764,991.2243
"2026-10-08 07:27:00",1319,12.28267,-5.754454,53.18837,0.375,0.95,171.1933,991.0503
"2026-10-08 07:28:00",1320,12.28435,-5.682848,52.96249,0.4041667,0.95,127.7762,990.9862
"2026-10-08 07:29:00",1321,12.28435,-5.655248,52.86786,0.3833334,0.65,113.4614,990.9618
"2026-10-08 07:30:00",1322,12.28435,-5.589747,52.90144,0.2833334,0.95,94.16392,991.2243
"2026-10-08 07:31:00",1323,12.28267,-5.550953,52.55651,0.2333333,0.8,344.8877,990.8092
"2026-10-08 07:32:00",1324,12.28183,-5.488378,51.97958,0.875,1.55,298.7723,991.1174
"2026-10-08 07:33:00",1325,12.28435,-5.439538,51.63007,0.8375,1.25,276.963,991.1389
"2026-10-08 07:34:00",1326,12.28771,-5.520175,51.94905,0.9625,1.4,225.579,991.0137
"2026-10-08 07:35:00",1327,12.28435,-5.59458,52.42982,0.9,1.1,216.9619,990.9709
"2026-10-08 07:36:00",1328,12.28603,-5.685901,53.02354,0.75,0.8,211.5957,991.1633
"2026-10-08 07:37:00",1329,12.28687,-5.695821,53.80803,0.65,0.8,194.5284,991.0625
"2026-10-08 07:38:00",1330,12.28351,-5.719097,53.65236,0.3291667,0.65,189.3703,991.1144
"2026-10-08 07:39:00",1331,12.28351,-5.704726,53.75767,0,0,179.4117,991.1846
"2026-10-08 07:40:00",1332,12.28603,-5.700527,53.81566,0,0,54.38135,991.2243
"2026-10-08 07:41:00",1333,12.28603,-5.70587,53.73019,0,0,43.87655,991.0747
"2026-10-08 07:42:00",1334,12.28099,-5.704979,53.55162,0,0,45.08806,991.2121
"2026-10-08 07:43:00",1335,12.28603,-5.724692,53.33795,0,0,86.68897,991.2335
"2026-10-08 07:44:00",1336,12.28015,-5.739573,53.37152,0.4083334,0.8,57.88151,991.2976
"2026-10-08 07:45:00",1337,12.28435,-5.769718,52.57787,1.0875,1.4,68.57703,991.3434
"2026-10-08 07:46:00",1338,12.28771,-5.885712,52.93196,1.6625,2,72.90075,991.322
"2026-10-08 07:47:00",1339,12.28519,-6.101041,54.62916,1.725,2.15,115.8627,991.2029
"2026-10-08 07:48:00",1340,12.28183,-6.203554,55.18013,1.825,2.3,113.0734,991.2243
"2026-10-08 07:49:00",1341,12.27679,-6.160819,54.7192,1.375,1.55,143.1423,991.2335
"2026-10-08 07:50:00",1342,12.28435,-6.033506,54.4628,1.6,2,142.7305,991.2671
"2026-10-08 07:51:00",1343,12.28435,-6.008067,54.16517,1.65,2.15,138.8987,991.1327
"2026-10-08 07:52:00",1344,12.28687,-6.002725,54.44143,2.1125,2.6,147.0108,991.1633
"2026-10-08 07:53:00",1345,12.28435,-5.938496,54.26133,2.2625,2.45,153.0901,990.8062
"2026-10-08 07:54:00",1346,12.28519,-5.905045,54.31322,2.625,2.9,150.2119,991.1418
"2026-10-08 07:55:00",1347,12.28938,-5.932264,54.78788,2.6125,2.9,151.2847,991.145
"2026-10-08 07:56:00",1348,12.28687,-5.905807,54.94509,2.25,2.6,146.0833,991.2121
"2026-10-08 07:57:00",1349,12.28519,-5.819956,54.8413,1.875,2,146.1656,991.1755
"2026-10-08 07:58:00",1350,12.28771,-5.678905,53.73782,1.4875,2,138.3417,991.1633
"2026-10-08 07:59:00",1351,12.28015,-5.516106,53.08764,1.3375,1.7,154.1477,990.9832
"2026-10-08 08:00:00",1352,12.28603,-5.410539,52.62518,1.2375,1.4,175.7511,991.0869
"2026-10-08 08:01:00",1353,12.28771,-5.586567,52.76102,1,1.25,210.1242,991.2335
"2026-10-08 08:02:00",1354,12.28435,-5.824408,53.91487,1.225,1.4,195.1764,991.2182
"2026-10-08 08:03:00",1355,12.28687,-6.056143,55.03209,0.9875,1.1,215.434,991.2701
"2026-10-08 08:04:00",1356,12.27176,-6.158784,55.39838,0.6708333,1.1,184.2577,991.261
"2026-10-08 08:05:00",1357,12.27344,-6.160184,55.26408,0.9125,1.1,185.5126,991.0137
"2026-10-08 08:06:00",1358,12.28099,-6.146067,55.5327,0.7250001,0.8,160.7081,991.0778
"2026-10-08 08:07:00",1359,12.28267,-6.090993,55.26102,0.8875,1.1,152.0541,991.0717
"2026-10-08 08:08:00",1360,12.28183,-6.04368,55.16945,1.1125,1.25,165.19,991.151
"2026-10-08 08:09:00",1361,12.28099,-5.893598,54.36816,1.1375,1.4,163.7249,991.2335
"2026-10-08 08:10:00",1362,12.28183,-5.766411,53.61572,0.7125001,0.8,179.325,991.261
"2026-10-08 08:11:00",1363,12.27763,-5.634136,53.07848,0.8625,1.1,223.5158,991.1846
"2026-10-08 08:12:00",1364,12.28435,-5.531367,52.68166,0.4208334,0.8,230.5052,991.2366
"2026-10-08 08:13:00",1365,12.28603,-5.521829,52.84649,0.7458332,1.25,200.664,991.2854
"2026-10-08 08:14:00",1366,12.28099,-5.520685,53.30895,0.875,1.1,197.567,991.0625
"2026-10-08 08:15:00",1367,12.27763,-5.537853,53.87213,0.7375001,0.95,183.0223,991.1571
"2026-10-08 08:16:00",1368,12.28603,-5.545612,53.81719,0.9125,1.25,165.9442,991.3159
"2026-10-08 08:17:00",1369,12.27931,-5.477441,52.86023,1.175,1.4,154.048,991.2487
"2026-10-08 08:18:00",1370,12.28015,-5.375689,52.51987,1.375,1.55,170.5908,991.2701
"2026-10-08 08:19:00",1371,12.28267,-5.300522,51.61938,1.35,1.4,169.4227,991.1266
"2026-10-08 08:20:00",1372,12.28351,-5.178804,51.15236,1.45,1.7,160.6842,991.2731
"2026-10-08 08:21:00",1373,12.28267,-5.086083,50.54795,1.1,1.4,153.1767,990.9862
"2026-10-08 08:22:00",1374,12.28267,-5.041696,50.06871,1.0625,1.25,155.1403,991.2854
"2026-10-08 08:23:00",1375,12.28771,-5.044748,50.12976,0.2791667,0.95,244.2003,991.261
"2026-10-08 08:24:00",1376,12.28435,-5.044111,50.11297,0,0,232.1654,991.2335
"2026-10-08 08:25:00",1377,12.28267,-5.021472,49.63373,0.08333334,0.5,114.5819,991.2213
"2026-10-08 08:26:00",1378,12.27679,-5.049199,49.81078,0.05833334,0.35,167.8861,991.2305
"2026-10-08 08:27:00",1379,12.26924,-5.128692,50.34344,1.208333,1.7,166.3863,991.1815
"2026-10-08 08:28:00",1380,12.28183,-5.235911,50.63648,0.4125,1.25,141.6013,991.322
"2026-10-08 08:29:00",1381,12.27679,-5.356993,51.64686,0.7333333,1.1,158.5256,991.3281
"2026-10-08 08:30:00",1382,12.28351,-5.42046,52.24667,1.0625,1.25,169.388,991.261
"2026-10-08 08:31:00",1383,12.28603,-5.480364,52.29704,1.125,1.25,159.0176,991.2213
"2026-10-08 08:32:00",1384,12.28099,-5.449459,52.10779,1.175,1.55,157.0735,991.3342
"2026-10-08 08:33:00",1385,12.27931,-5.435594,51.60718,1.725,2,156.2911,991.3068
"2026-10-08 08:34:00",1386,12.28351,-5.452129,51.87579,1.5,2,140.7431,991.1877
"2026-10-08 08:35:00",1387,12.28267,-5.410666,51.71554,1.4875,1.7,148.4954,991.4075
"2026-10-08 08:36:00",1388,12.28267,-5.377215,51.62549,1.4375,1.85,142.0174,991.438
"2026-10-08 08:37:00",1389,12.27847,-5.364115,51.57665,1.7,2,125.8127,991.2549
"2026-10-08 08:38:00",1390,12.28267,-5.389046,51.26377,1.55,1.7,134.6118,991.4655
"2026-10-08 08:39:00",1391,12.27092,-5.372002,51.43013,1.3125,1.7,139.6356,991.319
"2026-10-08 08:40:00",1392,12.28267,-5.333717,51.19204,1.0875,1.25,152.4897,991.3098
"2026-10-08 08:41:00",1393,12.28267,-5.291364,51.06994,1.1,1.4,170.1574,991.3464
"2026-10-08 08:42:00",1394,12.28015,-5.293653,51.35077,1.1,1.7,208.904,991.4044
"2026-10-08 08:43:00",1395,12.27595,-5.298995,51.55834,0.3541667,0.8,236.8034,991.3312
"2026-10-08 08:44:00",1396,12.28603,-5.361317,51.5156,0.5291666,1.25,250.3553,991.322
"2026-10-08 08:45:00",1397,12.28099,-5.488632,51.54612,0.1083333,0.8,176.9214,991.5265
"2026-10-08 08:46:00",1398,12.2726,-5.532003,52.01621,0.4958334,0.95,139.874,991.5479
"2026-10-08 08:47:00",1399,12.24405,-5.536836,52.77476,0.6708333,0.95,135.054,991.2426
"2026-10-08 08:48:00",1400,12.24993,-5.519159,52.68471,0.2041667,0.8,169.297,991.4868
"2026-10-08 08:49:00",1401,12.24489,-5.455818,52.93807,0,0,195.2913,991.5295
"2026-10-08 08:50:00",1402,12.25245,-5.461923,52.79155,0.02916667,0.35,159.373,991.5356
