ID,XQ-iMet-XQ Pressure,XQ-iMet-XQ Air Temperature,XQ-iMet-XQ Humidity,XQ-iMet-XQ Humidity Temp,Date,Time,XQ-iMet-XQ Longitude,XQ-iMet-XQ Latitude,XQ-iMet-XQ Altitude,XQ-iMet-XQ Sat Count
XQ,+099192,-0544,+0636,-0489,2026/10/08,08:49:48,+0157605836,+0781815598,+00130319,04
XQ,+099190,-0545,+0637,-0489,2026/10/08,08:49:49,+0157604817,+0781815870,+00129785,04
XQ,+099187,-0560,+0636,-0491,2026/10/08,08:49:50,+0157603680,+0781816258,+00129386,04
XQ,+099190,-0571,+0636,-0491,2026/10/08,08:49:51,+0157602190,+0781816622,+00128012,04
XQ,+099190,-0572,+0635,-0495,2026/10/08,08:49:52,+0157599987,+0781817031,+00125171,04
XQ,+099194,-0571,+0635,-0495,2026/10/08,08:49:53,+0157599868,+0781817217,+00126272,04
XQ,+099188,-0569,+0635,-0497,2026/10/08,08:49:54,+0157600257,+0781817325,+00128091,04
XQ,+099186,-0578,+0634,-0501,2026/10/08,08:49:55,+0157601088,+0781817301,+00130033,04
XQ,+099191,-0573,+0634,-0498,2026/10/08,08:49:56,+0157601663,+0781817231,+00131030,04
XQ,+099191,-0567,+0634,-0501,2026/10/08,08:49:57,+0157603330,+0781817039,+00133965,04
XQ,+099190,-0555,+0635,-0502,2026/10/08,08:49:58,+0157605147,+0781816846,+00137361,04
XQ,+099191,-0542,+0636,-0501,2026/10/08,08:49:59,+0157607098,+0781816634,+00141111,04
XQ,+099193,-0529,+0639,-0502,2026/10/08,08:50:00,+0157608441,+0781816470,+00143305,04
XQ,+099189,-0510,+0640,-0501,2026/10/08,08:50:01,+0157607444,+0781816413,+00137751,04
XQ,+099192,-0509,+0641,-0498,2026/10/08,08:50:02,+0157609087,+0781816375,+00143201,04
XQ,+099191,-0516,+0641,-0501,2026/10/08,08:50:03,+0157609669,+0781816489,+00147807,04
XQ,+099191,-0521,+0642,-0501,2026/10/08,08:50:04,+0157609673,+0781816559,+00149036,04
XQ,+099190,-0525,+0643,-0502,2026/10/08,08:50:05,+0157608792,+0781816602,+00146095,04
XQ,+099192,-0529,+0643,-0503,2026/10/08,08:50:06,+0157608168,+0781816657,+00144491,04
XQ,+099190,-0538,+0643,-0503,2026/10/08,08:50:07,+0157607724,+0781816684,+00143362,04
XQ,+099189,-0552,+0644,-0505,2026/10/08,08:50:08,+0157607281,+0781816745,+00142626,04
XQ,+099190,-0547,+0645,-0505,2026/10/08,08:50:09,+0157606843,+0781816794,+00141848,04
XQ,+099193,-0532,+0646,-0505,2026/10/08,08:50:10,+0157606527,+0781816789,+00140898,04
XQ,+099190,-0525,+0647,-0506,2026/10/08,08:50:11,+0157606244,+0781816804,+00140219,04
XQ,+099191,-0527,+0647,-0506,2026/10/08,08:50:12,+0157605907,+0781816803,+00139285,04
XQ,+099192,-0534,+0647,-0506,2026/10/08,08:50:13,+0157605582,+0781816805,+00138248,04
XQ,+099189,-0528,+0648,-0506,2026/10/08,08:50:14,+0157605239,+0781816842,+00137671,04
XQ,+099190,-0528,+0648,-0505,2026/10/08,08:50:15,+0157604947,+0781816857,+00136940,04
XQ,+099191,-0528,+0648,-0507,2026/10/08,08:50:16,+0157604739,+0781816852,+00136247,04
XQ,+099191,-0537,+0648,-0507,2026/10/08,08:50:17,+0157603835,+0781816945,+00134550,04
XQ,+099189,-0541,+0648,-0509,2026/10/08,08:50:18,+0157603154,+0781817028,+00133338,04
XQ,+099187,-0543,+0648,-0509,2026/10/08,08:50:19,+0157602643,+0781817130,+00132809,04
XQ,+099190,-0546,+0648,-0510,2026/10/08,08:50:20,+0157602428,+0781817154,+00132343,04
XQ,+099192,-0560,+0647,-0511,2026/10/08,08:50:21,+0157602220,+0781817166,+00131730,04
XQ,+099189,-0563,+0647,-0513,2026/10/08,08:50:22,+0157601991,+0781817181,+00130980,04
XQ,+099193,-0559,+0647,-0514,2026/10/08,08:50:23,+0157601893,+0781817211,+00131002,04
XQ,+099189,-0553,+0648,-0514,2026/10/08,08:50:24,+0157601796,+0781817242,+00131057,04
XQ,+099191,-0543,+0649,-0513,2026/10/08,08:50:25,+0157601850,+0781817275,+00131463,04
XQ,+099188,-0527,+0649,-0513,2026/10/08,08:50:26,+0157602025,+0781817280,+00131708,04
XQ,+099191,-0523,+0650,-0511,2026/10/08,08:50:27,+0157602058,+0781817294,+00131883,04
XQ,+099191,-0564,+0649,-0517,2026/10/08,08:50:28,+0157602088,+0781817302,+00132051,04
XQ,+099190,-0572,+0650,-0521,2026/10/08,08:50:29,+0157602471,+0781817348,+00133703,04
XQ,+099180,-0552,+0650,-0522,2026/10/08,08:50:30,+0157602702,+0781817335,+00134327,04
XQ,+099173,-0536,+0651,-0522,2026/10/08,08:50:31,+0157600201,+0781817493,+00129373,05
XQ,+099160,-0524,+0653,-0522,2026/10/08,08:50:32,+0157598983,+0781817605,+00129395,05
XQ,+099146,-0516,+0653,-0521,2026/10/08,08:50:33,+0157598368,+0781817650,+00130054,06
XQ,+099133,-0511,+0653,-0520,2026/10/08,08:50:34,+0157597804,+0781817682,+00130178,06
XQ,+099124,-0508,+0651,-0518,2026/10/08,08:50:35,+0157597410,+0781817730,+00131399,06
XQ,+099109,-0507,+0650,-0518,2026/10/08,08:50:36,+0157596989,+0781817752,+00130822,06
XQ,+099098,-0505,+0649,-0517,2026/10/08,08:50:37,+0157596270,+0781817758,+00130445,07
XQ,+099086,-0505,+0648,-0518,2026/10/08,08:50:38,+0157595900,+0781817686,+00129673,07
XQ,+099073,-0506,+0647,-0517,2026/10/08,08:50:39,+0157595867,+0781817646,+00129868,07
XQ,+099060,-0505,+0646,-0518,2026/10/08,08:50:40,+0157595549,+0781817669,+00130170,07
XQ,+099055,-0506,+0646,-0517,2026/10/08,08:50:41,+0157595274,+0781817649,+00129632,07
XQ,+099039,-0506,+0645,-0515,2026/10/08,08:50:42,+0157595189,+0781817625,+00128774,07
XQ,+099030,-0505,+0644,-0515,2026/10/08,08:50:43,+0157595046,+0781817619,+00129879,07
XQ,+099019,-0504,+0643,-0515,2026/10/08,08:50:44,+0157594834,+0781817639,+00130985,07
XQ,+099007,-0502,+0643,-0514,2026/10/08,08:50:45,+0157594649,+0781817634,+00131216,07
XQ,+098994,-0500,+0642,-0514,2026/10/08,08:50:46,+0157594483,+0781817587,+00130711,07
XQ,+098980,-0502,+0641,-0513,2026/10/08,08:50:47,+0157594269,+0781817569,+00130561,07
XQ,+098971,-0504,+0641,-0514,2026/10/08,08:50:48,+0157594036,+0781817572,+00130802,07
XQ,+098962,-0505,+0640,-0514,2026/10/08,08:50:49,+0157593778,+0781817593,+00132234,07
XQ,+098949,-0507,+0640,-0514,2026/10/08,08:50:50,+0157593574,+0781817583,+00132585,07
XQ,+098936,-0507,+0639,-0515,2026/10/08,08:50:51,+0157593490,+0781817566,+00132659,07
XQ,+098928,-0504,+0639,-0514,2026/10/08,08:50:52,+0157593466,+0781817569,+00133393,07
XQ,+098913,-0502,+0639,-0513,2026/10/08,08:50:53,+0157593411,+0781817577,+00134701,07
XQ,+098903,-0503,+0639,-0515,2026/10/08,08:50:54,+0157593322,+0781817556,+00135499,07
XQ,+098890,-0502,+0638,-0514,2026/10/08,08:50:55,+0157593278,+0781817521,+00135440,07
XQ,+098876,-0500,+0638,-0514,2026/10/08,08:50:56,+0157593143,+0781817554,+00137102,07
XQ,+098868,-0501,+0638,-0513,2026/10/08,08:50:57,+0157592948,+0781817546,+00137808,07
XQ,+098861,-0497,+0637,-0514,2026/10/08,08:50:58,+0157592958,+0781817533,+00138895,07
XQ,+098846,-0487,+0637,-0513,2026/10/08,08:50:59,+0157592908,+0781817532,+00140216,07
XQ,+098835,-0484,+0637,-0511,2026/10/08,08:51:00,+0157592874,+0781817512,+00140896,07
XQ,+098826,-0477,+0637,-0510,2026/10/08,08:51:01,+0157592819,+0781817492,+00142001,07
XQ,+098814,-0467,+0636,-0507,2026/10/08,08:51:02,+0157592745,+0781817478,+00142913,07
XQ,+098805,-0458,+0636,-0505,2026/10/08,08:51:03,+0157592510,+0781817468,+00142811,07
XQ,+098797,-0458,+0635,-0503,2026/10/08,08:51:04,+0157592289,+0781817448,+00142583,07
XQ,+098782,-0457,+0635,-0502,2026/10/08,08:51:05,+0157592168,+0781817436,+00143262,07
XQ,+098772,-0452,+0634,-0498,2026/10/08,08:51:06,+0157592128,+0781817425,+00144503,07
XQ,+098761,-0449,+0633,-0497,2026/10/08,08:51:07,+0157592052,+0781817409,+00145295,07
XQ,+098748,-0448,+0632,-0495,2026/10/08,08:51:08,+0157591915,+0781817411,+00146811,07
XQ,+098738,-0447,+0632,-0493,2026/10/08,08:51:09,+0157591774,+0781817394,+00148153,07
XQ,+098724,-0452,+0630,-0491,2026/10/08,08:51:10,+0157591522,+0781817378,+00148612,07
XQ,+098713,-0451,+0630,-0490,2026/10/08,08:51:11,+0157591292,+0781817377,+00148789,07
XQ,+098700,-0451,+0629,-0491,2026/10/08,08:51:12,+0157591145,+0781817396,+00149478,07
XQ,+098688,-0453,+0628,-0490,2026/10/08,08:51:13,+0157591101,+0781817442,+00151321,07
XQ,+098682,-0455,+0627,-0490,2026/10/08,08:51:14,+0157591085,+0781817462,+00151146,07
XQ,+098668,-0457,+0627,-0487,2026/10/08,08:51:15,+0157590874,+0781817484,+00150380,07
XQ,+098650,-0457,+0626,-0486,2026/10/08,08:51:16,+0157590712,+0781817494,+00151037,07
XQ,+098644,-0455,+0625,-0486,2026/10/08,08:51:17,+0157590769,+0781817531,+00153018,07
XQ,+098635,-0454,+0625,-0485,2026/10/08,08:51:18,+0157590757,+0781817576,+00154426,07
XQ,+098620,-0455,+0625,-0483,2026/10/08,08:51:19,+0157590800,+0781817538,+00153636,08
XQ,+098608,-0455,+0624,-0485,2026/10/08,08:51:20,+0157590815,+0781817518,+00153495,08
XQ,+098599,-0455,+0623,-0483,2026/10/08,08:51:21,+0157590860,+0781817508,+00154892,08
XQ,+098586,-0457,+0623,-0483,2026/10/08,08:51:22,+0157590928,+0781817496,+00156544,08
XQ,+098576,-0460,+0622,-0483,2026/10/08,08:51:23,+0157591001,+0781817459,+00156514,08
XQ,+098562,-0460,+0622,-0482,2026/10/08,08:51:24,+0157591123,+0781817445,+00157715,08
XQ,+098547,-0461,+0621,-0482,2026/10/08,08:51:25,+0157591161,+0781817388,+00157456,08
XQ,+098536,-0461,+0621,-0483,2026/10/08,08:51:26,+0157591159,+0781817381,+00158617,08
XQ,+098527,-0464,+0621,-0482,2026/10/08,08:51:27,+0157591166,+0781817350,+00158590,08
XQ,+098512,-0461,+0620,-0481,2026/10/08,08:51:28,+0157591084,+0781817345,+00159671,08
XQ,+098504,-0451,+0619,-0481,2026/10/08,08:51:29,+0157591021,+0781817343,+00160829,08
XQ,+098495,-0449,+0619,-0481,2026/10/08,08:51:30,+0157590973,+0781817320,+00160900,08
XQ,+098481,-0448,+0618,-0478,2026/10/08,08:51:31,+0157590930,+0781817317,+00161298,08
XQ,+098470,-0449,+0617,-0478,2026/10/08,08:51:32,+0157591026,+0781817306,+00162427,08
XQ,+098458,-0449,+0617,-0476,2026/10/08,08:51:33,+0157591097,+0781817303,+00164000,08
XQ,+098444,-0450,+0616,-0475,2026/10/08,08:51:34,+0157591051,+0781817291,+00165226,08
XQ,+098439,-0450,+0615,-0475,2026/10/08,08:51:35,+0157591404,+0781817276,+00166025,09
XQ,+098422,-0451,+0615,-0475,2026/10/08,08:51:36,+0157591730,+0781817269,+00166255,09
XQ,+098413,-0451,+0614,-0474,2026/10/08,08:51:37,+0157592022,+0781817266,+00167393,09
XQ,+098401,-0452,+0613,-0475,2026/10/08,08:51:38,+0157592258,+0781817258,+00168357,09
XQ,+098383,-0453,+0613,-0476,2026/10/08,08:51:39,+0157592420,+0781817241,+00169745,09
XQ,+098376,-0454,+0612,-0475,2026/10/08,08:51:40,+0157592587,+0781817226,+00170570,09
XQ,+098361,-0455,+0612,-0474,2026/10/08,08:51:41,+0157592704,+0781817214,+00171414,09
XQ,+098355,-0457,+0611,-0474,2026/10/08,08:51:42,+0157592831,+0781817219,+00172869,09
XQ,+098342,-0457,+0611,-0474,2026/10/08,08:51:43,+0157593011,+0781817220,+00173802,09
XQ,+098328,-0458,+0611,-0475,2026/10/08,08:51:44,+0157593195,+0781817231,+00174844,09
XQ,+098316,-0459,+0610,-0475,2026/10/08,08:51:45,+0157593391,+0781817247,+00175812,09
XQ,+098308,-0460,+0610,-0475,2026/10/08,08:51:46,+0157593418,+0781817244,+00176367,09
XQ,+098296,-0463,+0610,-0476,2026/10/08,08:51:47,+0157593522,+0781817257,+00178082,09
XQ,+098287,-0464,+0610,-0475,2026/10/08,08:51:48,+0157593499,+0781817249,+00178500,08
XQ,+098274,-0464,+0610,-0475,2026/10/08,08:51:49,+0157593568,+0781817243,+00180253,09
XQ,+098266,-0466,+0609,-0476,2026/10/08,08:51:50,+0157593577,+0781817248,+00180312,09
XQ,+098252,-0467,+0609,-0476,2026/10/08,08:51:51,+0157593734,+0781817260,+00181886,09
XQ,+098236,-0468,+0609,-0476,2026/10/08,08:51:52,+0157593804,+0781817254,+00182945,09
XQ,+098223,-0469,+0609,-0476,2026/10/08,08:51:53,+0157593756,+0781817266,+00183070,09
XQ,+098216,-0470,+0609,-0476,2026/10/08,08:51:54,+0157593691,+0781817269,+00183582,09
XQ,+098208,-0471,+0609,-0478,2026/10/08,08:51:55,+0157593794,+0781817270,+00185012,09
XQ,+098193,-0472,+0609,-0479,2026/10/08,08:51:56,+0157593862,+0781817280,+00185967,09
XQ,+098179,-0473,+0609,-0481,2026/10/08,08:51:57,+0157593912,+0781817253,+00187181,09
XQ,+098168,-0474,+0608,-0481,2026/10/08,08:51:58,+0157593893,+0781817221,+00186874,09
XQ,+098160,-0472,+0609,-0481,2026/10/08,08:51:59,+0157593884,+0781817212,+00187587,09
XQ,+098149,-0475,+0609,-0481,2026/10/08,08:52:00,+0157593894,+0781817212,+00189385,09
XQ,+098137,-0476,+0609,-0482,2026/10/08,08:52:01,+0157593887,+0781817217,+00190434,09
XQ,+098126,-0475,+0609,-0482,2026/10/08,08:52:02,+0157593854,+0781817227,+00190978,09
XQ,+098112,-0476,+0609,-0482,2026/10/08,08:52:03,+0157593896,+0781817226,+00191875,09
XQ,+098100,-0474,+0609,-0483,2026/10/08,08:52:04,+0157593920,+0781817222,+00192685,09
XQ,+098091,-0471,+0609,-0482,2026/10/08,08:52:05,+0157594020,+0781817221,+00193940,10
XQ,+098079,-0471,+0609,-0483,2026/10/08,08:52:06,+0157594051,+0781817214,+00194907,10
XQ,+098067,-0470,+0609,-0483,2026/10/08,08:52:07,+0157593975,+0781817197,+00194695,10
XQ,+098055,-0472,+0609,-0483,2026/10/08,08:52:08,+0157593965,+0781817186,+00195336,10
XQ,+098042,-0472,+0608,-0483,2026/10/08,08:52:09,+0157594041,+0781817191,+00196864,11
XQ,+098033,-0474,+0608,-0482,2026/10/08,08:52:10,+0157594155,+0781817198,+00198410,11
XQ,+098021,-0473,+0608,-0482,2026/10/08,08:52:11,+0157594113,+0781817181,+00198933,11
XQ,+098010,-0475,+0608,-0485,2026/10/08,08:52:12,+0157594132,+0781817177,+00199163,11
XQ,+098001,-0475,+0608,-0483,2026/10/08,08:52:13,+0157594169,+0781817171,+00200095,11
XQ,+097985,-0477,+0609,-0485,2026/10/08,08:52:14,+0157594162,+0781817138,+00200792,11
XQ,+097971,-0478,+0609,-0485,2026/10/08,08:52:15,+0157594080,+0781817109,+00201312,11
XQ,+097961,-0478,+0608,-0485,2026/10/08,08:52:16,+0157594086,+0781817097,+00202096,11
XQ,+097951,-0480,+0608,-0486,2026/10/08,08:52:17,+0157594127,+0781817105,+00202941,11
XQ,+097938,-0482,+0609,-0486,2026/10/08,08:52:18,+0157594195,+0781817100,+00204204,11
XQ,+097929,-0482,+0609,-0487,2026/10/08,08:52:19,+0157594272,+0781817105,+00204830,11
XQ,+097918,-0483,+0609,-0487,2026/10/08,08:52:20,+0157594357,+0781817116,+00206114,11
XQ,+097901,-0484,+0609,-0489,2026/10/08,08:52:21,+0157594422,+0781817125,+00207106,11
XQ,+097893,-0484,+0610,-0489,2026/10/08,08:52:22,+0157594452,+0781817129,+00208361,11
XQ,+097881,-0486,+0610,-0489,2026/10/08,08:52:23,+0157594452,+0781817132,+00209711,11
XQ,+097867,-0486,+0609,-0490,2026/10/08,08:52:24,+0157594449,+0781817124,+00210491,11
XQ,+097858,-0488,+0609,-0490,2026/10/08,08:52:25,+0157594443,+0781817115,+00211539,11
XQ,+097849,-0487,+0610,-0490,2026/10/08,08:52:26,+0157594332,+0781817096,+00211604,11
XQ,+097835,-0489,+0610,-0493,2026/10/08,08:52:27,+0157594298,+0781817096,+00212131,11
XQ,+097825,-0489,+0610,-0494,2026/10/08,08:52:28,+0157594323,+0781817102,+00213073,11
XQ,+097814,-0489,+0610,-0493,2026/10/08,08:52:29,+0157594338,+0781817100,+00213710,11
XQ,+097800,-0489,+0610,-0494,2026/10/08,08:52:30,+0157594358,+0781817091,+00215008,11
XQ,+097791,-0491,+0610,-0494,2026/10/08,08:52:31,+0157594353,+0781817092,+00215851,11
XQ,+097780,-0490,+0610,-0494,2026/10/08,08:52:32,+0157594372,+0781817101,+00216176,11
XQ,+097781,-0491,+0610,-0494,2026/10/08,08:52:33,+0157594339,+0781817104,+00215794,11
XQ,+097783,-0492,+0610,-0495,2026/10/08,08:52:34,+0157594273,+0781817093,+00215475,11
XQ,+097780,-0492,+0611,-0497,2026/10/08,08:52:35,+0157594214,+0781817087,+00214985,11
XQ,+097783,-0493,+0611,-0497,2026/10/08,08:52:36,+0157594137,+0781817090,+00214248,11
XQ,+097785,-0490,+0611,-0495,2026/10/08,08:52:37,+0157593920,+0781817072,+00213341,11
XQ,+097785,-0490,+0612,-0497,2026/10/08,08:52:38,+0157593763,+0781817061,+00212188,11
XQ,+097781,-0491,+0612,-0498,2026/10/08,08:52:39,+0157593782,+0781817065,+00212041,11
XQ,+097783,-0492,+0612,-0498,2026/10/08,08:52:40,+0157593844,+0781817066,+00211982,11
XQ,+097779,-0491,+0612,-0498,2026/10/08,08:52:41,+0157593915,+0781817066,+00211647,10
XQ,+097782,-0493,+0612,-0501,2026/10/08,08:52:42,+0157594193,+0781817078,+00212198,11
XQ,+097779,-0495,+0612,-0501,2026/10/08,08:52:43,+0157594446,+0781817094,+00212784,11
XQ,+097777,-0497,+0612,-0501,2026/10/08,08:52:44,+0157594632,+0781817100,+00213061,11
XQ,+097774,-0495,+0613,-0501,2026/10/08,08:52:45,+0157594782,+0781817108,+00213175,11
XQ,+097774,-0493,+0613,-0503,2026/10/08,08:52:46,+0157594992,+0781817100,+00213220,11
XQ,+097773,-0492,+0613,-0501,2026/10/08,08:52:47,+0157595148,+0781817095,+00213263,11
XQ,+097774,-0493,+0613,-0501,2026/10/08,08:52:48,+0157595383,+0781817092,+00213826,11
XQ,+097767,-0496,+0613,-0498,2026/10/08,08:52:49,+0157595682,+0781817103,+00213803,11
XQ,+097765,-0493,+0614,-0501,2026/10/08,08:52:50,+0157595911,+0781817094,+00214359,11
XQ,+097769,-0495,+0614,-0501,2026/10/08,08:52:51,+0157596095,+0781817084,+00214298,11
XQ,+097768,-0494,+0614,-0498,2026/10/08,08:52:52,+0157596201,+0781817070,+00214684,11
XQ,+097770,-0491,+0614,-0497,2026/10/08,08:52:53,+0157596318,+0781817077,+00214997,10
XQ,+097767,-0487,+0614,-0497,2026/10/08,08:52:54,+0157596330,+0781817079,+00215334,10
XQ,+097773,-0486,+0614,-0497,2026/10/08,08:52:55,+0157596377,+0781817079,+00215682,10
XQ,+097782,-0485,+0614,-0495,2026/10/08,08:52:56,+0157596199,+0781817084,+00214368,11
XQ,+097783,-0487,+0614,-0495,2026/10/08,08:52:57,+0157596082,+0781817060,+00213744,11
XQ,+097782,-0489,+0614,-0497,2026/10/08,08:52:58,+0157596072,+0781817045,+00213782,11
XQ,+097780,-0486,+0614,-0497,2026/10/08,08:52:59,+0157595893,+0781817014,+00213077,11
XQ,+097781,-0484,+0614,-0495,2026/10/08,08:53:00,+0157595786,+0781816994,+00212795,10
XQ,+097785,-0483,+0614,-0498,2026/10/08,08:53:01,+0157596149,+0781817003,+00214934,11
XQ,+097783,-0485,+0614,-0498,2026/10/08,08:53:02,+0157596471,+0781817007,+00216947,11
XQ,+097785,-0486,+0614,-0497,2026/10/08,08:53:03,+0157596415,+0781817021,+00216828,12
XQ,+097782,-0490,+0614,-0498,2026/10/08,08:53:04,+0157596403,+0781817014,+00217527,10
XQ,+097780,-0493,+0614,-0498,2026/10/08,08:53:05,+0157596371,+0781817025,+00216820,11
XQ,+097778,-0493,+0614,-0501,2026/10/08,08:53:06,+0157596465,+0781817042,+00217198,11
XQ,+097779,-0493,+0614,-0498,2026/10/08,08:53:07,+0157596531,+0781817033,+00217295,10
XQ,+097777,-0493,+0614,-0502,2026/10/08,08:53:08,+0157596480,+0781817023,+00216519,11
XQ,+097783,-0485,+0614,-0501,2026/10/08,08:53:09,+0157596195,+0781816958,+00215135,10
XQ,+097781,-0471,+0614,-0497,2026/10/08,08:53:10,+0157596060,+0781816873,+00215210,12
XQ,+097776,-0468,+0613,-0497,2026/10/08,08:53:11,+0157595829,+0781816801,+00214498,12
XQ,+097776,-0461,+0613,-0493,2026/10/08,08:53:12,+0157595764,+0781816754,+00214156,11
XQ,+097774,-0457,+0612,-0491,2026/10/08,08:53:13,+0157595944,+0781816716,+00215075,10
XQ,+097779,-0456,+0612,-0489,2026/10/08,08:53:14,+0157595977,+0781816708,+00214730,10
XQ,+097776,-0461,+0611,-0486,2026/10/08,08:53:15,+0157596188,+0781816721,+00215749,11
XQ,+097778,-0475,+0611,-0487,2026/10/08,08:53:16,+0157596430,+0781816727,+00216591,11
XQ,+097773,-0485,+0611,-0489,2026/10/08,08:53:17,+0157596574,+0781816707,+00216787,11
XQ,+097775,-0491,+0610,-0490,2026/10/08,08:53:18,+0157596781,+0781816700,+00216767,11
XQ,+097792,-0483,+0610,-0491,2026/10/08,08:53:19,+0157596995,+0781816685,+00215516,10
XQ,+097821,-0482,+0611,-0489,2026/10/08,08:53:20,+0157597166,+0781816654,+00212648,10
XQ,+097867,-0482,+0611,-0490,2026/10/08,08:53:21,+0157597218,+0781816628,+00209669,10
XQ,+097891,-0486,+0611,-0490,2026/10/08,08:53:22,+0157597341,+0781816625,+00208632,09
XQ,+097915,-0486,+0611,-0490,2026/10/08,08:53:23,+0157597535,+0781816630,+00207574,09
XQ,+097941,-0482,+0611,-0490,2026/10/08,08:53:24,+0157597778,+0781816672,+00205039,10
XQ,+097978,-0483,+0611,-0490,2026/10/08,08:53:25,+0157597960,+0781816696,+00202979,10
XQ,+098016,-0481,+0612,-0490,2026/10/08,08:53:26,+0157598050,+0781816664,+00202402,11
XQ,+098057,-0480,+0612,-0490,2026/10/08,08:53:27,+0157597934,+0781816639,+00201208,10
XQ,+098085,-0476,+0612,-0489,2026/10/08,08:53:28,+0157597894,+0781816644,+00198506,10
XQ,+098117,-0473,+0612,-0487,2026/10/08,08:53:29,+0157597902,+0781816635,+00195525,10
XQ,+098151,-0470,+0613,-0487,2026/10/08,08:53:30,+0157597998,+0781816600,+00193130,10
XQ,+098183,-0468,+0613,-0485,2026/10/08,08:53:31,+0157598068,+0781816536,+00191129,11
XQ,+098224,-0468,+0613,-0486,2026/10/08,08:53:32,+0157597965,+0781816475,+00189095,11
XQ,+098248,-0472,+0613,-0485,2026/10/08,08:53:33,+0157598005,+0781816429,+00189006,12
XQ,+098291,-0477,+0614,-0486,2026/10/08,08:53:34,+0157597989,+0781816445,+00186133,11
XQ,+098313,-0483,+0614,-0487,2026/10/08,08:53:35,+0157597977,+0781816508,+00183110,11
XQ,+098364,-0487,+0615,-0489,2026/10/08,08:53:36,+0157597734,+0781816532,+00178709,12
XQ,+098397,-0490,+0615,-0489,2026/10/08,08:53:37,+0157597573,+0781816568,+00174902,12
XQ,+098423,-0490,+0617,-0490,2026/10/08,08:53:38,+0157597506,+0781816565,+00171343,12
XQ,+098464,-0487,+0617,-0490,2026/10/08,08:53:39,+0157597447,+0781816587,+00167376,12
XQ,+098509,-0485,+0618,-0491,2026/10/08,08:53:40,+0157597531,+0781816639,+00164466,12
XQ,+098531,-0483,+0619,-0490,2026/10/08,08:53:41,+0157597682,+0781816681,+00161518,12
XQ,+098581,-0484,+0620,-0490,2026/10/08,08:53:42,+0157597780,+0781816688,+00159328,12
XQ,+098604,-0486,+0621,-0491,2026/10/08,08:53:43,+0157597910,+0781816706,+00157885,11
XQ,+098637,-0488,+0621,-0490,2026/10/08,08:53:44,+0157597787,+0781816744,+00156571,10
XQ,+098687,-0489,+0623,-0491,2026/10/08,08:53:45,+0157597649,+0781816771,+00154245,12
XQ,+098725,-0492,+0624,-0493,2026/10/08,08:53:46,+0157597836,+0781816791,+00152240,11
XQ,+098748,-0489,+0624,-0493,2026/10/08,08:53:47,+0157598126,+0781816765,+00149606,11
XQ,+098789,-0488,+0625,-0493,2026/10/08,08:53:48,+0157598341,+0781816775,+00148374,10
XQ,+098819,-0488,+0626,-0493,2026/10/08,08:53:49,+0157598183,+0781816797,+00144771,11
XQ,+098854,-0489,+0626,-0495,2026/10/08,08:53:50,+0157598035,+0781816784,+00140783,12
XQ,+098893,-0488,+0627,-0494,2026/10/08,08:53:51,+0157597959,+0781816764,+00137540,12
XQ,+098926,-0491,+0627,-0495,2026/10/08,08:53:52,+0157597879,+0781816758,+00135268,11
XQ,+098960,-0489,+0628,-0494,2026/10/08,08:53:53,+0157597661,+0781816782,+00132933,10
XQ,+099000,-0481,+0628,-0494,2026/10/08,08:53:54,+0157597517,+0781816806,+00130129,11
XQ,+099020,-0476,+0629,-0493,2026/10/08,08:53:55,+0157597439,+0781816808,+00128684,10
XQ,+099042,-0475,+0629,-0491,2026/10/08,08:53:56,+0157597300,+0781816861,+00129071,10
XQ,+099065,-0472,+0629,-0491,2026/10/08,08:53:57,+0157597047,+0781816899,+00128307,11
XQ,+099079,-0469,+0630,-0487,2026/10/08,08:53:58,+0157596839,+0781816939,+00127596,11
XQ,+099093,-0474,+0630,-0489,2026/10/08,08:53:59,+0157596610,+0781816924,+00130683,09
XQ,+099105,-0477,+0630,-0489,2026/10/08,08:54:00,+0157596476,+0781816821,+00128376,11
XQ,+099123,-0478,+0630,-0490,2026/10/08,08:54:01,+0157596344,+0781816798,+00126779,11
XQ,+099136,-0485,+0630,-0490,2026/10/08,08:54:02,+0157596221,+0781816766,+00125801,09
XQ,+099156,-0489,+0630,-0491,2026/10/08,08:54:03,+0157596070,+0781816718,+00125245,11
XQ,+099161,-0480,+0630,-0490,2026/10/08,08:54:04,+0157595970,+0781816702,+00125220,10
XQ,+099170,-0479,+0630,-0491,2026/10/08,08:54:05,+0157595936,+0781816688,+00124507,09
XQ,+099172,-0479,+0630,-0489,2026/10/08,08:54:06,+0157595946,+0781816672,+00124329,11
XQ,+099179,-0467,+0630,-0486,2026/10/08,08:54:07,+0157596009,+0781816632,+00123865,12
XQ,+099182,-0469,+0629,-0486,2026/10/08,08:54:08,+0157595975,+0781816618,+00124174,10
XQ,+099184,-0469,+0629,-0485,2026/10/08,08:54:09,+0157596026,+0781816587,+00123876,13
XQ,+099184,-0463,+0629,-0485,2026/10/08,08:54:10,+0157596118,+0781816567,+00123327,13
XQ,+099183,-0474,+0630,-0487,2026/10/08,08:54:11,+0157596238,+0781816559,+00122199,11
XQ,+099182,-0481,+0629,-0487,2026/10/08,08:54:12,+0157596237,+0781816560,+00121589,13
XQ,+099179,-0482,+0629,-0489,2026/10/08,08:54:13,+0157596183,+0781816563,+00121084,12
XQ,+099177,-0484,+0630,-0489,2026/10/08,08:54:14,+0157596186,+0781816558,+00120279,11
XQ,+099179,-0496,+0630,-0490,2026/10/08,08:54:15,+0157596176,+0781816567,+00120024,13
XQ,+099183,-0507,+0630,-0493,2026/10/08,08:54:16,+0157596134,+0781816573,+00119858,13
XQ,+099182,-0522,+0629,-0495,2026/10/08,08:54:17,+0157596120,+0781816581,+00119762,10
XQ,+099184,-0525,+0629,-0497,2026/10/08,08:54:18,+0157596124,+0781816587,+00119137,12
XQ,+099181,-0530,+0629,-0501,2026/10/08,08:54:19,+0157596017,+0781816594,+00118905,12
XQ,+099181,-0518,+0629,-0498,2026/10/08,08:54:20,+0157595979,+0781816610,+00118844,10
XQ,+099182,-0513,+0629,-0501,2026/10/08,08:54:21,+0157595937,+0781816631,+00118673,12
XQ,+099184,-0514,+0629,-0502,2026/10/08,08:54:22,+0157595919,+0781816652,+00118518,12
XQ,+099186,-0516,+0630,-0502,2026/10/08,08:54:23,+0157595905,+0781816670,+00118390,13
XQ,+099181,-0517,+0630,-0503,2026/10/08,08:54:24,+0157595897,+0781816685,+00118753,13
XQ,+099179,-0518,+0631,-0503,2026/10/08,08:54:25,+0157595932,+0781816686,+00118512,12
XQ,+099186,-0527,+0630,-0505,2026/10/08,08:54:26,+0157596040,+0781816672,+00118115,11
XQ,+099185,-0535,+0631,-0506,2026/10/08,08:54:27,+0157596049,+0781816680,+00118097,12
XQ,+099182,-0545,+0631,-0509,2026/10/08,08:54:28,+0157596054,+0781816681,+00117938,12
XQ,+099180,-0548,+0632,-0510,2026/10/08,08:54:29,+0157596057,+0781816700,+00118489,11
XQ,+099181,-0557,+0632,-0511,2026/10/08,08:54:30,+0157596128,+0781816721,+00118668,12
XQ,+099186,-0558,+0633,-0514,2026/10/08,08:54:31,+0157596121,+0781816735,+00118683,13
XQ,+099183,-0557,+0634,-0514,2026/10/08,08:54:32,+0157596152,+0781816754,+00119044,11
XQ,+099179,-0547,+0635,-0514,2026/10/08,08:54:33,+0157596221,+0781816772,+00119589,13
XQ,+099184,-0549,+0636,-0515,2026/10/08,08:54:34,+0157596234,+0781816789,+00119971,13
XQ,+099181,-0560,+0636,-0515,2026/10/08,08:54:35,+0157596305,+0781816822,+00120507,11
XQ,+099182,-0577,+0636,-0518,2026/10/08,08:54:36,+0157596403,+0781816845,+00120777,13
XQ,+099180,-0600,+0637,-0520,2026/10/08,08:54:37,+0157596450,+0781816861,+00120857,13
XQ,+099183,-0609,+0637,-0524,2026/10/08,08:54:38,+0157596407,+0781816873,+00121261,11
XQ,+099182,-0614,+0639,-0526,2026/10/08,08:54:39,+0157596323,+0781816878,+00121523,12
XQ,+099184,-0599,+0639,-0528,2026/10/08,08:54:40,+0157596283,+0781816888,+00121966,12
XQ,+099182,-0605,+0640,-0528,2026/10/08,08:54:41,+0157596356,+0781816910,+00122205,11
XQ,+099184,-0609,+0640,-0529,2026/10/08,08:54:42,+0157596361,+0781816935,+00122625,12
XQ,+099178,-0618,+0641,-0533,2026/10/08,08:54:43,+0157596181,+0781816940,+00123296,12
XQ,+099187,-0606,+0641,-0530,2026/10/08,08:54:44,+0157596040,+0781816942,+00123312,10
XQ,+099184,-0621,+0642,-0533,2026/10/08,08:54:45,+0157595975,+0781816967,+00124299,12
XQ,+099170,-0587,+0643,-0533,2026/10/08,08:54:46,+0157595994,+0781816987,+00125092,12
XQ,+099171,-0559,+0644,-0530,2026/10/08,08:54:47,+0157596134,+0781816977,+00124496,11
XQ,+099170,-0532,+0645,-0528,2026/10/08,08:54:48,+0157596402,+0781816961,+00124194,14
XQ,+099170,-0535,+0645,-0528,2026/10/08,08:54:49,+0157596561,+0781816929,+00124014,14
XQ,+099170,-0526,+0645,-0526,2026/10/08,08:54:50,+0157596664,+0781816885,+00123528,12
XQ,+099171,-0512,+0645,-0525,2026/10/08,08:54:51,+0157596757,+0781816855,+00123433,13
XQ,+099171,-0523,+0645,-0524,2026/10/08,08:54:52,+0157596836,+0781816839,+00123438,13
XQ,+099170,-0537,+0645,-0525,2026/10/08,08:54:53,+0157597073,+0781816811,+00121821,13
XQ,+099171,-0554,+0645,-0526,2026/10/08,08:54:54,+0157597092,+0781816834,+00121349,14
XQ,+099169,-0530,+0646,-0526,2026/10/08,08:54:55,+0157597104,+0781816836,+00121119,14
XQ,+099170,-0464,+0646,-0526,2026/10/08,08:54:56,+0157597037,+0781816840,+00121112,12
XQ,+099173,-0391,+0647,-0524,2026/10/08,08:54:57,+0157596943,+0781816849,+00121070,14
XQ,+099173,-0340,+0647,-0524,2026/10/08,08:54:58,+0157596953,+0781816839,+00121014,14
XQ,+099171,-0250,+0651,-0515,2026/10/08,08:54:59,+0157596975,+0781816837,+00120893,12
XQ,+099174,-0181,+0653,-0493,2026/10/08,08:55:00,+0157596949,+0781816865,+00120332,14
XQ,+099171,-0119,+0650,-0479,2026/10/08,08:55:01,+0157596906,+0781816874,+00120073,14
XQ,+099173,-0082,+0647,-0470,2026/10/08,08:55:02,+0157596886,+0781816886,+00119801,11
XQ,+099174,-0052,+0643,-0460,2026/10/08,08:55:03,+0157596803,+0781816874,+00119233,13
XQ,+099173,-0007,+0640,-0453,2026/10/08,08:55:04,+0157596651,+0781816846,+00119469,12
XQ,+099170,+0010,+0636,-0448,2026/10/08,08:55:05,+0157596623,+0781816810,+00118859,10
XQ,+099171,+0026,+0632,-0445,2026/10/08,08:55:06,+0157596775,+0781816770,+00117951,14
XQ,+099172,+0033,+0629,-0438,2026/10/08,08:55:07,+0157596970,+0781816752,+00118584,13
XQ,+099169,+0025,+0626,-0433,2026/10/08,08:55:08,+0157597045,+0781816779,+00119165,13
XQ,+099168,+0010,+0624,-0428,2026/10/08,08:55:09,+0157596707,+0781816795,+00119394,13
XQ,+099167,+0001,+0621,-0421,2026/10/08,08:55:10,+0157596554,+0781816794,+00119357,13
XQ,+099173,-0016,+0619,-0414,2026/10/08,08:55:11,+0157596431,+0781816804,+00119535,13
XQ,+099169,-0026,+0616,-0413,2026/10/08,08:55:12,+0157596371,+0781816820,+00119829,13
XQ,+099171,-0038,+0613,-0410,2026/10/08,08:55:13,+0157596279,+0781816816,+00119744,14
XQ,+099170,-0048,+0610,-0409,2026/10/08,08:55:14,+0157596145,+0781816822,+00119692,13
XQ,+099168,-0059,+0607,-0410,2026/10/08,08:55:15,+0157596079,+0781816833,+00119637,14
XQ,+099170,-0079,+0605,-0410,2026/10/08,08:55:16,+0157596019,+0781816853,+00119446,14
XQ,+099167,-0091,+0603,-0410,2026/10/08,08:55:17,+0157595985,+0781816862,+00119101,13
XQ,+099171,-0097,+0601,-0409,2026/10/08,08:55:18,+0157595915,+0781816867,+00119103,14
XQ,+099172,-0105,+0599,-0409,2026/10/08,08:55:19,+0157595886,+0781816865,+00119735,14
XQ,+099174,-0116,+0597,-0409,2026/10/08,08:55:20,+0157595866,+0781816865,+00119620,13
XQ,+099169,-0127,+0596,-0410,2026/10/08,08:55:21,+0157595845,+0781816875,+00119539,14
XQ,+099171,-0138,+0595,-0408,2026/10/08,08:55:22,+0157595818,+0781816893,+00119441,14
XQ,+099170,-0153,+0593,-0410,2026/10/08,08:55:23,+0157595766,+0781816912,+00119736,13
XQ,+099170,-0167,+0593,-0410,2026/10/08,08:55:24,+0157595770,+0781816906,+00119488,14
XQ,+099170,-0186,+0592,-0412,2026/10/08,08:55:25,+0157595675,+0781816886,+00119405,14
XQ,+099170,-0190,+0591,-0412,2026/10/08,08:55:26,+0157595723,+0781816888,+00119680,13
XQ,+099172,-0197,+0590,-0409,2026/10/08,08:55:27,+0157595746,+0781816908,+00119449,14
XQ,+099172,-0184,+0591,-0408,2026/10/08,08:55:28,+0157595740,+0781816930,+00119076,14
XQ,+099172,-0172,+0592,-0401,2026/10/08,08:55:29,+0157595667,+0781816974,+00119618,12
XQ,+099173,-0166,+0593,-0397,2026/10/08,08:55:30,+0157595717,+0781816989,+00119191,14
XQ,+099169,-0158,+0593,-0393,2026/10/08,08:55:31,+0157595743,+0781817005,+00119226,14
XQ,+099172,-0154,+0593,-0389,2026/10/08,08:55:32,+0157595771,+0781817017,+00119260,13
XQ,+099175,-0150,+0593,-0386,2026/10/08,08:55:33,+0157595668,+0781817025,+00120163,14
XQ,+099172,-0147,+0593,-0383,2026/10/08,08:55:34,+0157595623,+0781817044,+00120216,14
XQ,+099176,-0144,+0593,-0379,2026/10/08,08:55:35,+0157595577,+0781817066,+00120895,13
XQ,+099177,-0144,+0592,-0375,2026/10/08,08:55:36,+0157595579,+0781817093,+00120990,14
XQ,+099577,-0633,+0671,-0604,2026/10/08,09:09:08,+0157557069,+0781830976,+00108764,04
XQ,+099577,-0622,+0672,-0603,2026/10/08,09:09:09,+0157557075,+0781830799,+00106280,04
XQ,+099579,-0615,+0672,-0603,2026/10/08,09:09:10,+0157558328,+0781830861,+00104027,04
XQ,+099582,-0634,+0672,-0606,2026/10/08,09:09:11,+0157560108,+0781830846,+00103886,04
XQ,+099577,-0639,+0672,-0607,2026/10/08,09:09:12,+0157558882,+0781830909,+00104480,04
XQ,+099579,-0640,+0671,-0607,2026/10/08,09:09:13,+0157559164,+0781830916,+00101474,04
XQ,+099576,-0649,+0672,-0607,2026/10/08,09:09:14,+0157559316,+0781830912,+00100388,04
XQ,+099576,-0650,+0672,-0610,2026/10/08,09:09:15,+0157560657,+0781830876,+00093903,04
XQ,+099577,-0646,+0672,-0610,2026/10/08,09:09:16,+0157560957,+0781830865,+00092051,04
XQ,+099580,-0647,+0672,-0608,2026/10/08,09:09:17,+0157561260,+0781830832,+00088079,04
XQ,+099580,-0645,+0672,-0608,2026/10/08,09:09:18,+0157561133,+0781830823,+00085745,04
XQ,+099579,-0661,+0672,-0610,2026/10/08,09:09:19,+0157561285,+0781830805,+00084280,05
XQ,+099579,-0665,+0671,-0611,2026/10/08,09:09:20,+0157561654,+0781830776,+00080749,05
XQ,+099582,-0668,+0671,-0613,2026/10/08,09:09:21,+0157561928,+0781830740,+00078273,06
XQ,+099578,-0665,+0672,-0613,2026/10/08,09:09:22,+0157562215,+0781830696,+00076209,06
XQ,+099578,-0670,+0672,-0613,2026/10/08,09:09:23,+0157562209,+0781830671,+00076212,06
XQ,+099579,-0664,+0673,-0614,2026/10/08,09:09:24,+0157562180,+0781830652,+00075914,06
XQ,+099579,-0651,+0673,-0614,2026/10/08,09:09:25,+0157562166,+0781830619,+00076277,06
XQ,+099580,-0656,+0673,-0615,2026/10/08,09:09:26,+0157562241,+0781830583,+00075425,06
XQ,+099579,-0669,+0673,-0617,2026/10/08,09:09:27,+0157562222,+0781830574,+00075055,06
XQ,+099579,-0671,+0673,-0617,2026/10/08,09:09:28,+0157562388,+0781830539,+00075028,06
XQ,+099580,-0670,+0673,-0617,2026/10/08,09:09:29,+0157562563,+0781830520,+00075465,06
XQ,+099578,-0664,+0673,-0617,2026/10/08,09:09:30,+0157562795,+0781830502,+00076563,06
XQ,+099579,-0653,+0674,-0617,2026/10/08,09:09:31,+0157562889,+0781830485,+00076314,07
XQ,+099581,-0641,+0676,-0617,2026/10/08,09:09:32,+0157562908,+0781830472,+00076105,07
XQ,+099578,-0641,+0677,-0615,2026/10/08,09:09:33,+0157562880,+0781830442,+00074632,08
XQ,+099579,-0633,+0678,-0614,2026/10/08,09:09:34,+0157562942,+0781830429,+00074515,08
XQ,+099578,-0624,+0679,-0614,2026/10/08,09:09:35,+0157563109,+0781830408,+00073869,08
XQ,+099581,-0621,+0679,-0613,2026/10/08,09:09:36,+0157563108,+0781830397,+00074322,08
XQ,+099579,-0630,+0679,-0613,2026/10/08,09:09:37,+0157563007,+0781830379,+00075577,09
XQ,+099580,-0632,+0680,-0614,2026/10/08,09:09:38,+0157563015,+0781830362,+00075734,09
XQ,+099577,-0618,+0682,-0611,2026/10/08,09:09:39,+0157563045,+0781830363,+00074970,11
XQ,+099580,-0623,+0682,-0611,2026/10/08,09:09:40,+0157563040,+0781830371,+00074459,11
XQ,+099581,-0627,+0683,-0611,2026/10/08,09:09:41,+0157562992,+0781830371,+00074393,11
XQ,+099580,-0637,+0684,-0611,2026/10/08,09:09:42,+0157563020,+0781830381,+00074980,11
XQ,+099579,-0640,+0684,-0611,2026/10/08,09:09:43,+0157563038,+0781830407,+00076113,11
XQ,+099580,-0648,+0684,-0613,2026/10/08,09:09:44,+0157562927,+0781830417,+00076422,11
XQ,+099585,-0643,+0684,-0611,2026/10/08,09:09:45,+0157562842,+0781830425,+00076063,11
XQ,+099579,-0634,+0684,-0611,2026/10/08,09:09:46,+0157562769,+0781830435,+00075699,11
XQ,+099580,-0621,+0684,-0610,2026/10/08,09:09:47,+0157562772,+0781830450,+00076145,11
XQ,+099580,-0614,+0684,-0610,2026/10/08,09:09:48,+0157562841,+0781830453,+00076393,11
XQ,+099578,-0634,+0683,-0611,2026/10/08,09:09:49,+0157562887,+0781830445,+00076313,11
XQ,+099580,-0641,+0683,-0613,2026/10/08,09:09:50,+0157562892,+0781830444,+00076747,11
XQ,+099578,-0647,+0682,-0613,2026/10/08,09:09:51,+0157562862,+0781830441,+00076774,11
XQ,+099582,-0653,+0681,-0614,2026/10/08,09:09:52,+0157562823,+0781830452,+00076727,11
XQ,+099581,-0655,+0681,-0615,2026/10/08,09:09:53,+0157562853,+0781830441,+00076176,11
XQ,+099579,-0658,+0681,-0617,2026/10/08,09:09:54,+0157562888,+0781830444,+00075830,11
XQ,+099578,-0662,+0680,-0619,2026/10/08,09:09:55,+0157562866,+0781830459,+00076119,11
XQ,+099579,-0643,+0680,-0618,2026/10/08,09:09:56,+0157562827,+0781830464,+00076150,11
XQ,+099579,-0640,+0680,-0618,2026/10/08,09:09:57,+0157562851,+0781830468,+00076539,11
XQ,+099583,-0642,+0680,-0619,2026/10/08,09:09:58,+0157562856,+0781830473,+00076817,11
XQ,+099578,-0640,+0680,-0619,2026/10/08,09:09:59,+0157562897,+0781830491,+00076347,11
XQ,+099575,-0638,+0680,-0621,2026/10/08,09:10:00,+0157562827,+0781830495,+00076688,10
XQ,+099580,-0644,+0680,-0622,2026/10/08,09:10:01,+0157562832,+0781830495,+00076741,11
XQ,+099578,-0643,+0680,-0622,2026/10/08,09:10:02,+0157562827,+0781830498,+00076576,11
XQ,+099581,-0640,+0680,-0622,2026/10/08,09:10:03,+0157562787,+0781830502,+00076055,11
XQ,+099578,-0634,+0680,-0622,2026/10/08,09:10:04,+0157562788,+0781830502,+00075287,11
XQ,+099577,-0639,+0680,-0627,2026/10/08,09:10:05,+0157562815,+0781830503,+00074872,11
XQ,+099579,-0638,+0680,-0627,2026/10/08,09:10:06,+0157562772,+0781830507,+00074621,11
XQ,+099574,-0630,+0680,-0626,2026/10/08,09:10:07,+0157562721,+0781830521,+00074814,11
XQ,+099572,-0623,+0680,-0626,2026/10/08,09:10:08,+0157562790,+0781830543,+00075772,11
XQ,+099554,-0596,+0680,-0621,2026/10/08,09:10:09,+0157562758,+0781830560,+00076039,11
XQ,+099544,-0567,+0680,-0617,2026/10/08,09:10:10,+0157562879,+0781830552,+00076619,11
XQ,+099542,-0561,+0679,-0613,2026/10/08,09:10:11,+0157563094,+0781830524,+00075558,11
XQ,+099546,-0559,+0679,-0611,2026/10/08,09:10:12,+0157563094,+0781830500,+00076178,11
XQ,+099549,-0552,+0679,-0608,2026/10/08,09:10:13,+0157563164,+0781830480,+00076853,11
XQ,+099543,-0546,+0679,-0603,2026/10/08,09:10:14,+0157563145,+0781830469,+00076849,11
XQ,+099546,-0545,+0678,-0600,2026/10/08,09:10:15,+0157563068,+0781830463,+00076592,11
XQ,+099547,-0546,+0677,-0599,2026/10/08,09:10:16,+0157563056,+0781830457,+00076230,11
XQ,+099543,-0547,+0677,-0598,2026/10/08,09:10:17,+0157563067,+0781830461,+00076230,11
XQ,+099544,-0557,+0675,-0596,2026/10/08,09:10:18,+0157563045,+0781830469,+00076834,11
XQ,+099549,-0561,+0675,-0595,2026/10/08,09:10:19,+0157563042,+0781830461,+00077064,11
XQ,+099551,-0563,+0673,-0595,2026/10/08,09:10:20,+0157563032,+0781830464,+00077136,11
XQ,+099558,-0571,+0673,-0594,2026/10/08,09:10:21,+0157563092,+0781830484,+00077390,11
XQ,+099556,-0576,+0672,-0594,2026/10/08,09:10:22,+0157563197,+0781830504,+00078772,11
XQ,+099558,-0583,+0672,-0596,2026/10/08,09:10:23,+0157563346,+0781830497,+00080576,11
XQ,+099557,-0585,+0671,-0595,2026/10/08,09:10:24,+0157563339,+0781830505,+00081647,11
XQ,+099561,-0582,+0671,-0596,2026/10/08,09:10:25,+0157563401,+0781830492,+00081819,11
XQ,+099558,-0584,+0671,-0596,2026/10/08,09:10:26,+0157563528,+0781830471,+00081253,10
XQ,+099560,-0573,+0670,-0596,2026/10/08,09:10:27,+0157563522,+0781830468,+00081512,10
XQ,+099553,-0573,+0670,-0596,2026/10/08,09:10:28,+0157563440,+0781830488,+00082570,10
XQ,+099544,-0562,+0669,-0594,2026/10/08,09:10:29,+0157563451,+0781830475,+00082731,11
XQ,+099539,-0559,+0669,-0592,2026/10/08,09:10:30,+0157563385,+0781830465,+00083170,11
XQ,+099530,-0556,+0669,-0589,2026/10/08,09:10:31,+0157563126,+0781830447,+00082595,11
XQ,+099531,-0554,+0668,-0588,2026/10/08,09:10:32,+0157562610,+0781830421,+00080810,11
XQ,+099528,-0551,+0668,-0587,2026/10/08,09:10:33,+0157562154,+0781830408,+00079410,11
XQ,+099529,-0549,+0667,-0584,2026/10/08,09:10:34,+0157562111,+0781830412,+00079678,11
XQ,+099528,-0553,+0667,-0583,2026/10/08,09:10:35,+0157562053,+0781830411,+00079636,11
XQ,+099533,-0554,+0666,-0584,2026/10/08,09:10:36,+0157562125,+0781830418,+00079632,11
XQ,+099530,-0556,+0665,-0583,2026/10/08,09:10:37,+0157562193,+0781830433,+00079434,11
XQ,+099532,-0555,+0665,-0581,2026/10/08,09:10:38,+0157562268,+0781830447,+00079097,11
XQ,+099526,-0552,+0665,-0580,2026/10/08,09:10:39,+0157562246,+0781830455,+00079750,11
XQ,+099526,-0553,+0664,-0581,2026/10/08,09:10:40,+0157562233,+0781830452,+00079729,11
XQ,+099527,-0555,+0663,-0580,2026/10/08,09:10:41,+0157562238,+0781830453,+00079077,11
XQ,+099536,-0556,+0663,-0579,2026/10/08,09:10:42,+0157562335,+0781830449,+00078903,11
XQ,+099548,-0553,+0662,-0579,2026/10/08,09:10:43,+0157562318,+0781830447,+00078830,11
XQ,+099559,-0556,+0662,-0576,2026/10/08,09:10:44,+0157562408,+0781830433,+00078852,11
XQ,+099558,-0554,+0661,-0577,2026/10/08,09:10:45,+0157562642,+0781830422,+00079577,11
XQ,+099562,-0555,+0660,-0576,2026/10/08,09:10:46,+0157562705,+0781830403,+00079167,11
XQ,+099560,-0564,+0660,-0577,2026/10/08,09:10:47,+0157562737,+0781830409,+00079280,11
XQ,+099559,-0569,+0660,-0577,2026/10/08,09:10:48,+0157562787,+0781830408,+00078822,11
XQ,+099561,-0577,+0660,-0579,2026/10/08,09:10:49,+0157562795,+0781830417,+00078516,11
XQ,+099560,-0577,+0660,-0579,2026/10/08,09:10:50,+0157562733,+0781830409,+00077615,10
XQ,+099559,-0587,+0660,-0580,2026/10/08,09:10:51,+0157562561,+0781830431,+00077732,11
XQ,+099548,-0564,+0660,-0580,2026/10/08,09:10:52,+0157562492,+0781830422,+00078505,11
XQ,+099540,-0556,+0660,-0577,2026/10/08,09:10:53,+0157562514,+0781830397,+00079274,11
XQ,+099536,-0555,+0660,-0577,2026/10/08,09:10:54,+0157562567,+0781830380,+00079118,11
XQ,+099532,-0555,+0660,-0577,2026/10/08,09:10:55,+0157562506,+0781830368,+00078299,11
XQ,+099534,-0556,+0660,-0576,2026/10/08,09:10:56,+0157562384,+0781830361,+00077492,11
XQ,+099530,-0556,+0659,-0575,2026/10/08,09:10:57,+0157562266,+0781830353,+00076848,11
XQ,+099534,-0556,+0659,-0573,2026/10/08,09:10:58,+0157562240,+0781830349,+00076975,11
XQ,+099536,-0549,+0659,-0572,2026/10/08,09:10:59,+0157562217,+0781830334,+00077113,11
XQ,+099535,-0540,+0659,-0570,2026/10/08,09:11:00,+0157562172,+0781830333,+00077243,11
XQ,+099531,-0538,+0659,-0570,2026/10/08,09:11:01,+0157562244,+0781830341,+00077845,11
XQ,+099528,-0536,+0659,-0568,2026/10/08,09:11:02,+0157562302,+0781830359,+00078281,11
XQ,+099525,-0533,+0659,-0566,2026/10/08,09:11:03,+0157562335,+0781830358,+00078437,11
XQ,+099516,-0531,+0659,-0564,2026/10/08,09:11:04,+0157562300,+0781830361,+00078716,11
XQ,+099510,-0532,+0659,-0564,2026/10/08,09:11:05,+0157562320,+0781830362,+00079751,11
XQ,+099502,-0533,+0658,-0560,2026/10/08,09:11:06,+0157562404,+0781830330,+00079128,11
XQ,+099492,-0533,+0658,-0560,2026/10/08,09:11:07,+0157562264,+0781830321,+00078413,11
XQ,+099486,-0533,+0658,-0560,2026/10/08,09:11:08,+0157562123,+0781830302,+00078477,11
XQ,+099477,-0534,+0657,-0560,2026/10/08,09:11:09,+0157562164,+0781830315,+00080372,11
XQ,+099469,-0538,+0657,-0559,2026/10/08,09:11:10,+0157562231,+0781830299,+00080985,11
XQ,+099457,-0539,+0656,-0559,2026/10/08,09:11:11,+0157562174,+0781830298,+00081354,11
XQ,+099452,-0540,+0655,-0559,2026/10/08,09:11:12,+0157562192,+0781830314,+00082078,11
XQ,+099439,-0536,+0655,-0557,2026/10/08,09:11:13,+0157562324,+0781830305,+00082149,11
XQ,+099434,-0530,+0655,-0556,2026/10/08,09:11:14,+0157562392,+0781830287,+00082412,11
XQ,+099420,-0526,+0655,-0554,2026/10/08,09:11:15,+0157562493,+0781830286,+00083587,11
XQ,+099411,-0523,+0655,-0553,2026/10/08,09:11:16,+0157562552,+0781830269,+00083864,11
XQ,+099402,-0519,+0655,-0552,2026/10/08,09:11:17,+0157562558,+0781830271,+00085772,11
XQ,+099387,-0517,+0655,-0550,2026/10/08,09:11:18,+0157562507,+0781830250,+00086459,11
XQ,+099378,-0516,+0654,-0549,2026/10/08,09:11:19,+0157562353,+0781830240,+00087400,11
XQ,+099369,-0512,+0654,-0548,2026/10/08,09:11:20,+0157562227,+0781830266,+00088462,11
XQ,+099354,-0508,+0654,-0544,2026/10/08,09:11:21,+0157562181,+0781830292,+00089766,11
XQ,+099338,-0501,+0654,-0543,2026/10/08,09:11:22,+0157562211,+0781830300,+00091911,10
XQ,+099326,-0496,+0653,-0541,2026/10/08,09:11:23,+0157562239,+0781830316,+00094347,11
XQ,+099320,-0491,+0653,-0539,2026/10/08,09:11:24,+0157562219,+0781830315,+00095228,11
XQ,+099307,-0485,+0653,-0537,2026/10/08,09:11:25,+0157562161,+0781830295,+00095194,11
XQ,+099295,-0479,+0652,-0534,2026/10/08,09:11:26,+0157562027,+0781830301,+00095394,10
XQ,+099282,-0478,+0651,-0532,2026/10/08,09:11:27,+0157561971,+0781830284,+00095864,11
XQ,+099275,-0477,+0651,-0528,2026/10/08,09:11:28,+0157561914,+0781830284,+00097823,11
XQ,+099259,-0475,+0650,-0528,2026/10/08,09:11:29,+0157561943,+0781830285,+00099918,10
XQ,+099251,-0467,+0649,-0525,2026/10/08,09:11:30,+0157562030,+0781830296,+00102196,10
XQ,+099237,-0465,+0648,-0522,2026/10/08,09:11:31,+0157562137,+0781830321,+00104431,11
XQ,+099229,-0461,+0648,-0520,2026/10/08,09:11:32,+0157562203,+0781830340,+00106754,11
XQ,+099213,-0458,+0647,-0517,2026/10/08,09:11:33,+0157562196,+0781830347,+00108865,11
XQ,+099199,-0455,+0646,-0514,2026/10/08,09:11:34,+0157562151,+0781830357,+00110455,11
XQ,+099185,-0456,+0645,-0513,2026/10/08,09:11:35,+0157562002,+0781830359,+00111544,11
XQ,+099178,-0456,+0644,-0510,2026/10/08,09:11:36,+0157561842,+0781830370,+00112920,11
XQ,+099166,-0457,+0643,-0507,2026/10/08,09:11:37,+0157561805,+0781830387,+00114224,11
XQ,+099166,-0458,+0642,-0507,2026/10/08,09:11:38,+0157561686,+0781830378,+00114494,11
XQ,+099155,-0458,+0641,-0505,2026/10/08,09:11:39,+0157561596,+0781830374,+00115971,12
XQ,+099145,-0457,+0640,-0503,2026/10/08,09:11:40,+0157561572,+0781830350,+00115774,12
XQ,+099131,-0458,+0639,-0502,2026/10/08,09:11:41,+0157561488,+0781830354,+00116459,12
XQ,+099118,-0458,+0638,-0501,2026/10/08,09:11:42,+0157561307,+0781830350,+00117813,12
XQ,+099110,-0459,+0637,-0498,2026/10/08,09:11:43,+0157561287,+0781830324,+00117783,12
XQ,+099098,-0461,+0636,-0497,2026/10/08,09:11:44,+0157561367,+0781830308,+00117467,12
XQ,+099087,-0462,+0636,-0501,2026/10/08,09:11:45,+0157561339,+0781830321,+00118167,12
XQ,+099072,-0464,+0635,-0498,2026/10/08,09:11:46,+0157561328,+0781830303,+00118495,12
XQ,+099063,-0465,+0635,-0495,2026/10/08,09:11:47,+0157561302,+0781830280,+00119139,12
XQ,+099051,-0463,+0634,-0494,2026/10/08,09:11:48,+0157561276,+0781830263,+00119443,12
XQ,+099037,-0464,+0633,-0494,2026/10/08,09:11:49,+0157561333,+0781830239,+00119076,12
XQ,+099030,-0465,+0632,-0494,2026/10/08,09:11:50,+0157561288,+0781830232,+00119279,12
XQ,+099026,-0464,+0632,-0494,2026/10/08,09:11:51,+0157561169,+0781830247,+00119730,12
XQ,+099028,-0463,+0631,-0493,2026/10/08,09:11:52,+0157561064,+0781830277,+00120190,11
XQ,+099021,-0464,+0630,-0493,2026/10/08,09:11:53,+0157561042,+0781830295,+00120137,11
XQ,+099018,-0463,+0630,-0491,2026/10/08,09:11:54,+0157561147,+0781830308,+00119732,12
XQ,+099014,-0463,+0629,-0490,2026/10/08,09:11:55,+0157561102,+0781830302,+00120151,12
XQ,+099001,-0462,+0629,-0491,2026/10/08,09:11:56,+0157560970,+0781830293,+00121136,12
XQ,+098989,-0465,+0629,-0489,2026/10/08,09:11:57,+0157560846,+0781830296,+00121748,12
XQ,+098976,-0464,+0628,-0490,2026/10/08,09:11:58,+0157560757,+0781830294,+00122820,12
XQ,+098969,-0465,+0628,-0489,2026/10/08,09:11:59,+0157560788,+0781830264,+00123689,12
XQ,+098953,-0468,+0628,-0489,2026/10/08,09:12:00,+0157560677,+0781830301,+00125032,12
XQ,+098942,-0469,+0627,-0487,2026/10/08,09:12:01,+0157560676,+0781830310,+00124966,12
XQ,+098930,-0467,+0626,-0489,2026/10/08,09:12:02,+0157560729,+0781830318,+00125891,12
XQ,+098919,-0467,+0626,-0489,2026/10/08,09:12:03,+0157560685,+0781830327,+00127045,12
XQ,+098908,-0468,+0626,-0487,2026/10/08,09:12:04,+0157560825,+0781830269,+00126598,12
XQ,+098898,-0469,+0625,-0489,2026/10/08,09:12:05,+0157560977,+0781830241,+00127325,13
XQ,+098883,-0472,+0626,-0489,2026/10/08,09:12:06,+0157561026,+0781830238,+00128707,13
XQ,+098877,-0468,+0625,-0487,2026/10/08,09:12:07,+0157561047,+0781830247,+00129387,12
XQ,+098864,-0462,+0625,-0487,2026/10/08,09:12:08,+0157560985,+0781830251,+00130797,12
XQ,+098857,-0462,+0625,-0486,2026/10/08,09:12:09,+0157560932,+0781830253,+00131627,12
XQ,+098845,-0460,+0624,-0485,2026/10/08,09:12:10,+0157560939,+0781830261,+00132915,13
XQ,+098833,-0458,+0624,-0485,2026/10/08,09:12:11,+0157560909,+0781830267,+00133523,12
XQ,+098822,-0458,+0624,-0483,2026/10/08,09:12:12,+0157560872,+0781830259,+00134244,13
XQ,+098804,-0459,+0623,-0483,2026/10/08,09:12:13,+0157560799,+0781830259,+00135530,13
XQ,+098798,-0457,+0623,-0482,2026/10/08,09:12:14,+0157560778,+0781830248,+00136307,13
XQ,+098782,-0458,+0622,-0483,2026/10/08,09:12:15,+0157560758,+0781830239,+00136716,13
XQ,+098776,-0457,+0622,-0481,2026/10/08,09:12:16,+0157560606,+0781830231,+00138463,13
XQ,+098764,-0458,+0622,-0482,2026/10/08,09:12:17,+0157560512,+0781830216,+00140286,13
XQ,+098750,-0458,+0621,-0481,2026/10/08,09:12:18,+0157560478,+0781830207,+00141836,12
XQ,+098734,-0460,+0621,-0482,2026/10/08,09:12:19,+0157560483,+0781830203,+00143148,13
XQ,+098722,-0464,+0621,-0481,2026/10/08,09:12:20,+0157560435,+0781830187,+00143641,13
XQ,+098713,-0467,+0620,-0482,2026/10/08,09:12:21,+0157560423,+0781830180,+00144430,12
XQ,+098703,-0468,+0619,-0482,2026/10/08,09:12:22,+0157560361,+0781830173,+00145449,12
XQ,+098690,-0468,+0619,-0481,2026/10/08,09:12:23,+0157560296,+0781830170,+00146795,13
XQ,+098677,-0467,+0619,-0481,2026/10/08,09:12:24,+0157560298,+0781830185,+00147808,13
XQ,+098664,-0469,+0619,-0482,2026/10/08,09:12:25,+0157560175,+0781830195,+00149716,13
XQ,+098655,-0469,+0619,-0482,2026/10/08,09:12:26,+0157560031,+0781830196,+00151157,11
XQ,+098638,-0467,+0619,-0482,2026/10/08,09:12:27,+0157559952,+0781830202,+00152668,13
XQ,+098629,-0466,+0618,-0482,2026/10/08,09:12:28,+0157559995,+0781830220,+00153794,12
XQ,+098616,-0465,+0618,-0482,2026/10/08,09:12:29,+0157560046,+0781830235,+00154810,12
XQ,+098607,-0462,+0618,-0481,2026/10/08,09:12:30,+0157560054,+0781830240,+00156195,12
XQ,+098595,-0464,+0618,-0481,2026/10/08,09:12:31,+0157560024,+0781830227,+00157938,13
XQ,+098583,-0465,+0618,-0481,2026/10/08,09:12:32,+0157559962,+0781830213,+00158808,13
XQ,+098574,-0464,+0618,-0481,2026/10/08,09:12:33,+0157559884,+0781830222,+00159648,12
XQ,+098561,-0465,+0617,-0481,2026/10/08,09:12:34,+0157559889,+0781830236,+00160165,12
XQ,+098547,-0462,+0617,-0481,2026/10/08,09:12:35,+0157559844,+0781830240,+00161292,12
XQ,+098539,-0455,+0616,-0478,2026/10/08,09:12:36,+0157559823,+0781830224,+00162193,13
XQ,+098526,-0450,+0615,-0478,2026/10/08,09:12:37,+0157559852,+0781830214,+00163284,13
XQ,+098516,-0450,+0615,-0476,2026/10/08,09:12:38,+0157559814,+0781830210,+00164407,12
XQ,+098501,-0449,+0614,-0476,2026/10/08,09:12:39,+0157559630,+0781830175,+00165148,13
XQ,+098494,-0449,+0613,-0475,2026/10/08,09:12:40,+0157559668,+0781830179,+00166020,12
XQ,+098483,-0450,+0612,-0475,2026/10/08,09:12:41,+0157559625,+0781830172,+00167454,13
XQ,+098467,-0451,+0612,-0474,2026/10/08,09:12:42,+0157559638,+0781830181,+00168972,12
XQ,+098459,-0451,+0611,-0474,2026/10/08,09:12:43,+0157559354,+0781830137,+00170366,13
XQ,+098448,-0452,+0611,-0474,2026/10/08,09:12:44,+0157559421,+0781830147,+00171104,12
XQ,+098435,-0454,+0610,-0472,2026/10/08,09:12:45,+0157559533,+0781830139,+00171781,12
XQ,+098421,-0454,+0610,-0474,2026/10/08,09:12:46,+0157559605,+0781830132,+00172596,12
XQ,+098414,-0455,+0610,-0472,2026/10/08,09:12:47,+0157559671,+0781830137,+00173373,12
XQ,+098401,-0456,+0609,-0474,2026/10/08,09:12:48,+0157559770,+0781830138,+00173951,12
XQ,+098388,-0457,+0609,-0472,2026/10/08,09:12:49,+0157559692,+0781830124,+00175093,13
XQ,+098379,-0456,+0608,-0472,2026/10/08,09:12:50,+0157559681,+0781830121,+00176312,11
XQ,+098367,-0456,+0608,-0472,2026/10/08,09:12:51,+0157559597,+0781830125,+00177751,12
XQ,+098359,-0456,+0608,-0471,2026/10/08,09:12:52,+0157559639,+0781830111,+00179054,11
XQ,+098346,-0456,+0607,-0472,2026/10/08,09:12:53,+0157559747,+0781830121,+00180162,12
XQ,+098333,-0456,+0607,-0472,2026/10/08,09:12:54,+0157559766,+0781830135,+00180942,12
XQ,+098320,-0458,+0606,-0474,2026/10/08,09:12:55,+0157559723,+0781830152,+00181829,12
XQ,+098313,-0458,+0606,-0472,2026/10/08,09:12:56,+0157559762,+0781830150,+00182611,12
XQ,+098299,-0460,+0606,-0472,2026/10/08,09:12:57,+0157559826,+0781830144,+00183491,12
XQ,+098284,-0460,+0606,-0474,2026/10/08,09:12:58,+0157559870,+0781830142,+00184003,12
XQ,+098278,-0461,+0605,-0474,2026/10/08,09:12:59,+0157559861,+0781830157,+00184856,11
XQ,+098262,-0462,+0605,-0474,2026/10/08,09:13:00,+0157559878,+0781830176,+00185249,12
XQ,+098256,-0462,+0605,-0474,2026/10/08,09:13:01,+0157559934,+0781830199,+00186091,12
XQ,+098244,-0463,+0605,-0474,2026/10/08,09:13:02,+0157560020,+0781830221,+00187052,12
XQ,+098236,-0464,+0605,-0475,2026/10/08,09:13:03,+0157560071,+0781830228,+00187804,12
XQ,+098220,-0465,+0604,-0474,2026/10/08,09:13:04,+0157560066,+0781830238,+00188980,12
XQ,+098209,-0465,+0605,-0475,2026/10/08,09:13:05,+0157560057,+0781830250,+00190265,13
XQ,+098198,-0466,+0605,-0475,2026/10/08,09:13:06,+0157560146,+0781830258,+00191564,13
XQ,+098183,-0466,+0605,-0475,2026/10/08,09:13:07,+0157560190,+0781830267,+00193072,12
XQ,+098173,-0466,+0604,-0476,2026/10/08,09:13:08,+0157560140,+0781830258,+00194204,12
XQ,+098166,-0468,+0605,-0476,2026/10/08,09:13:09,+0157560108,+0781830246,+00194872,13
XQ,+098165,-0469,+0605,-0476,2026/10/08,09:13:10,+0157560192,+0781830258,+00195007,12
XQ,+098166,-0469,+0605,-0476,2026/10/08,09:13:11,+0157560137,+0781830247,+00195033,12
XQ,+098167,-0468,+0605,-0476,2026/10/08,09:13:12,+0157560208,+0781830233,+00194947,12
XQ,+098173,-0469,+0605,-0479,2026/10/08,09:13:13,+0157560309,+0781830222,+00195303,13
XQ,+098166,-0468,+0605,-0476,2026/10/08,09:13:14,+0157560463,+0781830234,+00196088,13
XQ,+098168,-0467,+0605,-0479,2026/10/08,09:13:15,+0157560493,+0781830256,+00196628,13
XQ,+098165,-0467,+0605,-0478,2026/10/08,09:13:16,+0157560531,+0781830276,+00196920,13
XQ,+098163,-0469,+0605,-0479,2026/10/08,09:13:17,+0157560643,+0781830281,+00197298,13
XQ,+098163,-0468,+0605,-0479,2026/10/08,09:13:18,+0157560697,+0781830318,+00198033,13
XQ,+098167,-0468,+0605,-0481,2026/10/08,09:13:19,+0157560714,+0781830335,+00198503,13
XQ,+098162,-0468,+0605,-0481,2026/10/08,09:13:20,+0157560694,+0781830334,+00198962,13
XQ,+098161,-0468,+0605,-0481,2026/10/08,09:13:21,+0157560664,+0781830327,+00199166,13
XQ,+098159,-0468,+0605,-0481,2026/10/08,09:13:22,+0157560656,+0781830329,+00199424,13
XQ,+098166,-0464,+0605,-0479,2026/10/08,09:13:23,+0157560668,+0781830354,+00198019,13
XQ,+098193,-0458,+0605,-0478,2026/10/08,09:13:24,+0157560679,+0781830360,+00194967,13
XQ,+098238,-0455,+0605,-0476,2026/10/08,09:13:25,+0157560691,+0781830348,+00191928,13
XQ,+098272,-0451,+0605,-0475,2026/10/08,09:13:26,+0157560814,+0781830326,+00188309,13
XQ,+098311,-0448,+0605,-0472,2026/10/08,09:13:27,+0157560925,+0781830328,+00185181,13
XQ,+098347,-0448,+0605,-0472,2026/10/08,09:13:28,+0157561034,+0781830346,+00182258,12
XQ,+098393,-0449,+0605,-0471,2026/10/08,09:13:29,+0157561018,+0781830353,+00179047,12
XQ,+098421,-0445,+0605,-0470,2026/10/08,09:13:30,+0157561020,+0781830371,+00176516,12
XQ,+098466,-0445,+0605,-0467,2026/10/08,09:13:31,+0157561067,+0781830389,+00173553,12
XQ,+098494,-0449,+0605,-0467,2026/10/08,09:13:32,+0157561158,+0781830400,+00170597,12
XQ,+098537,-0445,+0605,-0466,2026/10/08,09:13:33,+0157561260,+0781830405,+00167960,12
XQ,+098554,-0440,+0604,-0464,2026/10/08,09:13:34,+0157561270,+0781830408,+00165460,12
XQ,+098588,-0442,+0604,-0463,2026/10/08,09:13:35,+0157561228,+0781830416,+00162992,12
XQ,+098625,-0449,+0605,-0463,2026/10/08,09:13:36,+0157561184,+0781830428,+00160411,12
XQ,+098660,-0450,+0605,-0462,2026/10/08,09:13:37,+0157561143,+0781830429,+00157785,12
XQ,+098689,-0450,+0605,-0463,2026/10/08,09:13:38,+0157561134,+0781830449,+00155553,12
XQ,+098730,-0450,+0606,-0463,2026/10/08,09:13:39,+0157561138,+0781830456,+00153244,12
XQ,+098747,-0450,+0606,-0463,2026/10/08,09:13:40,+0157561151,+0781830443,+00150478,13
XQ,+098791,-0455,+0606,-0463,2026/10/08,09:13:41,+0157561162,+0781830444,+00147929,12
XQ,+098818,-0456,+0607,-0463,2026/10/08,09:13:42,+0157561228,+0781830449,+00144471,12
XQ,+098850,-0452,+0607,-0463,2026/10/08,09:13:43,+0157561282,+0781830440,+00140236,12
XQ,+098884,-0448,+0608,-0462,2026/10/08,09:13:44,+0157561220,+0781830440,+00137761,13
XQ,+098920,-0445,+0608,-0462,2026/10/08,09:13:45,+0157561255,+0781830440,+00134632,13
XQ,+098947,-0440,+0608,-0459,2026/10/08,09:13:46,+0157561317,+0781830451,+00131069,13
XQ,+098989,-0443,+0608,-0460,2026/10/08,09:13:47,+0157561358,+0781830465,+00128071,13
XQ,+099028,-0445,+0608,-0457,2026/10/08,09:13:48,+0157561389,+0781830459,+00125401,13
XQ,+099053,-0453,+0609,-0459,2026/10/08,09:13:49,+0157561414,+0781830468,+00122701,13
XQ,+099092,-0460,+0609,-0462,2026/10/08,09:13:50,+0157561503,+0781830490,+00120138,13
XQ,+099128,-0467,+0609,-0464,2026/10/08,09:13:51,+0157561630,+0781830522,+00116572,13
XQ,+099148,-0471,+0610,-0467,2026/10/08,09:13:52,+0157561622,+0781830537,+00113171,13
XQ,+099195,-0475,+0610,-0468,2026/10/08,09:13:53,+0157561566,+0781830538,+00110090,13
XQ,+099225,-0478,+0611,-0471,2026/10/08,09:13:54,+0157561597,+0781830553,+00107488,13
XQ,+099256,-0490,+0611,-0472,2026/10/08,09:13:55,+0157561711,+0781830564,+00103635,13
XQ,+099301,-0494,+0612,-0476,2026/10/08,09:13:56,+0157561726,+0781830588,+00100592,13
XQ,+099333,-0499,+0612,-0479,2026/10/08,09:13:57,+0157561774,+0781830582,+00097367,13
XQ,+099363,-0501,+0613,-0483,2026/10/08,09:13:58,+0157561878,+0781830604,+00094186,13
XQ,+099403,-0499,+0614,-0483,2026/10/08,09:13:59,+0157561955,+0781830614,+00091110,13
XQ,+099431,-0503,+0615,-0486,2026/10/08,09:14:00,+0157561890,+0781830582,+00089625,13
XQ,+099430,-0513,+0615,-0490,2026/10/08,09:14:01,+0157562019,+0781830571,+00088217,13
XQ,+099464,-0542,+0616,-0495,2026/10/08,09:14:02,+0157562173,+0781830566,+00087010,13
XQ,+099462,-0563,+0617,-0503,2026/10/08,09:14:03,+0157562122,+0781830560,+00086323,13
XQ,+099475,-0575,+0618,-0511,2026/10/08,09:14:04,+0157562050,+0781830578,+00086403,13
XQ,+099485,-0581,+0619,-0518,2026/10/08,09:14:05,+0157562086,+0781830600,+00085891,13
XQ,+099496,-0583,+0621,-0524,2026/10/08,09:14:06,+0157562037,+0781830611,+00085150,13
XQ,+099504,-0585,+0623,-0528,2026/10/08,09:14:07,+0157562055,+0781830606,+00084412,13
XQ,+099513,-0588,+0625,-0532,2026/10/08,09:14:08,+0157562151,+0781830604,+00083777,13
XQ,+099520,-0587,+0626,-0536,2026/10/08,09:14:09,+0157562188,+0781830602,+00083669,13
XQ,+099527,-0589,+0628,-0540,2026/10/08,09:14:10,+0157562291,+0781830598,+00083744,13
XQ,+099535,-0602,+0629,-0544,2026/10/08,09:14:11,+0157562308,+0781830585,+00083413,13
XQ,+099534,-0600,+0630,-0546,2026/10/08,09:14:12,+0157562266,+0781830591,+00083687,13
XQ,+099538,-0603,+0632,-0552,2026/10/08,09:14:13,+0157562303,+0781830589,+00083978,13
XQ,+099540,-0604,+0634,-0556,2026/10/08,09:14:14,+0157562383,+0781830591,+00084607,13
XQ,+099542,-0607,+0635,-0559,2026/10/08,09:14:15,+0157562540,+0781830583,+00085341,13
XQ,+099536,-0599,+0637,-0560,2026/10/08,09:14:16,+0157562669,+0781830572,+00085528,13
XQ,+099539,-0593,+0639,-0561,2026/10/08,09:14:17,+0157562628,+0781830580,+00085236,13
XQ,+099544,-0595,+0640,-0566,2026/10/08,09:14:18,+0157562608,+0781830566,+00085684,13
XQ,+099543,-0593,+0642,-0568,2026/10/08,09:14:19,+0157562595,+0781830571,+00085726,13
XQ,+099549,-0594,+0643,-0570,2026/10/08,09:14:20,+0157562661,+0781830587,+00085669,13
XQ,+099559,-0601,+0644,-0573,2026/10/08,09:14:21,+0157562655,+0781830593,+00085434,13
XQ,+099562,-0621,+0646,-0576,2026/10/08,09:14:22,+0157562656,+0781830572,+00085330,13
XQ,+099563,-0635,+0647,-0581,2026/10/08,09:14:23,+0157562679,+0781830544,+00085208,13
XQ,+099563,-0636,+0648,-0584,2026/10/08,09:14:24,+0157562722,+0781830535,+00085596,13
XQ,+099571,-0638,+0650,-0587,2026/10/08,09:14:25,+0157562778,+0781830526,+00086085,13
XQ,+099567,-0634,+0651,-0591,2026/10/08,09:14:26,+0157562940,+0781830526,+00086135,13
XQ,+099573,-0628,+0653,-0591,2026/10/08,09:14:27,+0157563127,+0781830548,+00086137,13
XQ,+099572,-0643,+0654,-0595,2026/10/08,09:14:28,+0157563040,+0781830536,+00085355,13
XQ,+099579,-0647,+0656,-0599,2026/10/08,09:14:29,+0157562870,+0781830517,+00084331,13
XQ,+099573,-0652,+0657,-0603,2026/10/08,09:14:30,+0157562802,+0781830511,+00083627,13
XQ,+099578,-0659,+0659,-0608,2026/10/08,09:14:31,+0157562806,+0781830513,+00083476,13
XQ,+099579,-0664,+0660,-0608,2026/10/08,09:14:32,+0157562796,+0781830512,+00083109,13
XQ,+099576,-0665,+0662,-0611,2026/10/08,09:14:33,+0157562779,+0781830501,+00082838,13
XQ,+099579,-0668,+0664,-0614,2026/10/08,09:14:34,+0157562808,+0781830506,+00083248,13
XQ,+099577,-0670,+0665,-0615,2026/10/08,09:14:35,+0157562895,+0781830515,+00083501,13
XQ,+099581,-0668,+0667,-0617,2026/10/08,09:14:36,+0157562979,+0781830520,+00083405,13
XQ,+099578,-0669,+0667,-0619,2026/10/08,09:14:37,+0157562974,+0781830522,+00082672,13
XQ,+099579,-0670,+0669,-0621,2026/10/08,09:14:38,+0157562965,+0781830527,+00082452,13
XQ,+099577,-0672,+0670,-0622,2026/10/08,09:14:39,+0157562969,+0781830529,+00082311,13
XQ,+099580,-0668,+0671,-0623,2026/10/08,09:14:40,+0157563003,+0781830546,+00082458,13
XQ,+099575,-0666,+0671,-0626,2026/10/08,09:14:41,+0157563002,+0781830554,+00082271,13
XQ,+099579,-0664,+0672,-0626,2026/10/08,09:14:42,+0157563031,+0781830563,+00082556,13
XQ,+099580,-0663,+0673,-0627,2026/10/08,09:14:43,+0157563103,+0781830567,+00082871,13
XQ,+099581,-0662,+0674,-0627,2026/10/08,09:14:44,+0157563211,+0781830576,+00083553,13
XQ,+099577,-0662,+0674,-0630,2026/10/08,09:14:45,+0157563269,+0781830588,+00083925,13
XQ,+099580,-0670,+0675,-0631,2026/10/08,09:14:46,+0157563318,+0781830597,+00083934,13
XQ,+099582,-0669,+0676,-0631,2026/10/08,09:14:47,+0157563217,+0781830609,+00082952,13
XQ,+099582,-0661,+0677,-0630,2026/10/08,09:14:48,+0157563273,+0781830633,+00082432,13
XQ,+099582,-0650,+0677,-0626,2026/10/08,09:14:49,+0157563322,+0781830629,+00082508,13
XQ,+099582,-0650,+0677,-0626,2026/10/08,09:14:50,+0157563319,+0781830613,+00082353,12
XQ,+099580,-0650,+0678,-0621,2026/10/08,09:14:51,+0157563335,+0781830589,+00082060,12
XQ,+099579,-0650,+0677,-0618,2026/10/08,09:14:52,+0157563344,+0781830571,+00081750,12
XQ,+099743,-0544,+0679,-0533,2026/10/08,09:23:04,+0157531386,+0781845016,+00056646,04
XQ,+099745,-0540,+0679,-0532,2026/10/08,09:23:05,+0157531460,+0781844677,+00053655,04
XQ,+099744,-0539,+0680,-0533,2026/10/08,09:23:06,+0157532374,+0781843617,+00037776,04
XQ,+099741,-0541,+0680,-0533,2026/10/08,09:23:07,+0157532920,+0781842968,+00027610,04
XQ,+099743,-0543,+0681,-0534,2026/10/08,09:23:08,+0157533021,+0781842756,+00024460,04
XQ,+099747,-0544,+0681,-0534,2026/10/08,09:23:09,+0157531290,+0781843842,+00042508,04
XQ,+099744,-0543,+0683,-0534,2026/10/08,09:23:10,+0157531271,+0781843818,+00042836,04
XQ,+099747,-0543,+0683,-0536,2026/10/08,09:23:11,+0157532055,+0781844384,+00039850,04
XQ,+099743,-0540,+0683,-0534,2026/10/08,09:23:12,+0157532093,+0781844296,+00038936,04
XQ,+099747,-0542,+0683,-0536,2026/10/08,09:23:13,+0157531923,+0781844243,+00040541,04
XQ,+099745,-0540,+0684,-0537,2026/10/08,09:23:14,+0157531822,+0781844071,+00040083,04
XQ,+099743,-0541,+0684,-0537,2026/10/08,09:23:15,+0157531794,+0781843965,+00039777,04
XQ,+099746,-0542,+0685,-0537,2026/10/08,09:23:16,+0157531730,+0781843951,+00040407,04
XQ,+099746,-0542,+0685,-0539,2026/10/08,09:23:17,+0157531629,+0781844015,+00042085,04
XQ,+099745,-0543,+0686,-0539,2026/10/08,09:23:18,+0157531612,+0781844052,+00042926,04
XQ,+099747,-0544,+0687,-0540,2026/10/08,09:23:19,+0157531636,+0781844081,+00042903,04
XQ,+099742,-0543,+0688,-0539,2026/10/08,09:23:20,+0157531648,+0781844040,+00042412,04
XQ,+099744,-0543,+0689,-0539,2026/10/08,09:23:21,+0157531674,+0781843970,+00041411,04
XQ,+099744,-0543,+0689,-0537,2026/10/08,09:23:22,+0157531606,+0781843977,+00041669,04
XQ,+099745,-0541,+0690,-0540,2026/10/08,09:23:23,+0157531345,+0781844175,+00044891,04
XQ,+099746,-0541,+0690,-0539,2026/10/08,09:23:24,+0157531207,+0781844264,+00046466,04
XQ,+099748,-0541,+0691,-0539,2026/10/08,09:23:25,+0157531072,+0781844292,+00047237,04
XQ,+099745,-0543,+0693,-0540,2026/10/08,09:23:26,+0157531054,+0781844347,+00048042,04
XQ,+099745,-0545,+0694,-0540,2026/10/08,09:23:27,+0157531096,+0781844308,+00047122,04
XQ,+099747,-0546,+0695,-0540,2026/10/08,09:23:28,+0157531067,+0781844413,+00047809,04
XQ,+099746,-0548,+0697,-0541,2026/10/08,09:23:29,+0157531011,+0781844462,+00048019,04
XQ,+099744,-0559,+0697,-0541,2026/10/08,09:23:30,+0157531148,+0781844410,+00046512,04
XQ,+099745,-0567,+0697,-0544,2026/10/08,09:23:31,+0157530232,+0781844277,+00053957,05
XQ,+099743,-0564,+0699,-0544,2026/10/08,09:23:32,+0157529831,+0781844177,+00056780,05
XQ,+099747,-0575,+0699,-0548,2026/10/08,09:23:33,+0157529522,+0781844207,+00060089,05
XQ,+099743,-0582,+0699,-0549,2026/10/08,09:23:34,+0157529345,+0781844254,+00063075,05
XQ,+099746,-0584,+0701,-0550,2026/10/08,09:23:35,+0157529204,+0781844280,+00065208,05
XQ,+099747,-0591,+0701,-0553,2026/10/08,09:23:36,+0157529134,+0781844241,+00065420,05
XQ,+099747,-0597,+0701,-0556,2026/10/08,09:23:37,+0157529106,+0781844144,+00064039,05
XQ,+099743,-0602,+0701,-0557,2026/10/08,09:23:38,+0157529049,+0781844100,+00063709,05
XQ,+099746,-0606,+0701,-0560,2026/10/08,09:23:39,+0157528816,+0781844413,+00068845,07
XQ,+099745,-0611,+0701,-0564,2026/10/08,09:23:40,+0157529145,+0781843778,+00062835,08
XQ,+099746,-0618,+0701,-0566,2026/10/08,09:23:41,+0157529239,+0781843471,+00060981,08
XQ,+099750,-0624,+0701,-0569,2026/10/08,09:23:42,+0157529202,+0781843365,+00060933,08
XQ,+099750,-0621,+0701,-0572,2026/10/08,09:23:43,+0157529192,+0781843263,+00060319,08
XQ,+099749,-0625,+0701,-0572,2026/10/08,09:23:44,+0157529152,+0781843200,+00060553,08
XQ,+099746,-0632,+0701,-0576,2026/10/08,09:23:45,+0157529117,+0781843217,+00061966,08
XQ,+099751,-0633,+0701,-0579,2026/10/08,09:23:46,+0157529110,+0781843220,+00062840,08
XQ,+099746,-0637,+0701,-0581,2026/10/08,09:23:47,+0157529138,+0781843259,+00063625,07
XQ,+099747,-0638,+0701,-0585,2026/10/08,09:23:48,+0157529196,+0781843156,+00062928,08
XQ,+099747,-0638,+0701,-0588,2026/10/08,09:23:49,+0157529246,+0781843090,+00062786,08
XQ,+099750,-0641,+0701,-0589,2026/10/08,09:23:50,+0157529321,+0781843045,+00062774,08
XQ,+099746,-0638,+0703,-0591,2026/10/08,09:23:51,+0157529382,+0781843016,+00062792,08
XQ,+099739,-0636,+0703,-0595,2026/10/08,09:23:52,+0157529349,+0781842979,+00063133,08
XQ,+099741,-0644,+0703,-0596,2026/10/08,09:23:53,+0157529386,+0781842920,+00062783,08
XQ,+099730,-0651,+0703,-0600,2026/10/08,09:23:54,+0157529460,+0781842878,+00063192,08
XQ,+099723,-0658,+0702,-0604,2026/10/08,09:23:55,+0157529506,+0781842862,+00064522,08
XQ,+099705,-0661,+0701,-0607,2026/10/08,09:23:56,+0157529672,+0781842887,+00064298,08
XQ,+099698,-0665,+0700,-0613,2026/10/08,09:23:57,+0157529891,+0781842892,+00064826,08
XQ,+099683,-0666,+0699,-0615,2026/10/08,09:23:58,+0157529985,+0781842889,+00065946,08
XQ,+099675,-0664,+0698,-0618,2026/10/08,09:23:59,+0157530031,+0781842894,+00066902,08
XQ,+099664,-0639,+0699,-0617,2026/10/08,09:24:00,+0157529931,+0781842908,+00067786,08
XQ,+099652,-0546,+0697,-0604,2026/10/08,09:24:01,+0157529759,+0781842886,+00068774,08
XQ,+099637,-0502,+0695,-0591,2026/10/08,09:24:02,+0157529662,+0781842892,+00070738,08
XQ,+099624,-0485,+0691,-0580,2026/10/08,09:24:03,+0157529561,+0781842896,+00071186,08
XQ,+099615,-0476,+0688,-0570,2026/10/08,09:24:04,+0157529499,+0781842899,+00072321,08
XQ,+099606,-0475,+0684,-0561,2026/10/08,09:24:05,+0157529506,+0781842916,+00074227,08
XQ,+099594,-0478,+0680,-0556,2026/10/08,09:24:06,+0157529487,+0781842925,+00075735,08
XQ,+099583,-0478,+0677,-0549,2026/10/08,09:24:07,+0157529376,+0781842916,+00076470,08
XQ,+099571,-0482,+0673,-0544,2026/10/08,09:24:08,+0157529286,+0781842912,+00076858,08
XQ,+099562,-0487,+0670,-0540,2026/10/08,09:24:09,+0157529321,+0781842922,+00078352,08
XQ,+099548,-0485,+0667,-0536,2026/10/08,09:24:10,+0157529352,+0781842915,+00079842,08
XQ,+099539,-0487,+0664,-0533,2026/10/08,09:24:11,+0157529348,+0781842934,+00082095,08
XQ,+099524,-0487,+0661,-0529,2026/10/08,09:24:12,+0157529340,+0781842959,+00083251,08
XQ,+099511,-0478,+0658,-0526,2026/10/08,09:24:13,+0157529409,+0781842961,+00083850,08
XQ,+099503,-0475,+0656,-0522,2026/10/08,09:24:14,+0157529519,+0781842975,+00085557,08
XQ,+099488,-0479,+0653,-0520,2026/10/08,09:24:15,+0157529540,+0781842993,+00087988,08
XQ,+099478,-0480,+0651,-0518,2026/10/08,09:24:16,+0157529748,+0781843025,+00089949,08
XQ,+099462,-0474,+0649,-0514,2026/10/08,09:24:17,+0157529881,+0781843042,+00090664,08
XQ,+099451,-0477,+0647,-0514,2026/10/08,09:24:18,+0157529930,+0781843041,+00091926,08
XQ,+099444,-0479,+0645,-0511,2026/10/08,09:24:19,+0157529942,+0781843069,+00093580,08
XQ,+099431,-0478,+0642,-0509,2026/10/08,09:24:20,+0157529845,+0781843065,+00093831,08
XQ,+099416,-0476,+0641,-0507,2026/10/08,09:24:21,+0157529864,+0781843039,+00093923,08
XQ,+099406,-0478,+0639,-0506,2026/10/08,09:24:22,+0157529947,+0781843089,+00094634,08
XQ,+099395,-0479,+0638,-0503,2026/10/08,09:24:23,+0157529913,+0781843127,+00096628,08
XQ,+099382,-0477,+0636,-0503,2026/10/08,09:24:24,+0157529810,+0781843145,+00098126,08
XQ,+099371,-0477,+0635,-0503,2026/10/08,09:24:25,+0157529744,+0781843134,+00098340,08
XQ,+099358,-0479,+0634,-0502,2026/10/08,09:24:26,+0157529703,+0781843097,+00099596,08
XQ,+099347,-0481,+0633,-0501,2026/10/08,09:24:27,+0157529667,+0781843105,+00100961,08
XQ,+099336,-0482,+0632,-0498,2026/10/08,09:24:28,+0157529798,+0781843085,+00103274,08
XQ,+099327,-0482,+0630,-0501,2026/10/08,09:24:29,+0157529917,+0781843076,+00103920,08
XQ,+099315,-0484,+0630,-0501,2026/10/08,09:24:30,+0157530091,+0781843052,+00104343,08
XQ,+099302,-0484,+0629,-0501,2026/10/08,09:24:31,+0157530250,+0781843047,+00105655,08
XQ,+099290,-0479,+0628,-0501,2026/10/08,09:24:32,+0157530324,+0781843048,+00106178,08
XQ,+099278,-0478,+0627,-0498,2026/10/08,09:24:33,+0157530102,+0781842986,+00104694,08
XQ,+099260,-0478,+0626,-0498,2026/10/08,09:24:34,+0157529896,+0781842950,+00106094,08
XQ,+099251,-0473,+0625,-0495,2026/10/08,09:24:35,+0157529978,+0781842953,+00108072,08
XQ,+099242,-0471,+0625,-0495,2026/10/08,09:24:36,+0157530010,+0781842954,+00109818,08
XQ,+099229,-0468,+0624,-0493,2026/10/08,09:24:37,+0157530043,+0781842974,+00111017,08
XQ,+099220,-0476,+0623,-0493,2026/10/08,09:24:38,+0157530108,+0781842986,+00112750,08
XQ,+099210,-0477,+0623,-0493,2026/10/08,09:24:39,+0157530216,+0781843010,+00113691,08
XQ,+099195,-0478,+0622,-0490,2026/10/08,09:24:40,+0157530301,+0781842997,+00115155,08
XQ,+099179,-0479,+0621,-0491,2026/10/08,09:24:41,+0157530396,+0781842991,+00116675,08
XQ,+099172,-0479,+0621,-0491,2026/10/08,09:24:42,+0157530505,+0781842999,+00119220,08
XQ,+099159,-0482,+0620,-0493,2026/10/08,09:24:43,+0157530656,+0781843040,+00121181,08
XQ,+099149,-0477,+0619,-0490,2026/10/08,09:24:44,+0157530695,+0781843077,+00122214,08
XQ,+099140,-0475,+0619,-0490,2026/10/08,09:24:45,+0157530827,+0781843095,+00124035,08
XQ,+099129,-0481,+0617,-0491,2026/10/08,09:24:46,+0157530935,+0781843120,+00126239,08
XQ,+099119,-0486,+0617,-0491,2026/10/08,09:24:47,+0157531047,+0781843137,+00128168,08
XQ,+099107,-0486,+0616,-0493,2026/10/08,09:24:48,+0157531059,+0781843129,+00128871,08
XQ,+099095,-0487,+0615,-0493,2026/10/08,09:24:49,+0157530962,+0781843119,+00130625,08
XQ,+099083,-0484,+0615,-0491,2026/10/08,09:24:50,+0157530975,+0781843121,+00131951,08
XQ,+099072,-0485,+0615,-0493,2026/10/08,09:24:51,+0157530995,+0781843131,+00133422,08
XQ,+099060,-0481,+0615,-0493,2026/10/08,09:24:52,+0157530995,+0781843122,+00134636,08
XQ,+099048,-0482,+0614,-0490,2026/10/08,09:24:53,+0157530938,+0781843140,+00135245,08
XQ,+099036,-0484,+0614,-0493,2026/10/08,09:24:54,+0157531001,+0781843167,+00137312,08
XQ,+099027,-0482,+0613,-0493,2026/10/08,09:24:55,+0157531215,+0781843186,+00139685,08
XQ,+099011,-0481,+0613,-0493,2026/10/08,09:24:56,+0157531429,+0781843170,+00141325,08
XQ,+099004,-0485,+0612,-0493,2026/10/08,09:24:57,+0157531610,+0781843177,+00141648,08
XQ,+098993,-0486,+0612,-0494,2026/10/08,09:24:58,+0157531742,+0781843189,+00142913,08
XQ,+098979,-0489,+0612,-0493,2026/10/08,09:24:59,+0157531708,+0781843172,+00142371,08
XQ,+098968,-0490,+0611,-0494,2026/10/08,09:25:00,+0157531717,+0781843195,+00145164,08
XQ,+098955,-0487,+0612,-0494,2026/10/08,09:25:01,+0157531785,+0781843206,+00145840,08
XQ,+098951,-0487,+0611,-0494,2026/10/08,09:25:02,+0157531815,+0781843225,+00149554,08
XQ,+098937,-0485,+0612,-0494,2026/10/08,09:25:03,+0157531733,+0781843221,+00150980,08
XQ,+098922,-0484,+0611,-0494,2026/10/08,09:25:04,+0157531760,+0781843210,+00152315,08
XQ,+098913,-0480,+0612,-0493,2026/10/08,09:25:05,+0157531876,+0781843220,+00153524,08
XQ,+098899,-0484,+0611,-0493,2026/10/08,09:25:06,+0157531997,+0781843228,+00154271,08
XQ,+098892,-0484,+0612,-0493,2026/10/08,09:25:07,+0157532151,+0781843226,+00155306,08
XQ,+098877,-0482,+0611,-0491,2026/10/08,09:25:08,+0157532340,+0781843247,+00157709,08
XQ,+098867,-0482,+0611,-0493,2026/10/08,09:25:09,+0157532403,+0781843274,+00158741,08
XQ,+098850,-0481,+0612,-0490,2026/10/08,09:25:10,+0157532445,+0781843268,+00159864,08
XQ,+098837,-0475,+0612,-0490,2026/10/08,09:25:11,+0157532463,+0781843247,+00159990,08
XQ,+098820,-0475,+0612,-0490,2026/10/08,09:25:12,+0157532581,+0781843218,+00160821,08
XQ,+098810,-0478,+0612,-0491,2026/10/08,09:25:13,+0157532654,+0781843189,+00162431,08
XQ,+098799,-0477,+0612,-0490,2026/10/08,09:25:14,+0157532662,+0781843160,+00162456,08
XQ,+098785,-0477,+0612,-0490,2026/10/08,09:25:15,+0157532717,+0781843141,+00162389,08
XQ,+098771,-0475,+0612,-0489,2026/10/08,09:25:16,+0157532681,+0781843120,+00162193,08
XQ,+098756,-0474,+0612,-0489,2026/10/08,09:25:17,+0157532792,+0781843087,+00162936,08
XQ,+098751,-0473,+0612,-0489,2026/10/08,09:25:18,+0157532886,+0781843066,+00163454,08
XQ,+098735,-0471,+0612,-0487,2026/10/08,09:25:19,+0157532921,+0781843053,+00163907,08
XQ,+098724,-0472,+0612,-0487,2026/10/08,09:25:20,+0157532899,+0781843041,+00164488,08
XQ,+098708,-0471,+0612,-0486,2026/10/08,09:25:21,+0157532834,+0781843050,+00165730,08
XQ,+098699,-0468,+0612,-0486,2026/10/08,09:25:22,+0157533061,+0781843083,+00169791,08
XQ,+098684,-0466,+0612,-0485,2026/10/08,09:25:23,+0157533045,+0781843085,+00171082,07
XQ,+098675,-0465,+0612,-0483,2026/10/08,09:25:24,+0157533092,+0781843063,+00172046,08
XQ,+098662,-0466,+0612,-0483,2026/10/08,09:25:25,+0157533111,+0781843033,+00173198,08
XQ,+098650,-0465,+0611,-0482,2026/10/08,09:25:26,+0157533095,+0781843004,+00173757,09
XQ,+098638,-0463,+0611,-0482,2026/10/08,09:25:27,+0157533060,+0781842970,+00174535,09
XQ,+098628,-0463,+0611,-0483,2026/10/08,09:25:28,+0157533040,+0781842937,+00174990,09
XQ,+098618,-0464,+0611,-0482,2026/10/08,09:25:29,+0157533122,+0781842952,+00176771,09
XQ,+098604,-0465,+0610,-0481,2026/10/08,09:25:30,+0157533097,+0781842941,+00176696,09
XQ,+098591,-0466,+0611,-0482,2026/10/08,09:25:31,+0157533078,+0781842941,+00176942,08
XQ,+098582,-0463,+0611,-0481,2026/10/08,09:25:32,+0157533219,+0781842929,+00177940,08
XQ,+098567,-0463,+0610,-0481,2026/10/08,09:25:33,+0157533481,+0781842900,+00178209,09
XQ,+098558,-0462,+0610,-0481,2026/10/08,09:25:34,+0157533535,+0781842854,+00177525,08
XQ,+098544,-0459,+0610,-0481,2026/10/08,09:25:35,+0157533517,+0781842824,+00177531,08
XQ,+098533,-0459,+0610,-0479,2026/10/08,09:25:36,+0157533586,+0781842820,+00178744,09
XQ,+098522,-0461,+0609,-0478,2026/10/08,09:25:37,+0157533614,+0781842815,+00179641,08
XQ,+098512,-0460,+0609,-0478,2026/10/08,09:25:38,+0157533574,+0781842806,+00180173,09
XQ,+098498,-0459,+0608,-0475,2026/10/08,09:25:39,+0157533538,+0781842801,+00180718,09
XQ,+098489,-0459,+0608,-0476,2026/10/08,09:25:40,+0157533558,+0781842800,+00181434,09
XQ,+098480,-0462,+0608,-0476,2026/10/08,09:25:41,+0157533587,+0781842804,+00181391,09
XQ,+098465,-0464,+0607,-0476,2026/10/08,09:25:42,+0157533760,+0781842810,+00182477,09
XQ,+098450,-0464,+0607,-0476,2026/10/08,09:25:43,+0157533804,+0781842803,+00183170,09
XQ,+098445,-0463,+0607,-0476,2026/10/08,09:25:44,+0157533744,+0781842794,+00183958,09
XQ,+098430,-0461,+0607,-0475,2026/10/08,09:25:45,+0157533616,+0781842812,+00185361,09
XQ,+098423,-0463,+0606,-0476,2026/10/08,09:25:46,+0157533555,+0781842820,+00185534,09
XQ,+098406,-0463,+0606,-0476,2026/10/08,09:25:47,+0157533551,+0781842806,+00186581,09
XQ,+098399,-0463,+0606,-0475,2026/10/08,09:25:48,+0157533557,+0781842797,+00187821,09
XQ,+098383,-0464,+0606,-0478,2026/10/08,09:25:49,+0157533627,+0781842795,+00188294,09
XQ,+098371,-0464,+0606,-0476,2026/10/08,09:25:50,+0157533649,+0781842796,+00188991,09
XQ,+098360,-0466,+0606,-0478,2026/10/08,09:25:51,+0157533549,+0781842803,+00190701,09
XQ,+098354,-0466,+0606,-0476,2026/10/08,09:25:52,+0157533492,+0781842791,+00191421,09
XQ,+098339,-0465,+0606,-0478,2026/10/08,09:25:53,+0157533317,+0781842798,+00192573,09
XQ,+098331,-0462,+0606,-0476,2026/10/08,09:25:54,+0157533273,+0781842806,+00193003,09
XQ,+098326,-0460,+0606,-0476,2026/10/08,09:25:55,+0157533415,+0781842792,+00193060,09
XQ,+098327,-0458,+0606,-0476,2026/10/08,09:25:56,+0157533608,+0781842764,+00191407,09
XQ,+098324,-0458,+0606,-0475,2026/10/08,09:25:57,+0157533953,+0781842746,+00191006,09
XQ,+098324,-0459,+0605,-0475,2026/10/08,09:25:58,+0157533965,+0781842727,+00190714,09
XQ,+098327,-0458,+0605,-0474,2026/10/08,09:25:59,+0157534132,+0781842758,+00191491,09
XQ,+098330,-0460,+0605,-0474,2026/10/08,09:26:00,+0157534144,+0781842801,+00191632,08
XQ,+098331,-0461,+0605,-0474,2026/10/08,09:26:01,+0157533870,+0781842843,+00192492,09
XQ,+098329,-0460,+0605,-0474,2026/10/08,09:26:02,+0157533699,+0781842850,+00193143,09
XQ,+098327,-0462,+0605,-0475,2026/10/08,09:26:03,+0157533745,+0781842837,+00193446,09
XQ,+098330,-0459,+0605,-0475,2026/10/08,09:26:04,+0157533746,+0781842834,+00192994,09
XQ,+098341,-0460,+0605,-0474,2026/10/08,09:26:05,+0157533716,+0781842827,+00190816,09
XQ,+098366,-0454,+0604,-0472,2026/10/08,09:26:06,+0157533619,+0781842808,+00187499,09
XQ,+098408,-0451,+0604,-0472,2026/10/08,09:26:07,+0157533368,+0781842781,+00183347,09
XQ,+098446,-0451,+0604,-0468,2026/10/08,09:26:08,+0157533210,+0781842768,+00179987,09
XQ,+098492,-0451,+0604,-0468,2026/10/08,09:26:09,+0157533076,+0781842768,+00177447,09
XQ,+098529,-0455,+0604,-0468,2026/10/08,09:26:10,+0157532976,+0781842793,+00174625,09
XQ,+098567,-0458,+0604,-0468,2026/10/08,09:26:11,+0157532842,+0781842815,+00171195,09
XQ,+098602,-0457,+0604,-0468,2026/10/08,09:26:12,+0157532655,+0781842805,+00167414,09
XQ,+098635,-0457,+0603,-0467,2026/10/08,09:26:13,+0157532520,+0781842788,+00164863,09
XQ,+098683,-0458,+0603,-0468,2026/10/08,09:26:14,+0157532518,+0781842775,+00162206,09
XQ,+098711,-0456,+0603,-0467,2026/10/08,09:26:15,+0157532553,+0781842762,+00159526,09
XQ,+098743,-0459,+0603,-0467,2026/10/08,09:26:16,+0157532495,+0781842752,+00156470,09
XQ,+098779,-0464,+0603,-0468,2026/10/08,09:26:17,+0157532455,+0781842735,+00153028,09
XQ,+098823,-0465,+0603,-0470,2026/10/08,09:26:18,+0157532342,+0781842718,+00149624,09
XQ,+098855,-0467,+0603,-0471,2026/10/08,09:26:19,+0157532161,+0781842701,+00145987,09
XQ,+098881,-0460,+0603,-0470,2026/10/08,09:26:20,+0157532050,+0781842715,+00143379,09
XQ,+098930,-0461,+0603,-0470,2026/10/08,09:26:21,+0157531975,+0781842749,+00141196,09
XQ,+098958,-0460,+0604,-0470,2026/10/08,09:26:22,+0157531843,+0781842760,+00138312,09
XQ,+098994,-0460,+0604,-0470,2026/10/08,09:26:23,+0157531698,+0781842750,+00135531,09
XQ,+099027,-0460,+0604,-0471,2026/10/08,09:26:24,+0157531506,+0781842742,+00132508,09
XQ,+099056,-0461,+0605,-0470,2026/10/08,09:26:25,+0157531477,+0781842731,+00128871,08
XQ,+099089,-0462,+0604,-0470,2026/10/08,09:26:26,+0157531417,+0781842706,+00124331,09
XQ,+099128,-0464,+0605,-0470,2026/10/08,09:26:27,+0157531369,+0781842732,+00119656,09
XQ,+099172,-0468,+0605,-0471,2026/10/08,09:26:28,+0157531378,+0781842756,+00116625,08
XQ,+099201,-0464,+0606,-0472,2026/10/08,09:26:29,+0157531361,+0781842755,+00112780,08
XQ,+099240,-0461,+0606,-0470,2026/10/08,09:26:30,+0157531318,+0781842732,+00108404,09
XQ,+099270,-0462,+0606,-0471,2026/10/08,09:26:31,+0157531309,+0781842747,+00105733,09
XQ,+099305,-0463,+0606,-0471,2026/10/08,09:26:32,+0157531179,+0781842742,+00102002,09
XQ,+099339,-0473,+0606,-0471,2026/10/08,09:26:33,+0157531103,+0781842858,+00099219,09
XQ,+099367,-0469,+0607,-0472,2026/10/08,09:26:34,+0157531092,+0781842967,+00096081,09
XQ,+099402,-0456,+0607,-0471,2026/10/08,09:26:35,+0157531027,+0781842940,+00093611,09
XQ,+099433,-0462,+0607,-0472,2026/10/08,09:26:36,+0157530823,+0781842918,+00090738,09
XQ,+099467,-0482,+0608,-0475,2026/10/08,09:26:37,+0157530690,+0781842888,+00088041,09
XQ,+099508,-0495,+0608,-0481,2026/10/08,09:26:38,+0157530730,+0781842860,+00085004,09
XQ,+099536,-0519,+0611,-0487,2026/10/08,09:26:39,+0157530678,+0781842865,+00082852,09
XQ,+099545,-0538,+0612,-0494,2026/10/08,09:26:40,+0157530651,+0781842904,+00081082,09
XQ,+099561,-0544,+0614,-0501,2026/10/08,09:26:41,+0157530501,+0781842894,+00079807,09
XQ,+099581,-0561,+0617,-0510,2026/10/08,09:26:42,+0157530382,+0781842873,+00077774,09
XQ,+099602,-0594,+0620,-0521,2026/10/08,09:26:43,+0157530344,+0781842850,+00076116,09
XQ,+099617,-0599,+0623,-0532,2026/10/08,09:26:44,+0157530328,+0781842847,+00074785,09
XQ,+099625,-0600,+0627,-0537,2026/10/08,09:26:45,+0157530401,+0781842863,+00073465,09
XQ,+099636,-0598,+0630,-0543,2026/10/08,09:26:46,+0157530360,+0781842875,+00072354,09
XQ,+099648,-0591,+0633,-0548,2026/10/08,09:26:47,+0157530227,+0781842896,+00071973,09
XQ,+099655,-0587,+0635,-0552,2026/10/08,09:26:48,+0157530170,+0781842906,+00071215,09
XQ,+099659,-0583,+0636,-0554,2026/10/08,09:26:49,+0157530220,+0781842920,+00071193,09
XQ,+099671,-0586,+0639,-0556,2026/10/08,09:26:50,+0157530237,+0781842916,+00070432,09
XQ,+099676,-0572,+0642,-0559,2026/10/08,09:26:51,+0157530213,+0781842943,+00071151,09
XQ,+099688,-0573,+0644,-0560,2026/10/08,09:26:52,+0157530155,+0781842930,+00071564,09
XQ,+099689,-0580,+0646,-0561,2026/10/08,09:26:53,+0157530155,+0781842936,+00071441,09
XQ,+099686,-0585,+0647,-0564,2026/10/08,09:26:54,+0157530000,+0781842925,+00070176,09
XQ,+099692,-0591,+0649,-0568,2026/10/08,09:26:55,+0157530072,+0781842939,+00070584,09
XQ,+099701,-0595,+0651,-0572,2026/10/08,09:26:56,+0157530196,+0781842949,+00070049,09
XQ,+099701,-0593,+0654,-0573,2026/10/08,09:26:57,+0157530145,+0781842949,+00070680,09
XQ,+099705,-0595,+0656,-0575,2026/10/08,09:26:58,+0157530142,+0781842950,+00070034,09
XQ,+099713,-0588,+0657,-0575,2026/10/08,09:26:59,+0157530082,+0781842941,+00069001,09
XQ,+099718,-0589,+0659,-0577,2026/10/08,09:27:00,+0157530109,+0781842947,+00068188,09
XQ,+099725,-0599,+0660,-0580,2026/10/08,09:27:01,+0157530178,+0781842946,+00068121,09
XQ,+099730,-0607,+0662,-0584,2026/10/08,09:27:02,+0157530160,+0781842942,+00068533,09
XQ,+099731,-0609,+0665,-0585,2026/10/08,09:27:03,+0157530124,+0781842916,+00068162,08
XQ,+099746,-0606,+0668,-0587,2026/10/08,09:27:04,+0157530073,+0781842948,+00066700,09
XQ,+099747,-0594,+0671,-0587,2026/10/08,09:27:05,+0157529919,+0781842943,+00066390,09
XQ,+099747,-0597,+0674,-0588,2026/10/08,09:27:06,+0157529920,+0781842965,+00066352,09
XQ,+099746,-0603,+0678,-0588,2026/10/08,09:27:07,+0157529912,+0781842979,+00065536,09
XQ,+099746,-0606,+0681,-0589,2026/10/08,09:27:08,+0157529898,+0781842944,+00065008,09
XQ,+099743,-0610,+0684,-0592,2026/10/08,09:27:09,+0157529875,+0781842935,+00064514,09
XQ,+099749,-0613,+0687,-0592,2026/10/08,09:27:10,+0157529856,+0781842927,+00064160,09
XQ,+099748,-0614,+0690,-0594,2026/10/08,09:27:11,+0157529856,+0781842918,+00064163,09
XQ,+099744,-0620,+0692,-0596,2026/10/08,09:27:12,+0157529847,+0781842900,+00064133,09
XQ,+099749,-0624,+0693,-0598,2026/10/08,09:27:13,+0157529867,+0781842879,+00063773,09
XQ,+099745,-0623,+0695,-0596,2026/10/08,09:27:14,+0157529862,+0781842873,+00063484,09
XQ,+099749,-0617,+0697,-0599,2026/10/08,09:27:15,+0157529842,+0781842845,+00063218,09
XQ,+099746,-0623,+0697,-0598,2026/10/08,09:27:16,+0157529841,+0781842850,+00062997,09
XQ,+099748,-0627,+0699,-0599,2026/10/08,09:27:17,+0157529821,+0781842869,+00063051,09
XQ,+099743,-0620,+0699,-0599,2026/10/08,09:27:18,+0157529799,+0781842871,+00063247,09
XQ,+099750,-0616,+0700,-0598,2026/10/08,09:27:19,+0157529808,+0781842902,+00063524,09
XQ,+099747,-0616,+0701,-0595,2026/10/08,09:27:20,+0157529851,+0781842876,+00063773,09
XQ,+099747,-0615,+0701,-0592,2026/10/08,09:27:21,+0157529858,+0781842852,+00063924,09
XQ,+099754,-0618,+0702,-0592,2026/10/08,09:27:22,+0157529754,+0781842812,+00065178,09
XQ,+099746,-0623,+0702,-0589,2026/10/08,09:27:23,+0157529652,+0781842788,+00065941,09
XQ,+099746,-0621,+0703,-0589,2026/10/08,09:27:24,+0157529585,+0781842752,+00066379,09
XQ,+099614,-0634,+0695,-0614,2026/10/08,09:50:38,+0157492031,+0781853865,+00059761,04
XQ,+099615,-0630,+0695,-0615,2026/10/08,09:50:39,+0157489907,+0781854125,+00113155,06
XQ,+099614,-0628,+0696,-0615,2026/10/08,09:50:40,+0157490828,+0781853862,+00107258,06
XQ,+099614,-0629,+0697,-0617,2026/10/08,09:50:41,+0157491112,+0781854014,+00111502,06
XQ,+099617,-0628,+0697,-0617,2026/10/08,09:50:42,+0157491951,+0781854343,+00114874,06
XQ,+099616,-0623,+0697,-0618,2026/10/08,09:50:43,+0157492823,+0781854526,+00115144,06
XQ,+099612,-0618,+0697,-0617,2026/10/08,09:50:44,+0157492163,+0781854601,+00120079,06
XQ,+099615,-0624,+0697,-0619,2026/10/08,09:50:45,+0157492026,+0781854739,+00123773,06
XQ,+099614,-0615,+0698,-0619,2026/10/08,09:50:46,+0157492162,+0781854845,+00125812,06
XQ,+099618,-0616,+0698,-0618,2026/10/08,09:50:47,+0157492072,+0781854825,+00125865,06
XQ,+099617,-0618,+0699,-0618,2026/10/08,09:50:48,+0157492302,+0781854713,+00122985,06
XQ,+099619,-0621,+0699,-0618,2026/10/08,09:50:49,+0157492515,+0781854663,+00121254,06
XQ,+099613,-0619,+0700,-0619,2026/10/08,09:50:50,+0157492535,+0781854632,+00120615,06
XQ,+099616,-0619,+0700,-0618,2026/10/08,09:50:51,+0157492990,+0781854660,+00119107,06
XQ,+099618,-0614,+0701,-0621,2026/10/08,09:50:52,+0157493150,+0781854691,+00118670,06
XQ,+099616,-0618,+0701,-0621,2026/10/08,09:50:53,+0157493241,+0781854669,+00117887,06
XQ,+099615,-0623,+0702,-0621,2026/10/08,09:50:54,+0157493352,+0781854712,+00118464,06
XQ,+099617,-0619,+0702,-0621,2026/10/08,09:50:55,+0157493335,+0781854774,+00118928,06
XQ,+099616,-0619,+0703,-0621,2026/10/08,09:50:56,+0157493391,+0781854848,+00119365,06
XQ,+099616,-0622,+0703,-0621,2026/10/08,09:50:57,+0157493612,+0781854813,+00117669,06
XQ,+099616,-0620,+0704,-0622,2026/10/08,09:50:58,+0157493460,+0781854718,+00115642,06
XQ,+099614,-0619,+0704,-0622,2026/10/08,09:50:59,+0157493522,+0781854647,+00113603,06
XQ,+099617,-0619,+0705,-0622,2026/10/08,09:51:00,+0157493479,+0781854645,+00113478,06
XQ,+099617,-0623,+0705,-0622,2026/10/08,09:51:01,+0157493407,+0781854659,+00112983,06
XQ,+099616,-0622,+0705,-0622,2026/10/08,09:51:02,+0157493342,+0781854691,+00113832,06
XQ,+099614,-0624,+0706,-0622,2026/10/08,09:51:03,+0157493191,+0781854588,+00113335,06
XQ,+099618,-0619,+0706,-0622,2026/10/08,09:51:04,+0157493134,+0781854473,+00112242,06
XQ,+099617,-0615,+0706,-0622,2026/10/08,09:51:05,+0157493113,+0781854422,+00112200,06
XQ,+099617,-0614,+0706,-0622,2026/10/08,09:51:06,+0157493159,+0781854456,+00112616,06
XQ,+099618,-0611,+0706,-0622,2026/10/08,09:51:07,+0157493179,+0781854513,+00113704,06
XQ,+099621,-0615,+0706,-0622,2026/10/08,09:51:08,+0157493304,+0781854510,+00113493,06
XQ,+099612,-0618,+0707,-0626,2026/10/08,09:51:09,+0157493303,+0781854485,+00112900,06
XQ,+099618,-0621,+0707,-0622,2026/10/08,09:51:10,+0157493332,+0781854482,+00112600,06
XQ,+099618,-0614,+0707,-0622,2026/10/08,09:51:11,+0157493368,+0781854472,+00112029,06
XQ,+099618,-0606,+0706,-0621,2026/10/08,09:51:12,+0157493286,+0781854491,+00112872,06
XQ,+099615,-0609,+0706,-0622,2026/10/08,09:51:13,+0157493286,+0781854510,+00112889,06
XQ,+099619,-0608,+0706,-0622,2026/10/08,09:51:14,+0157493399,+0781854540,+00112968,06
XQ,+099619,-0607,+0706,-0621,2026/10/08,09:51:15,+0157493623,+0781854568,+00112810,06
XQ,+099619,-0606,+0706,-0621,2026/10/08,09:51:16,+0157493715,+0781854547,+00112291,06
XQ,+099619,-0606,+0706,-0621,2026/10/08,09:51:17,+0157493721,+0781854531,+00111743,06
XQ,+099616,-0611,+0706,-0619,2026/10/08,09:51:18,+0157493759,+0781854549,+00111707,06
XQ,+099618,-0612,+0706,-0622,2026/10/08,09:51:19,+0157494061,+0781854562,+00110991,06
XQ,+099620,-0615,+0707,-0621,2026/10/08,09:51:20,+0157494213,+0781854566,+00110477,06
XQ,+099616,-0617,+0707,-0623,2026/10/08,09:51:21,+0157494208,+0781854537,+00110250,06
XQ,+099619,-0618,+0707,-0622,2026/10/08,09:51:22,+0157494284,+0781854543,+00110697,06
XQ,+099621,-0608,+0707,-0621,2026/10/08,09:51:23,+0157494250,+0781854567,+00111393,06
XQ,+099620,-0604,+0707,-0621,2026/10/08,09:51:24,+0157494070,+0781854596,+00112276,06
XQ,+099617,-0605,+0707,-0621,2026/10/08,09:51:25,+0157494045,+0781854623,+00112521,06
XQ,+099620,-0604,+0707,-0622,2026/10/08,09:51:26,+0157494013,+0781854575,+00111947,06
XQ,+099619,-0607,+0708,-0621,2026/10/08,09:51:27,+0157494070,+0781854538,+00111637,06
XQ,+099618,-0611,+0708,-0621,2026/10/08,09:51:28,+0157494120,+0781854560,+00111432,06
XQ,+099620,-0604,+0707,-0621,2026/10/08,09:51:29,+0157494069,+0781854575,+00112286,06
XQ,+099619,-0595,+0708,-0621,2026/10/08,09:51:30,+0157494042,+0781854561,+00112361,06
XQ,+099615,-0602,+0707,-0619,2026/10/08,09:51:31,+0157494274,+0781854516,+00109512,08
XQ,+099618,-0605,+0708,-0619,2026/10/08,09:51:32,+0157495452,+0781854521,+00105460,08
XQ,+099620,-0600,+0707,-0618,2026/10/08,09:51:33,+0157496575,+0781854554,+00103106,08
XQ,+099614,-0607,+0707,-0619,2026/10/08,09:51:34,+0157497001,+0781854578,+00102470,08
XQ,+099616,-0610,+0708,-0619,2026/10/08,09:51:35,+0157496837,+0781854577,+00102586,08
XQ,+099615,-0611,+0708,-0621,2026/10/08,09:51:36,+0157496496,+0781854583,+00103028,08
XQ,+099620,-0612,+0708,-0621,2026/10/08,09:51:37,+0157496379,+0781854603,+00104412,08
XQ,+099619,-0604,+0707,-0619,2026/10/08,09:51:38,+0157496271,+0781854624,+00105752,08
XQ,+099622,-0607,+0707,-0619,2026/10/08,09:51:39,+0157496316,+0781854626,+00105925,08
XQ,+099620,-0610,+0707,-0619,2026/10/08,09:51:40,+0157496570,+0781854644,+00106188,08
XQ,+099618,-0614,+0707,-0621,2026/10/08,09:51:41,+0157496749,+0781854645,+00106219,08
XQ,+099618,-0612,+0707,-0619,2026/10/08,09:51:42,+0157496830,+0781854654,+00106808,08
XQ,+099621,-0620,+0708,-0619,2026/10/08,09:51:43,+0157496786,+0781854699,+00107782,08
XQ,+099620,-0622,+0708,-0621,2026/10/08,09:51:44,+0157496889,+0781854704,+00107951,08
XQ,+099622,-0626,+0708,-0619,2026/10/08,09:51:45,+0157497119,+0781854672,+00107345,08
XQ,+099619,-0624,+0708,-0623,2026/10/08,09:51:46,+0157497274,+0781854658,+00107087,08
XQ,+099621,-0625,+0708,-0621,2026/10/08,09:51:47,+0157497257,+0781854663,+00106680,08
XQ,+099619,-0619,+0708,-0623,2026/10/08,09:51:48,+0157497234,+0781854653,+00105504,08
XQ,+099618,-0614,+0708,-0621,2026/10/08,09:51:49,+0157497287,+0781854644,+00104925,08
XQ,+099621,-0617,+0708,-0622,2026/10/08,09:51:50,+0157497447,+0781854646,+00104874,08
XQ,+099617,-0609,+0708,-0622,2026/10/08,09:51:51,+0157497521,+0781854631,+00104600,08
XQ,+099619,-0611,+0708,-0622,2026/10/08,09:51:52,+0157497425,+0781854603,+00104091,08
XQ,+099619,-0616,+0708,-0622,2026/10/08,09:51:53,+0157497247,+0781854599,+00103974,08
XQ,+099623,-0610,+0708,-0622,2026/10/08,09:51:54,+0157497094,+0781854606,+00104729,08
XQ,+099621,-0611,+0708,-0621,2026/10/08,09:51:55,+0157497069,+0781854630,+00106166,08
XQ,+099613,-0604,+0708,-0619,2026/10/08,09:51:56,+0157497096,+0781854659,+00107732,08
XQ,+099602,-0588,+0707,-0615,2026/10/08,09:51:57,+0157497119,+0781854702,+00109762,08
XQ,+099591,-0580,+0707,-0615,2026/10/08,09:51:58,+0157497014,+0781854704,+00110560,08
XQ,+099577,-0567,+0705,-0611,2026/10/08,09:51:59,+0157496851,+0781854666,+00112560,08
XQ,+099564,-0551,+0703,-0606,2026/10/08,09:52:00,+0157496839,+0781854647,+00112833,08
XQ,+099552,-0540,+0701,-0600,2026/10/08,09:52:01,+0157496687,+0781854578,+00111496,08
XQ,+099541,-0533,+0698,-0596,2026/10/08,09:52:02,+0157496623,+0781854593,+00111794,08
XQ,+099535,-0532,+0696,-0589,2026/10/08,09:52:03,+0157496738,+0781854675,+00111846,08
XQ,+099523,-0526,+0693,-0585,2026/10/08,09:52:04,+0157496689,+0781854649,+00111624,08
XQ,+099509,-0523,+0690,-0581,2026/10/08,09:52:05,+0157496652,+0781854639,+00111587,08
XQ,+099499,-0525,+0688,-0576,2026/10/08,09:52:06,+0157496561,+0781854662,+00111836,08
XQ,+099488,-0527,+0686,-0573,2026/10/08,09:52:07,+0157496443,+0781854651,+00112747,08
XQ,+099479,-0527,+0683,-0570,2026/10/08,09:52:08,+0157496410,+0781854654,+00111895,08
XQ,+099471,-0515,+0680,-0565,2026/10/08,09:52:09,+0157496433,+0781854757,+00112373,08
XQ,+099459,-0509,+0678,-0560,2026/10/08,09:52:10,+0157496490,+0781854808,+00113393,07
XQ,+099447,-0516,+0676,-0559,2026/10/08,09:52:11,+0157496575,+0781854815,+00115015,07
XQ,+099437,-0517,+0673,-0554,2026/10/08,09:52:12,+0157496630,+0781854804,+00115324,07
XQ,+099428,-0522,+0671,-0553,2026/10/08,09:52:13,+0157496554,+0781854743,+00115073,07
XQ,+099417,-0525,+0669,-0552,2026/10/08,09:52:14,+0157496434,+0781854665,+00114244,07
XQ,+099406,-0532,+0667,-0552,2026/10/08,09:52:15,+0157496165,+0781854638,+00113677,08
XQ,+099394,-0523,+0665,-0550,2026/10/08,09:52:16,+0157495887,+0781854628,+00113817,08
XQ,+099385,-0518,+0663,-0548,2026/10/08,09:52:17,+0157495456,+0781854529,+00113732,08
XQ,+099374,-0507,+0661,-0543,2026/10/08,09:52:18,+0157495259,+0781854393,+00113287,07
XQ,+099362,-0493,+0658,-0537,2026/10/08,09:52:19,+0157495117,+0781854310,+00113886,07
XQ,+099353,-0485,+0655,-0533,2026/10/08,09:52:20,+0157495014,+0781854254,+00114366,07
XQ,+099337,-0482,+0653,-0530,2026/10/08,09:52:21,+0157494866,+0781854299,+00114915,08
XQ,+099322,-0479,+0650,-0525,2026/10/08,09:52:22,+0157494576,+0781854267,+00114806,08
XQ,+099310,-0480,+0647,-0524,2026/10/08,09:52:23,+0157494194,+0781854258,+00116946,08
XQ,+099300,-0477,+0645,-0520,2026/10/08,09:52:24,+0157494108,+0781854249,+00115428,08
XQ,+099289,-0475,+0643,-0517,2026/10/08,09:52:25,+0157494397,+0781854332,+00116646,07
XQ,+099274,-0474,+0640,-0514,2026/10/08,09:52:26,+0157494477,+0781854484,+00117789,08
XQ,+099267,-0472,+0638,-0510,2026/10/08,09:52:27,+0157494333,+0781854525,+00117575,08
XQ,+099250,-0473,+0636,-0509,2026/10/08,09:52:28,+0157494192,+0781854440,+00118832,07
XQ,+099240,-0473,+0634,-0507,2026/10/08,09:52:29,+0157494124,+0781854329,+00118620,07
XQ,+099231,-0476,+0632,-0503,2026/10/08,09:52:30,+0157493941,+0781854327,+00118516,08
XQ,+099219,-0474,+0630,-0503,2026/10/08,09:52:31,+0157493700,+0781854303,+00117906,08
XQ,+099208,-0472,+0628,-0502,2026/10/08,09:52:32,+0157493492,+0781854355,+00119462,08
XQ,+099196,-0473,+0626,-0498,2026/10/08,09:52:33,+0157493261,+0781854390,+00119437,08
XQ,+099188,-0474,+0625,-0497,2026/10/08,09:52:34,+0157493030,+0781854377,+00119107,08
XQ,+099177,-0477,+0623,-0495,2026/10/08,09:52:35,+0157492812,+0781854242,+00118055,07
XQ,+099162,-0481,+0622,-0497,2026/10/08,09:52:36,+0157492693,+0781854140,+00117344,07
XQ,+099150,-0483,+0621,-0495,2026/10/08,09:52:37,+0157492693,+0781854149,+00123110,07
XQ,+099136,-0482,+0619,-0495,2026/10/08,09:52:38,+0157492759,+0781854063,+00123992,07
XQ,+099122,-0478,+0618,-0494,2026/10/08,09:52:39,+0157492527,+0781854058,+00124245,08
XQ,+099112,-0474,+0617,-0494,2026/10/08,09:52:40,+0157492494,+0781853964,+00124962,07
XQ,+099100,-0469,+0616,-0490,2026/10/08,09:52:41,+0157492615,+0781853884,+00124626,07
XQ,+099087,-0470,+0615,-0490,2026/10/08,09:52:42,+0157492616,+0781853835,+00125926,07
XQ,+099075,-0470,+0615,-0490,2026/10/08,09:52:43,+0157492494,+0781853631,+00125671,07
XQ,+099062,-0468,+0614,-0487,2026/10/08,09:52:44,+0157492116,+0781853510,+00124813,08
XQ,+099054,-0466,+0613,-0486,2026/10/08,09:52:45,+0157491915,+0781853523,+00125088,08
XQ,+099041,-0462,+0612,-0485,2026/10/08,09:52:46,+0157491697,+0781853493,+00124691,08
XQ,+099028,-0461,+0612,-0482,2026/10/08,09:52:47,+0157491326,+0781853422,+00123184,08
XQ,+099012,-0457,+0611,-0479,2026/10/08,09:52:48,+0157491164,+0781853234,+00122051,07
XQ,+099005,-0452,+0610,-0478,2026/10/08,09:52:49,+0157491064,+0781853062,+00121102,07
XQ,+098996,-0441,+0610,-0474,2026/10/08,09:52:50,+0157490850,+0781852945,+00122095,07
XQ,+098982,-0435,+0609,-0470,2026/10/08,09:52:51,+0157490735,+0781852827,+00122401,07
XQ,+098970,-0428,+0608,-0466,2026/10/08,09:52:52,+0157490432,+0781852628,+00122895,07
XQ,+098959,-0434,+0607,-0463,2026/10/08,09:52:53,+0157490192,+0781852447,+00122762,07
XQ,+098945,-0432,+0606,-0460,2026/10/08,09:52:54,+0157490081,+0781852346,+00122683,07
XQ,+098938,-0436,+0606,-0460,2026/10/08,09:52:55,+0157489313,+0781852492,+00120153,08
XQ,+098923,-0436,+0604,-0457,2026/10/08,09:52:56,+0157489050,+0781852575,+00120129,08
XQ,+098918,-0422,+0604,-0453,2026/10/08,09:52:57,+0157489077,+0781852481,+00117392,07
XQ,+098904,-0411,+0603,-0452,2026/10/08,09:52:58,+0157488932,+0781852373,+00118456,07
XQ,+098897,-0413,+0602,-0447,2026/10/08,09:52:59,+0157487982,+0781852493,+00115095,08
XQ,+098888,-0416,+0601,-0447,2026/10/08,09:53:00,+0157487240,+0781852617,+00113209,08
XQ,+098874,-0415,+0600,-0445,2026/10/08,09:53:01,+0157486677,+0781852635,+00111234,08
XQ,+098865,-0410,+0599,-0445,2026/10/08,09:53:02,+0157486623,+0781852526,+00111358,07
XQ,+098858,-0405,+0598,-0443,2026/10/08,09:53:03,+0157486669,+0781852434,+00110184,07
XQ,+098848,-0403,+0598,-0441,2026/10/08,09:53:04,+0157485998,+0781852540,+00107744,08
XQ,+098838,-0404,+0597,-0440,2026/10/08,09:53:05,+0157486076,+0781852445,+00108357,07
XQ,+098825,-0405,+0596,-0441,2026/10/08,09:53:06,+0157486218,+0781852362,+00108235,07
XQ,+098815,-0408,+0595,-0441,2026/10/08,09:53:07,+0157486216,+0781852279,+00108670,07
XQ,+098802,-0409,+0595,-0440,2026/10/08,09:53:08,+0157485460,+0781852394,+00105030,08
XQ,+098788,-0409,+0595,-0440,2026/10/08,09:53:09,+0157484615,+0781852617,+00099458,08
XQ,+098778,-0411,+0594,-0438,2026/10/08,09:53:10,+0157484241,+0781852640,+00097742,08
XQ,+098764,-0413,+0593,-0440,2026/10/08,09:53:11,+0157483829,+0781852675,+00096898,08
XQ,+098745,-0414,+0593,-0440,2026/10/08,09:53:12,+0157483066,+0781852828,+00094371,08
XQ,+098738,-0419,+0593,-0441,2026/10/08,09:53:13,+0157482631,+0781852833,+00092518,08
XQ,+098721,-0423,+0592,-0441,2026/10/08,09:53:14,+0157482697,+0781852758,+00092963,07
XQ,+098713,-0433,+0591,-0441,2026/10/08,09:53:15,+0157482745,+0781852713,+00093027,07
XQ,+098698,-0439,+0591,-0443,2026/10/08,09:53:16,+0157482658,+0781852638,+00092427,07
XQ,+098681,-0447,+0591,-0445,2026/10/08,09:53:17,+0157482367,+0781852498,+00092107,07
XQ,+098670,-0453,+0591,-0445,2026/10/08,09:53:18,+0157482506,+0781852425,+00092426,07
XQ,+098654,-0453,+0591,-0449,2026/10/08,09:53:19,+0157482760,+0781852325,+00094007,07
XQ,+098641,-0457,+0591,-0451,2026/10/08,09:53:20,+0157482735,+0781852061,+00089228,07
XQ,+098624,-0455,+0591,-0451,2026/10/08,09:53:21,+0157482442,+0781851880,+00089394,07
XQ,+098610,-0458,+0591,-0452,2026/10/08,09:53:22,+0157482332,+0781851752,+00088667,07
XQ,+098600,-0456,+0591,-0453,2026/10/08,09:53:23,+0157482324,+0781851622,+00087545,07
XQ,+098586,-0452,+0592,-0455,2026/10/08,09:53:24,+0157482427,+0781851602,+00088121,07
XQ,+098569,-0450,+0592,-0453,2026/10/08,09:53:25,+0157482322,+0781851533,+00088200,07
XQ,+098557,-0450,+0592,-0453,2026/10/08,09:53:26,+0157482149,+0781851410,+00087435,07
XQ,+098546,-0449,+0592,-0455,2026/10/08,09:53:27,+0157482174,+0781851323,+00087687,07
XQ,+098530,-0446,+0593,-0455,2026/10/08,09:53:28,+0157482267,+0781851237,+00087577,07
XQ,+098517,-0444,+0593,-0455,2026/10/08,09:53:29,+0157481969,+0781851246,+00085323,08
XQ,+098504,-0444,+0593,-0456,2026/10/08,09:53:30,+0157482032,+0781851193,+00084527,07
XQ,+098492,-0442,+0593,-0455,2026/10/08,09:53:31,+0157482129,+0781851152,+00084932,07
XQ,+098480,-0438,+0593,-0453,2026/10/08,09:53:32,+0157481795,+0781851262,+00082349,08
XQ,+098465,-0437,+0593,-0455,2026/10/08,09:53:33,+0157480969,+0781851451,+00077453,08
XQ,+098449,-0438,+0593,-0452,2026/10/08,09:53:34,+0157481053,+0781851382,+00078282,07
XQ,+098440,-0446,+0593,-0455,2026/10/08,09:53:35,+0157480220,+0781851462,+00073409,08
XQ,+098428,-0450,+0593,-0455,2026/10/08,09:53:36,+0157480213,+0781851348,+00074313,07
XQ,+098415,-0446,+0594,-0456,2026/10/08,09:53:37,+0157480229,+0781851216,+00073716,07
XQ,+098402,-0445,+0594,-0456,2026/10/08,09:53:38,+0157479698,+0781851231,+00070861,08
XQ,+098392,-0445,+0594,-0456,2026/10/08,09:53:39,+0157479601,+0781851166,+00072057,07
XQ,+098383,-0446,+0594,-0457,2026/10/08,09:53:40,+0157479644,+0781851141,+00072503,07
XQ,+098368,-0449,+0594,-0457,2026/10/08,09:53:41,+0157479699,+0781851050,+00073122,07
XQ,+098356,-0450,+0594,-0457,2026/10/08,09:53:42,+0157479759,+0781850952,+00073304,07
XQ,+098341,-0447,+0594,-0459,2026/10/08,09:53:43,+0157479801,+0781850899,+00074380,07
XQ,+098331,-0447,+0594,-0457,2026/10/08,09:53:44,+0157479897,+0781850864,+00074562,07
XQ,+098317,-0447,+0594,-0459,2026/10/08,09:53:45,+0157479973,+0781850853,+00075930,07
XQ,+098309,-0448,+0594,-0459,2026/10/08,09:53:46,+0157480147,+0781850830,+00077852,07
XQ,+098292,-0450,+0595,-0459,2026/10/08,09:53:47,+0157480357,+0781850775,+00078038,07
XQ,+098282,-0452,+0594,-0460,2026/10/08,09:53:48,+0157480440,+0781850704,+00078716,07
XQ,+098269,-0454,+0595,-0462,2026/10/08,09:53:49,+0157480604,+0781850662,+00079515,07
XQ,+098257,-0453,+0595,-0460,2026/10/08,09:53:50,+0157480778,+0781850644,+00080480,07
XQ,+098244,-0455,+0595,-0462,2026/10/08,09:53:51,+0157480320,+0781850723,+00078371,08
XQ,+098234,-0458,+0595,-0463,2026/10/08,09:53:52,+0157480394,+0781850659,+00079410,07
XQ,+098216,-0454,+0595,-0463,2026/10/08,09:53:53,+0157480429,+0781850588,+00080257,07
XQ,+098213,-0456,+0595,-0463,2026/10/08,09:53:54,+0157480497,+0781850551,+00080377,07
XQ,+098214,-0453,+0596,-0463,2026/10/08,09:53:55,+0157479765,+0781850700,+00075478,08
XQ,+098213,-0450,+0596,-0462,2026/10/08,09:53:56,+0157478994,+0781850942,+00071348,07
XQ,+098209,-0446,+0596,-0462,2026/10/08,09:53:57,+0157478158,+0781851130,+00067994,07
XQ,+098215,-0442,+0596,-0462,2026/10/08,09:53:58,+0157477287,+0781851213,+00065443,07
XQ,+098207,-0442,+0596,-0459,2026/10/08,09:53:59,+0157477529,+0781851150,+00064564,07
XQ,+098209,-0444,+0595,-0460,2026/10/08,09:54:00,+0157477841,+0781851149,+00064014,07
XQ,+098207,-0453,+0596,-0462,2026/10/08,09:54:01,+0157481889,+0781853213,+00109648,07
XQ,+098208,-0458,+0596,-0463,2026/10/08,09:54:02,+0157482407,+0781853364,+00113032,08
XQ,+098205,-0460,+0596,-0464,2026/10/08,09:54:03,+0157482817,+0781853446,+00117717,08
XQ,+098205,-0462,+0596,-0464,2026/10/08,09:54:04,+0157484005,+0781853935,+00134309,08
XQ,+098226,-0456,+0596,-0463,2026/10/08,09:54:05,+0157484455,+0781853921,+00140062,08
XQ,+098251,-0450,+0596,-0463,2026/10/08,09:54:06,+0157484967,+0781853898,+00143891,08
XQ,+098281,-0445,+0596,-0460,2026/10/08,09:54:07,+0157485296,+0781853848,+00146846,08
XQ,+098320,-0433,+0596,-0457,2026/10/08,09:54:08,+0157485537,+0781853787,+00149235,08
XQ,+098375,-0437,+0595,-0457,2026/10/08,09:54:09,+0157485940,+0781853764,+00150999,08
XQ,+098396,-0433,+0595,-0455,2026/10/08,09:54:10,+0157486246,+0781853665,+00151673,08
XQ,+098436,-0439,+0595,-0455,2026/10/08,09:54:11,+0157486421,+0781853535,+00152613,08
XQ,+098486,-0446,+0595,-0456,2026/10/08,09:54:12,+0157486612,+0781853454,+00153803,08
XQ,+098522,-0451,+0594,-0456,2026/10/08,09:54:13,+0157486933,+0781853474,+00154508,08
XQ,+098553,-0450,+0594,-0456,2026/10/08,09:54:14,+0157487247,+0781853460,+00154649,08
XQ,+098586,-0447,+0594,-0455,2026/10/08,09:54:15,+0157487110,+0781853512,+00152453,09
XQ,+098628,-0452,+0594,-0457,2026/10/08,09:54:16,+0157487420,+0781853470,+00151977,08
XQ,+098655,-0462,+0594,-0459,2026/10/08,09:54:17,+0157487787,+0781853482,+00150983,08
XQ,+098677,-0459,+0594,-0459,2026/10/08,09:54:18,+0157488060,+0781853517,+00150647,08
XQ,+098722,-0458,+0594,-0459,2026/10/08,09:54:19,+0157488314,+0781853512,+00149744,08
XQ,+098758,-0463,+0594,-0459,2026/10/08,09:54:20,+0157488500,+0781853488,+00148119,08
XQ,+098776,-0461,+0593,-0462,2026/10/08,09:54:21,+0157488471,+0781853585,+00145164,09
XQ,+098816,-0472,+0594,-0464,2026/10/08,09:54:22,+0157488620,+0781853610,+00144183,08
XQ,+098844,-0478,+0594,-0467,2026/10/08,09:54:23,+0157488742,+0781853673,+00142439,08
XQ,+098882,-0493,+0594,-0472,2026/10/08,09:54:24,+0157488842,+0781853732,+00139848,08
XQ,+098913,-0501,+0594,-0476,2026/10/08,09:54:25,+0157488724,+0781853721,+00140508,08
XQ,+098954,-0502,+0595,-0482,2026/10/08,09:54:26,+0157488879,+0781853738,+00138794,08
XQ,+098984,-0500,+0595,-0486,2026/10/08,09:54:27,+0157489029,+0781853752,+00136314,08
XQ,+099022,-0502,+0596,-0490,2026/10/08,09:54:28,+0157489116,+0781853717,+00133888,08
XQ,+099061,-0503,+0596,-0493,2026/10/08,09:54:29,+0157489196,+0781853712,+00131375,08
XQ,+099097,-0497,+0596,-0494,2026/10/08,09:54:30,+0157489142,+0781853586,+00127462,08
XQ,+099132,-0498,+0597,-0495,2026/10/08,09:54:31,+0157489064,+0781853544,+00124264,08
XQ,+099167,-0499,+0598,-0495,2026/10/08,09:54:32,+0157489498,+0781853663,+00120743,08
XQ,+099209,-0497,+0599,-0498,2026/10/08,09:54:33,+0157489773,+0781853696,+00117962,08
XQ,+099251,-0499,+0599,-0498,2026/10/08,09:54:34,+0157489823,+0781853707,+00115673,08
XQ,+099287,-0497,+0599,-0498,2026/10/08,09:54:35,+0157489934,+0781853715,+00112477,08
XQ,+099316,-0499,+0600,-0501,2026/10/08,09:54:36,+0157489949,+0781853741,+00109240,09
XQ,+099361,-0495,+0600,-0498,2026/10/08,09:54:37,+0157490239,+0781853783,+00107060,08
XQ,+099381,-0492,+0600,-0498,2026/10/08,09:54:38,+0157490408,+0781853801,+00107092,08
XQ,+099410,-0491,+0600,-0498,2026/10/08,09:54:39,+0157490758,+0781853876,+00105481,08
XQ,+099438,-0488,+0601,-0498,2026/10/08,09:54:40,+0157491015,+0781853921,+00103320,08
XQ,+099461,-0497,+0601,-0498,2026/10/08,09:54:41,+0157491066,+0781853944,+00102102,08
XQ,+099481,-0509,+0601,-0502,2026/10/08,09:54:42,+0157491209,+0781853961,+00101113,09
XQ,+099497,-0503,+0602,-0506,2026/10/08,09:54:43,+0157491554,+0781853987,+00099770,08
XQ,+099520,-0506,+0602,-0507,2026/10/08,09:54:44,+0157491839,+0781854024,+00098726,08
XQ,+099532,-0518,+0603,-0509,2026/10/08,09:54:45,+0157491840,+0781854017,+00098435,09
XQ,+099545,-0513,+0604,-0510,2026/10/08,09:54:46,+0157492012,+0781854041,+00097058,09
XQ,+099556,-0542,+0606,-0517,2026/10/08,09:54:47,+0157492198,+0781854036,+00096985,09
XQ,+099554,-0545,+0607,-0522,2026/10/08,09:54:48,+0157492375,+0781854031,+00096715,09
XQ,+099550,-0540,+0609,-0525,2026/10/08,09:54:49,+0157492356,+0781854010,+00096465,09
XQ,+099556,-0544,+0611,-0529,2026/10/08,09:54:50,+0157492065,+0781853959,+00096681,09
XQ,+099551,-0543,+0612,-0530,2026/10/08,09:54:51,+0157492044,+0781853959,+00097218,09
XQ,+099557,-0544,+0613,-0533,2026/10/08,09:54:52,+0157492354,+0781854072,+00096380,09
XQ,+099554,-0550,+0615,-0534,2026/10/08,09:54:53,+0157492753,+0781854150,+00095364,09
XQ,+099553,-0557,+0617,-0540,2026/10/08,09:54:54,+0157492689,+0781854107,+00095620,09
XQ,+099553,-0553,+0619,-0541,2026/10/08,09:54:55,+0157492661,+0781854120,+00096163,09
XQ,+099562,-0555,+0621,-0544,2026/10/08,09:54:56,+0157492742,+0781854093,+00096461,09
XQ,+099566,-0563,+0623,-0550,2026/10/08,09:54:57,+0157492803,+0781854131,+00095872,09
XQ,+099570,-0563,+0625,-0552,2026/10/08,09:54:58,+0157492867,+0781854143,+00095929,09
XQ,+099577,-0562,+0627,-0554,2026/10/08,09:54:59,+0157492949,+0781854164,+00095494,09
XQ,+099581,-0558,+0628,-0556,2026/10/08,09:55:00,+0157492995,+0781854192,+00095314,09
XQ,+099584,-0555,+0630,-0556,2026/10/08,09:55:01,+0157493100,+0781854247,+00094304,09
XQ,+099591,-0561,+0632,-0559,2026/10/08,09:55:02,+0157493041,+0781854249,+00094158,09
XQ,+099590,-0575,+0634,-0564,2026/10/08,09:55:03,+0157492956,+0781854279,+00093588,09
XQ,+099591,-0573,+0636,-0565,2026/10/08,09:55:04,+0157492990,+0781854306,+00092718,09
XQ,+099592,-0566,+0637,-0565,2026/10/08,09:55:05,+0157492976,+0781854297,+00094023,09
XQ,+099595,-0561,+0639,-0566,2026/10/08,09:55:06,+0157492906,+0781854395,+00093932,09
XQ,+099591,-0571,+0641,-0569,2026/10/08,09:55:07,+0157492840,+0781854479,+00093712,09
XQ,+099590,-0577,+0643,-0572,2026/10/08,09:55:08,+0157492877,+0781854498,+00093492,09
XQ,+099598,-0571,+0644,-0569,2026/10/08,09:55:09,+0157493006,+0781854522,+00093335,09
XQ,+099601,-0563,+0646,-0570,2026/10/08,09:55:10,+0157493149,+0781854554,+00091692,09
XQ,+099597,-0570,+0647,-0573,2026/10/08,09:55:11,+0157493252,+0781854581,+00090703,09
XQ,+099613,-0584,+0649,-0576,2026/10/08,09:55:12,+0157493187,+0781854596,+00090397,09
XQ,+099612,-0597,+0653,-0577,2026/10/08,09:55:13,+0157493262,+0781854646,+00089903,09
XQ,+099615,-0590,+0656,-0579,2026/10/08,09:55:14,+0157493291,+0781854665,+00090076,09
XQ,+099619,-0573,+0659,-0577,2026/10/08,09:55:15,+0157493346,+0781854683,+00089068,09
XQ,+099619,-0581,+0661,-0579,2026/10/08,09:55:16,+0157493399,+0781854673,+00087929,09
XQ,+099620,-0590,+0662,-0580,2026/10/08,09:55:17,+0157493566,+0781854684,+00086195,09
XQ,+099620,-0593,+0663,-0581,2026/10/08,09:55:18,+0157493628,+0781854674,+00085314,09
XQ,+099623,-0596,+0665,-0581,2026/10/08,09:55:19,+0157493641,+0781854651,+00084553,09
XQ,+099621,-0599,+0666,-0583,2026/10/08,09:55:20,+0157493683,+0781854650,+00083837,09
XQ,+099623,-0605,+0667,-0584,2026/10/08,09:55:21,+0157493732,+0781854681,+00083623,09
XQ,+099628,-0609,+0669,-0587,2026/10/08,09:55:22,+0157493850,+0781854729,+00083701,09
XQ,+099622,-0608,+0670,-0588,2026/10/08,09:55:23,+0157493965,+0781854757,+00083803,09
XQ,+099625,-0613,+0672,-0588,2026/10/08,09:55:24,+0157493999,+0781854769,+00084262,09
XQ,+099624,-0611,+0673,-0589,2026/10/08,09:55:25,+0157494011,+0781854767,+00084279,09
XQ,+099625,-0613,+0674,-0591,2026/10/08,09:55:26,+0157494138,+0781854782,+00084056,08
XQ,+099626,-0613,+0675,-0591,2026/10/08,09:55:27,+0157494222,+0781854795,+00083480,08
XQ,+099625,-0607,+0676,-0592,2026/10/08,09:55:28,+0157494243,+0781854792,+00082930,09
XQ,+099623,-0609,+0677,-0594,2026/10/08,09:55:29,+0157494374,+0781854816,+00082900,09
XQ,+099624,-0612,+0678,-0592,2026/10/08,09:55:30,+0157494453,+0781854832,+00082995,09
XQ,+099628,-0614,+0679,-0595,2026/10/08,09:55:31,+0157494482,+0781854848,+00083602,10
XQ,+099629,-0614,+0680,-0595,2026/10/08,09:55:32,+0157494562,+0781854863,+00084401,10
XQ,+099626,-0610,+0680,-0595,2026/10/08,09:55:33,+0157494546,+0781854858,+00084506,10
XQ,+099624,-0608,+0681,-0595,2026/10/08,09:55:34,+0157494497,+0781854850,+00084012,10
XQ,+099625,-0604,+0681,-0592,2026/10/08,09:55:35,+0157494411,+0781854823,+00084058,10
XQ,+099630,-0566,+0683,-0584,2026/10/08,09:55:36,+0157494488,+0781854840,+00083231,10
XQ,+099626,-0507,+0684,-0573,2026/10/08,09:55:37,+0157494554,+0781854864,+00082523,10
XQ,+099623,-0520,+0683,-0570,2026/10/08,09:55:38,+0157494555,+0781854885,+00081955,10
XQ,+099621,-0562,+0683,-0566,2026/10/08,09:55:39,+0157494654,+0781854881,+00082012,10
XQ,+099631,-0579,+0681,-0560,2026/10/08,09:55:40,+0157494927,+0781854914,+00081581,10
XQ,+099629,-0584,+0680,-0556,2026/10/08,09:55:41,+0157495175,+0781854961,+00080802,10
XQ,+099630,-0583,+0679,-0552,2026/10/08,09:55:42,+0157495410,+0781854987,+00080251,10
XQ,+099628,-0587,+0678,-0550,2026/10/08,09:55:43,+0157495570,+0781854963,+00080529,10
XQ,+099627,-0591,+0677,-0548,2026/10/08,09:55:44,+0157495416,+0781854896,+00081150,10
XQ,+099627,-0595,+0676,-0546,2026/10/08,09:55:45,+0157495361,+0781854897,+00080807,10
XQ,+099630,-0602,+0675,-0544,2026/10/08,09:55:46,+0157495216,+0781854884,+00080751,10
XQ,+099177,-0577,+0649,-0509,2026/10/08,10:03:10,+0157467770,+0781865755,+00087142,04
XQ,+099175,-0579,+0648,-0509,2026/10/08,10:03:11,+0157467645,+0781865741,+00086209,04
XQ,+099178,-0575,+0648,-0511,2026/10/08,10:03:12,+0157467805,+0781865763,+00086749,04
XQ,+099177,-0580,+0648,-0514,2026/10/08,10:03:13,+0157468039,+0781865822,+00088451,04
XQ,+099181,-0579,+0647,-0515,2026/10/08,10:03:14,+0157468199,+0781865864,+00089460,04
XQ,+099180,-0584,+0647,-0515,2026/10/08,10:03:15,+0157468327,+0781865908,+00090688,04
XQ,+099178,-0597,+0646,-0520,2026/10/08,10:03:16,+0157468772,+0781866059,+00096194,04
XQ,+099180,-0597,+0646,-0521,2026/10/08,10:03:17,+0157469092,+0781866148,+00098967,04
XQ,+099179,-0589,+0647,-0522,2026/10/08,10:03:18,+0157469341,+0781866230,+00102021,04
XQ,+099178,-0590,+0647,-0522,2026/10/08,10:03:19,+0157469376,+0781866272,+00104450,05
XQ,+099181,-0582,+0647,-0522,2026/10/08,10:03:20,+0157469222,+0781866235,+00104970,05
XQ,+099179,-0582,+0647,-0522,2026/10/08,10:03:21,+0157468028,+0781866483,+00106780,05
XQ,+099180,-0585,+0647,-0525,2026/10/08,10:03:22,+0157470272,+0781866305,+00111875,05
XQ,+099177,-0587,+0648,-0526,2026/10/08,10:03:23,+0157470346,+0781866319,+00114026,05
XQ,+099182,-0590,+0648,-0528,2026/10/08,10:03:24,+0157469846,+0781866386,+00114693,05
XQ,+099179,-0593,+0648,-0529,2026/10/08,10:03:25,+0157470631,+0781866278,+00116435,05
XQ,+099181,-0593,+0649,-0532,2026/10/08,10:03:26,+0157470485,+0781866308,+00117541,05
XQ,+099179,-0602,+0652,-0534,2026/10/08,10:03:27,+0157470751,+0781866274,+00118325,05
XQ,+099179,-0583,+0653,-0533,2026/10/08,10:03:28,+0157470610,+0781866286,+00118843,05
XQ,+099180,-0578,+0654,-0534,2026/10/08,10:03:29,+0157470646,+0781866300,+00119712,05
XQ,+099180,-0575,+0655,-0536,2026/10/08,10:03:30,+0157470652,+0781866311,+00119928,05
XQ,+099180,-0564,+0656,-0536,2026/10/08,10:03:31,+0157471024,+0781866290,+00120726,05
XQ,+099181,-0564,+0657,-0537,2026/10/08,10:03:32,+0157471549,+0781866236,+00122186,05
XQ,+099179,-0566,+0658,-0537,2026/10/08,10:03:33,+0157471781,+0781866199,+00123894,05
XQ,+099181,-0568,+0658,-0540,2026/10/08,10:03:34,+0157471601,+0781866183,+00123256,05
XQ,+099180,-0561,+0658,-0540,2026/10/08,10:03:35,+0157470255,+0781866337,+00121902,05
XQ,+099181,-0561,+0659,-0541,2026/10/08,10:03:36,+0157471081,+0781866219,+00122811,05
XQ,+099183,-0569,+0658,-0544,2026/10/08,10:03:37,+0157470487,+0781866290,+00122617,05
XQ,+099181,-0586,+0658,-0546,2026/10/08,10:03:38,+0157471515,+0781866176,+00124216,05
XQ,+099182,-0588,+0658,-0548,2026/10/08,10:03:39,+0157471392,+0781866225,+00125234,05
XQ,+099181,-0569,+0659,-0548,2026/10/08,10:03:40,+0157470048,+0781866393,+00124100,05
XQ,+099181,-0562,+0660,-0549,2026/10/08,10:03:41,+0157471292,+0781866233,+00125582,05
XQ,+099182,-0568,+0660,-0549,2026/10/08,10:03:42,+0157471064,+0781866269,+00124435,05
XQ,+099181,-0572,+0661,-0550,2026/10/08,10:03:43,+0157470635,+0781866336,+00123354,05
XQ,+099181,-0569,+0662,-0552,2026/10/08,10:03:44,+0157471355,+0781866289,+00126061,05
XQ,+099182,-0569,+0663,-0552,2026/10/08,10:03:45,+0157468837,+0781866616,+00124337,05
XQ,+099182,-0575,+0664,-0553,2026/10/08,10:03:46,+0157471186,+0781866337,+00127461,05
XQ,+099184,-0571,+0666,-0552,2026/10/08,10:03:47,+0157470934,+0781866386,+00126656,05
XQ,+099186,-0578,+0667,-0554,2026/10/08,10:03:48,+0157470610,+0781866453,+00126557,05
XQ,+099185,-0584,+0668,-0556,2026/10/08,10:03:49,+0157471767,+0781866301,+00127561,05
XQ,+099183,-0581,+0669,-0557,2026/10/08,10:03:50,+0157470169,+0781866484,+00125965,05
XQ,+099179,-0580,+0670,-0557,2026/10/08,10:03:51,+0157471898,+0781866259,+00128602,05
XQ,+099184,-0577,+0672,-0559,2026/10/08,10:03:52,+0157471291,+0781866353,+00127659,05
XQ,+099186,-0580,+0673,-0559,2026/10/08,10:03:53,+0157471813,+0781866313,+00127884,05
XQ,+099184,-0578,+0673,-0559,2026/10/08,10:03:54,+0157471648,+0781866344,+00127017,05
XQ,+099183,-0583,+0674,-0561,2026/10/08,10:03:55,+0157471775,+0781866334,+00127426,05
XQ,+099185,-0569,+0673,-0560,2026/10/08,10:03:56,+0157471053,+0781866435,+00126742,05
XQ,+099183,-0570,+0674,-0560,2026/10/08,10:03:57,+0157471755,+0781866377,+00128075,05
XQ,+099183,-0575,+0674,-0560,2026/10/08,10:03:58,+0157472041,+0781866359,+00128573,05
XQ,+099183,-0581,+0674,-0561,2026/10/08,10:03:59,+0157472724,+0781866272,+00128889,05
XQ,+099185,-0573,+0673,-0564,2026/10/08,10:04:00,+0157471127,+0781866457,+00126483,05
XQ,+099187,-0563,+0673,-0561,2026/10/08,10:04:01,+0157471667,+0781866397,+00128137,06
XQ,+099184,-0553,+0673,-0561,2026/10/08,10:04:02,+0157471392,+0781866453,+00127879,06
XQ,+099180,-0554,+0673,-0559,2026/10/08,10:04:03,+0157471406,+0781866430,+00128497,06
XQ,+099185,-0560,+0673,-0561,2026/10/08,10:04:04,+0157471129,+0781866473,+00127409,06
XQ,+099188,-0570,+0673,-0564,2026/10/08,10:04:05,+0157471376,+0781866430,+00130880,07
XQ,+099186,-0581,+0673,-0564,2026/10/08,10:04:06,+0157471296,+0781866463,+00130971,07
XQ,+099183,-0576,+0673,-0564,2026/10/08,10:04:07,+0157471127,+0781866480,+00129297,07
XQ,+099185,-0560,+0672,-0561,2026/10/08,10:04:08,+0157471171,+0781866468,+00128779,07
XQ,+099185,-0551,+0671,-0564,2026/10/08,10:04:09,+0157470799,+0781866607,+00127402,08
XQ,+099183,-0547,+0670,-0560,2026/10/08,10:04:10,+0157471122,+0781866605,+00130297,08
XQ,+099184,-0546,+0669,-0561,2026/10/08,10:04:11,+0157471306,+0781866617,+00131455,08
XQ,+099187,-0549,+0668,-0561,2026/10/08,10:04:12,+0157471471,+0781866623,+00132098,08
XQ,+099190,-0549,+0668,-0560,2026/10/08,10:04:13,+0157471531,+0781866609,+00131768,08
XQ,+099186,-0531,+0667,-0559,2026/10/08,10:04:14,+0157471560,+0781866589,+00132000,08
XQ,+099187,-0523,+0666,-0557,2026/10/08,10:04:15,+0157471695,+0781866534,+00132247,08
XQ,+099184,-0523,+0665,-0556,2026/10/08,10:04:16,+0157471795,+0781866520,+00133069,08
XQ,+099189,-0509,+0664,-0554,2026/10/08,10:04:17,+0157471772,+0781866550,+00133930,08
XQ,+099185,-0508,+0664,-0553,2026/10/08,10:04:18,+0157471819,+0781866548,+00134259,08
XQ,+099182,-0518,+0663,-0552,2026/10/08,10:04:19,+0157471860,+0781866549,+00134424,08
XQ,+099184,-0516,+0662,-0552,2026/10/08,10:04:20,+0157471939,+0781866553,+00135050,08
XQ,+099184,-0516,+0661,-0552,2026/10/08,10:04:21,+0157471912,+0781866565,+00134650,08
XQ,+099186,-0518,+0660,-0552,2026/10/08,10:04:22,+0157471927,+0781866576,+00134502,08
XQ,+099186,-0520,+0659,-0550,2026/10/08,10:04:23,+0157472026,+0781866571,+00134379,08
XQ,+099185,-0504,+0659,-0549,2026/10/08,10:04:24,+0157472290,+0781866567,+00134969,08
XQ,+099186,-0477,+0658,-0544,2026/10/08,10:04:25,+0157472383,+0781866571,+00134797,09
XQ,+099182,-0472,+0656,-0541,2026/10/08,10:04:26,+0157472692,+0781866567,+00135731,09
XQ,+099183,-0476,+0656,-0539,2026/10/08,10:04:27,+0157472765,+0781866574,+00136256,09
XQ,+099185,-0480,+0654,-0536,2026/10/08,10:04:28,+0157472872,+0781866565,+00136895,09
XQ,+099183,-0482,+0654,-0534,2026/10/08,10:04:29,+0157473014,+0781866561,+00137462,09
XQ,+099186,-0477,+0652,-0532,2026/10/08,10:04:30,+0157472902,+0781866559,+00137480,09
XQ,+099182,-0471,+0651,-0528,2026/10/08,10:04:31,+0157472942,+0781866584,+00137459,10
XQ,+099172,-0464,+0649,-0525,2026/10/08,10:04:32,+0157473069,+0781866638,+00137166,10
XQ,+099162,-0461,+0648,-0521,2026/10/08,10:04:33,+0157473477,+0781866721,+00137832,10
XQ,+099149,-0457,+0646,-0517,2026/10/08,10:04:34,+0157473771,+0781866784,+00138001,10
XQ,+099135,-0454,+0644,-0515,2026/10/08,10:04:35,+0157473730,+0781866800,+00138730,09
XQ,+099127,-0455,+0643,-0513,2026/10/08,10:04:36,+0157473705,+0781866847,+00137354,10
XQ,+099109,-0458,+0640,-0510,2026/10/08,10:04:37,+0157473745,+0781866873,+00137170,10
XQ,+099097,-0454,+0638,-0506,2026/10/08,10:04:38,+0157473623,+0781866884,+00137134,10
XQ,+099089,-0452,+0636,-0505,2026/10/08,10:04:39,+0157473564,+0781866912,+00136528,10
XQ,+099076,-0452,+0635,-0502,2026/10/08,10:04:40,+0157473538,+0781866958,+00136458,10
XQ,+099060,-0459,+0633,-0501,2026/10/08,10:04:41,+0157473529,+0781866984,+00136437,10
XQ,+099050,-0461,+0632,-0501,2026/10/08,10:04:42,+0157473636,+0781867004,+00137094,10
XQ,+099036,-0464,+0632,-0497,2026/10/08,10:04:43,+0157473713,+0781867034,+00136474,10
XQ,+099028,-0467,+0630,-0495,2026/10/08,10:04:44,+0157473633,+0781867073,+00134620,10
XQ,+099011,-0477,+0630,-0495,2026/10/08,10:04:45,+0157473461,+0781867103,+00133601,10
XQ,+099002,-0479,+0629,-0495,2026/10/08,10:04:46,+0157473439,+0781867115,+00134181,10
XQ,+098992,-0478,+0628,-0494,2026/10/08,10:04:47,+0157473348,+0781867115,+00134373,10
XQ,+098976,-0478,+0628,-0494,2026/10/08,10:04:48,+0157473195,+0781867152,+00131622,10
XQ,+098968,-0475,+0627,-0493,2026/10/08,10:04:49,+0157473191,+0781867183,+00132182,10
XQ,+098956,-0476,+0627,-0493,2026/10/08,10:04:50,+0157473037,+0781867196,+00131595,10
XQ,+098946,-0458,+0626,-0490,2026/10/08,10:04:51,+0157472898,+0781867224,+00131796,10
XQ,+098932,-0450,+0625,-0487,2026/10/08,10:04:52,+0157472797,+0781867265,+00131230,10
XQ,+098921,-0449,+0624,-0486,2026/10/08,10:04:53,+0157472771,+0781867311,+00131154,10
XQ,+098912,-0445,+0622,-0485,2026/10/08,10:04:54,+0157472553,+0781867357,+00130815,10
XQ,+098899,-0442,+0621,-0483,2026/10/08,10:04:55,+0157472392,+0781867397,+00130244,10
XQ,+098886,-0440,+0620,-0481,2026/10/08,10:04:56,+0157472346,+0781867449,+00128139,10
XQ,+098875,-0441,+0619,-0479,2026/10/08,10:04:57,+0157472583,+0781867492,+00127769,10
XQ,+098867,-0445,+0617,-0478,2026/10/08,10:04:58,+0157472952,+0781867524,+00127757,10
XQ,+098853,-0450,+0616,-0476,2026/10/08,10:04:59,+0157473082,+0781867549,+00128704,10
XQ,+098838,-0445,+0615,-0475,2026/10/08,10:05:00,+0157473010,+0781867602,+00127808,10
XQ,+098831,-0442,+0614,-0472,2026/10/08,10:05:01,+0157472880,+0781867620,+00128155,11
XQ,+098820,-0441,+0613,-0472,2026/10/08,10:05:02,+0157472773,+0781867621,+00128512,11
XQ,+098806,-0441,+0612,-0471,2026/10/08,10:05:03,+0157472589,+0781867645,+00128729,11
XQ,+098794,-0443,+0612,-0470,2026/10/08,10:05:04,+0157472458,+0781867661,+00129156,11
XQ,+098783,-0443,+0611,-0471,2026/10/08,10:05:05,+0157472604,+0781867663,+00130306,11
XQ,+098771,-0442,+0610,-0468,2026/10/08,10:05:06,+0157472655,+0781867659,+00130718,11
XQ,+098766,-0446,+0609,-0467,2026/10/08,10:05:07,+0157472485,+0781867676,+00129516,11
XQ,+098754,-0451,+0609,-0466,2026/10/08,10:05:08,+0157472491,+0781867692,+00129007,11
XQ,+098745,-0455,+0608,-0467,2026/10/08,10:05:09,+0157472253,+0781867742,+00128251,11
XQ,+098729,-0458,+0607,-0467,2026/10/08,10:05:10,+0157471927,+0781867768,+00127812,11
XQ,+098721,-0459,+0607,-0466,2026/10/08,10:05:11,+0157471599,+0781867810,+00126272,11
XQ,+098706,-0458,+0606,-0467,2026/10/08,10:05:12,+0157471323,+0781867851,+00124177,11
XQ,+098696,-0458,+0606,-0466,2026/10/08,10:05:13,+0157471134,+0781867876,+00123071,11
XQ,+098684,-0457,+0606,-0466,2026/10/08,10:05:14,+0157471047,+0781867891,+00122680,11
XQ,+098672,-0458,+0605,-0466,2026/10/08,10:05:15,+0157470990,+0781867905,+00122195,11
XQ,+098658,-0459,+0604,-0464,2026/10/08,10:05:16,+0157470956,+0781867943,+00122543,11
XQ,+098647,-0461,+0604,-0466,2026/10/08,10:05:17,+0157470764,+0781867989,+00121080,11
XQ,+098638,-0456,+0604,-0464,2026/10/08,10:05:18,+0157470565,+0781868030,+00120435,11
XQ,+098623,-0456,+0603,-0464,2026/10/08,10:05:19,+0157470474,+0781868048,+00120297,10
XQ,+098609,-0457,+0603,-0464,2026/10/08,10:05:20,+0157470490,+0781868051,+00120561,11
XQ,+098603,-0459,+0603,-0466,2026/10/08,10:05:21,+0157470323,+0781868079,+00120028,11
XQ,+098591,-0460,+0602,-0464,2026/10/08,10:05:22,+0157470164,+0781868114,+00118971,11
XQ,+098580,-0460,+0602,-0464,2026/10/08,10:05:23,+0157470086,+0781868157,+00117994,11
XQ,+098568,-0462,+0602,-0466,2026/10/08,10:05:24,+0157469940,+0781868194,+00117092,11
XQ,+098556,-0465,+0602,-0466,2026/10/08,10:05:25,+0157469864,+0781868226,+00116521,11
XQ,+098549,-0465,+0602,-0466,2026/10/08,10:05:26,+0157469818,+0781868243,+00116897,11
XQ,+098535,-0465,+0601,-0466,2026/10/08,10:05:27,+0157469769,+0781868262,+00117537,11
XQ,+098523,-0465,+0601,-0467,2026/10/08,10:05:28,+0157469633,+0781868271,+00116824,11
XQ,+098508,-0465,+0601,-0467,2026/10/08,10:05:29,+0157469469,+0781868281,+00116227,11
XQ,+098496,-0466,+0601,-0467,2026/10/08,10:05:30,+0157469512,+0781868282,+00116906,11
XQ,+098488,-0466,+0601,-0467,2026/10/08,10:05:31,+0157469659,+0781868286,+00117498,11
XQ,+098474,-0467,+0601,-0468,2026/10/08,10:05:32,+0157469698,+0781868311,+00116660,11
XQ,+098461,-0467,+0601,-0468,2026/10/08,10:05:33,+0157469582,+0781868314,+00116807,11
XQ,+098450,-0466,+0601,-0470,2026/10/08,10:05:34,+0157469535,+0781868334,+00116471,11
XQ,+098441,-0469,+0601,-0470,2026/10/08,10:05:35,+0157469420,+0781868357,+00115394,11
XQ,+098433,-0473,+0601,-0468,2026/10/08,10:05:36,+0157469261,+0781868355,+00115135,11
XQ,+098416,-0472,+0601,-0471,2026/10/08,10:05:37,+0157469166,+0781868389,+00115419,11
XQ,+098406,-0473,+0601,-0470,2026/10/08,10:05:38,+0157469259,+0781868428,+00116524,11
XQ,+098392,-0471,+0601,-0471,2026/10/08,10:05:39,+0157469402,+0781868455,+00117551,12
XQ,+098383,-0470,+0601,-0471,2026/10/08,10:05:40,+0157469442,+0781868458,+00118525,12
XQ,+098371,-0470,+0601,-0472,2026/10/08,10:05:41,+0157469267,+0781868463,+00118584,12
XQ,+098361,-0470,+0601,-0474,2026/10/08,10:05:42,+0157469229,+0781868460,+00120114,12
XQ,+098349,-0474,+0601,-0474,2026/10/08,10:05:43,+0157469285,+0781868462,+00120914,11
XQ,+098339,-0473,+0601,-0472,2026/10/08,10:05:44,+0157469420,+0781868477,+00121694,11
XQ,+098329,-0474,+0601,-0474,2026/10/08,10:05:45,+0157469462,+0781868484,+00122631,11
XQ,+098318,-0474,+0601,-0475,2026/10/08,10:05:46,+0157469382,+0781868491,+00123034,12
XQ,+098304,-0473,+0601,-0472,2026/10/08,10:05:47,+0157469205,+0781868498,+00123514,12
XQ,+098295,-0473,+0601,-0475,2026/10/08,10:05:48,+0157469090,+0781868511,+00123869,12
XQ,+098284,-0476,+0601,-0474,2026/10/08,10:05:49,+0157469094,+0781868518,+00125256,12
XQ,+098267,-0478,+0601,-0475,2026/10/08,10:05:50,+0157469156,+0781868502,+00127677,12
XQ,+098256,-0480,+0601,-0476,2026/10/08,10:05:51,+0157469036,+0781868489,+00128495,12
XQ,+098247,-0482,+0601,-0476,2026/10/08,10:05:52,+0157468947,+0781868471,+00128943,11
XQ,+098230,-0484,+0602,-0475,2026/10/08,10:05:53,+0157468983,+0781868460,+00130711,12
XQ,+098222,-0484,+0602,-0476,2026/10/08,10:05:54,+0157468925,+0781868464,+00131173,11
XQ,+098210,-0486,+0602,-0478,2026/10/08,10:05:55,+0157469076,+0781868467,+00133388,12
XQ,+098201,-0486,+0602,-0476,2026/10/08,10:05:56,+0157469150,+0781868454,+00135394,12
XQ,+098189,-0486,+0603,-0478,2026/10/08,10:05:57,+0157469103,+0781868438,+00136644,11
XQ,+098174,-0486,+0603,-0481,2026/10/08,10:05:58,+0157469014,+0781868430,+00136577,10
XQ,+098164,-0488,+0603,-0481,2026/10/08,10:05:59,+0157469123,+0781868422,+00137837,10
XQ,+098156,-0487,+0604,-0479,2026/10/08,10:06:00,+0157469207,+0781868412,+00139267,11
XQ,+098142,-0488,+0604,-0482,2026/10/08,10:06:01,+0157469225,+0781868398,+00140735,10
XQ,+098131,-0488,+0604,-0482,2026/10/08,10:06:02,+0157468975,+0781868428,+00137775,10
XQ,+098117,-0489,+0604,-0483,2026/10/08,10:06:03,+0157468953,+0781868454,+00137364,11
XQ,+098109,-0488,+0604,-0482,2026/10/08,10:06:04,+0157468953,+0781868454,+00137712,11
XQ,+098094,-0490,+0604,-0483,2026/10/08,10:06:05,+0157469008,+0781868437,+00138607,11
XQ,+098084,-0491,+0605,-0483,2026/10/08,10:06:06,+0157469026,+0781868422,+00139900,11
XQ,+098073,-0493,+0605,-0485,2026/10/08,10:06:07,+0157468934,+0781868424,+00140682,10
XQ,+098060,-0494,+0605,-0485,2026/10/08,10:06:08,+0157468891,+0781868433,+00141401,10
XQ,+098048,-0495,+0605,-0485,2026/10/08,10:06:09,+0157468962,+0781868424,+00144437,10
XQ,+098035,-0493,+0605,-0487,2026/10/08,10:06:10,+0157468950,+0781868429,+00147195,11
XQ,+098021,-0494,+0606,-0487,2026/10/08,10:06:11,+0157468849,+0781868411,+00150365,11
XQ,+098010,-0496,+0606,-0487,2026/10/08,10:06:12,+0157468762,+0781868398,+00152431,10
XQ,+098003,-0496,+0606,-0489,2026/10/08,10:06:13,+0157468800,+0781868398,+00154000,11
XQ,+097988,-0497,+0606,-0487,2026/10/08,10:06:14,+0157468882,+0781868361,+00156389,10
XQ,+097977,-0500,+0606,-0489,2026/10/08,10:06:15,+0157468924,+0781868332,+00158222,10
XQ,+097965,-0500,+0606,-0489,2026/10/08,10:06:16,+0157468967,+0781868344,+00158877,10
XQ,+097953,-0496,+0607,-0490,2026/10/08,10:06:17,+0157469032,+0781868348,+00160061,10
XQ,+097941,-0492,+0606,-0490,2026/10/08,10:06:18,+0157468983,+0781868329,+00160744,10
XQ,+097934,-0492,+0606,-0490,2026/10/08,10:06:19,+0157468983,+0781868335,+00161209,11
XQ,+097919,-0492,+0606,-0491,2026/10/08,10:06:20,+0157468977,+0781868333,+00161895,11
XQ,+097909,-0494,+0607,-0491,2026/10/08,10:06:21,+0157468974,+0781868321,+00162742,11
XQ,+097900,-0495,+0607,-0491,2026/10/08,10:06:22,+0157468989,+0781868321,+00164300,11
XQ,+097887,-0495,+0607,-0493,2026/10/08,10:06:23,+0157469047,+0781868303,+00166024,11
XQ,+097874,-0496,+0607,-0493,2026/10/08,10:06:24,+0157469155,+0781868278,+00167927,12
XQ,+097862,-0495,+0607,-0493,2026/10/08,10:06:25,+0157469221,+0781868271,+00170058,12
XQ,+097848,-0496,+0607,-0493,2026/10/08,10:06:26,+0157469293,+0781868260,+00171952,11
XQ,+097841,-0493,+0607,-0491,2026/10/08,10:06:27,+0157469293,+0781868257,+00174156,11
XQ,+097825,-0490,+0607,-0493,2026/10/08,10:06:28,+0157469189,+0781868257,+00175149,11
XQ,+097809,-0488,+0607,-0493,2026/10/08,10:06:29,+0157469138,+0781868242,+00176631,11
XQ,+097802,-0486,+0607,-0491,2026/10/08,10:06:30,+0157469226,+0781868218,+00178741,11
XQ,+097785,-0489,+0606,-0491,2026/10/08,10:06:31,+0157469154,+0781868194,+00179157,11
XQ,+097775,-0489,+0606,-0493,2026/10/08,10:06:32,+0157469047,+0781868184,+00180044,10
XQ,+097772,-0487,+0606,-0493,2026/10/08,10:06:33,+0157468984,+0781868182,+00180290,11
XQ,+097774,-0488,+0606,-0493,2026/10/08,10:06:34,+0157468898,+0781868171,+00180816,11
XQ,+097764,-0485,+0606,-0491,2026/10/08,10:06:35,+0157468860,+0781868157,+00180640,11
XQ,+097769,-0482,+0606,-0491,2026/10/08,10:06:36,+0157468973,+0781868160,+00181048,09
XQ,+097771,-0483,+0606,-0491,2026/10/08,10:06:37,+0157469057,+0781868153,+00181919,10
XQ,+097772,-0488,+0606,-0490,2026/10/08,10:06:38,+0157469166,+0781868171,+00183285,10
XQ,+097771,-0487,+0606,-0490,2026/10/08,10:06:39,+0157469237,+0781868199,+00184336,11
XQ,+097771,-0488,+0606,-0490,2026/10/08,10:06:40,+0157469130,+0781868227,+00182258,12
XQ,+097774,-0483,+0606,-0490,2026/10/08,10:06:41,+0157469085,+0781868209,+00181485,11
XQ,+097779,-0477,+0606,-0490,2026/10/08,10:06:42,+0157469169,+0781868182,+00180164,11
XQ,+097782,-0476,+0606,-0489,2026/10/08,10:06:43,+0157469380,+0781868152,+00179963,11
XQ,+097832,-0471,+0606,-0487,2026/10/08,10:06:44,+0157469293,+0781868126,+00176944,10
XQ,+097873,-0470,+0605,-0486,2026/10/08,10:06:45,+0157469124,+0781868109,+00173403,10
XQ,+097912,-0481,+0605,-0486,2026/10/08,10:06:46,+0157469166,+0781868059,+00169907,10
XQ,+097949,-0485,+0605,-0486,2026/10/08,10:06:47,+0157469327,+0781868009,+00167809,10
XQ,+097981,-0494,+0605,-0487,2026/10/08,10:06:48,+0157469349,+0781868010,+00165545,11
XQ,+098011,-0496,+0605,-0490,2026/10/08,10:06:49,+0157469398,+0781868017,+00163622,11
XQ,+098040,-0490,+0605,-0489,2026/10/08,10:06:50,+0157469395,+0781868013,+00161440,10
XQ,+098083,-0489,+0606,-0489,2026/10/08,10:06:51,+0157469368,+0781868001,+00158242,11
XQ,+098121,-0491,+0606,-0490,2026/10/08,10:06:52,+0157469340,+0781867964,+00155723,13
XQ,+098149,-0494,+0606,-0491,2026/10/08,10:06:53,+0157469424,+0781867953,+00155284,12
XQ,+098188,-0492,+0606,-0490,2026/10/08,10:06:54,+0157469492,+0781867934,+00153349,11
XQ,+098222,-0490,+0606,-0490,2026/10/08,10:06:55,+0157469461,+0781867919,+00150183,11
XQ,+098261,-0488,+0606,-0490,2026/10/08,10:06:56,+0157469359,+0781867926,+00146704,12
XQ,+098294,-0486,+0606,-0490,2026/10/08,10:06:57,+0157469456,+0781867925,+00144594,12
XQ,+098322,-0485,+0607,-0490,2026/10/08,10:06:58,+0157469478,+0781867918,+00141815,11
XQ,+098351,-0478,+0607,-0489,2026/10/08,10:06:59,+0157469429,+0781867931,+00138746,12
XQ,+098388,-0464,+0607,-0487,2026/10/08,10:07:00,+0157469502,+0781867916,+00136087,11
XQ,+098415,-0449,+0607,-0482,2026/10/08,10:07:01,+0157469371,+0781867927,+00132569,12
XQ,+098461,-0442,+0607,-0478,2026/10/08,10:07:02,+0157469381,+0781867926,+00129556,12
XQ,+098494,-0436,+0606,-0476,2026/10/08,10:07:03,+0157469338,+0781867908,+00126831,11
XQ,+098542,-0455,+0606,-0475,2026/10/08,10:07:04,+0157469181,+0781867913,+00124148,12
XQ,+098565,-0456,+0606,-0472,2026/10/08,10:07:05,+0157469120,+0781867896,+00121319,11
XQ,+098610,-0441,+0606,-0470,2026/10/08,10:07:06,+0157469098,+0781867856,+00119115,11
XQ,+098648,-0426,+0605,-0464,2026/10/08,10:07:07,+0157469072,+0781867845,+00116262,11
XQ,+098685,-0420,+0605,-0463,2026/10/08,10:07:08,+0157469153,+0781867858,+00113858,12
XQ,+098711,-0430,+0604,-0460,2026/10/08,10:07:09,+0157469364,+0781867823,+00112960,10
XQ,+098750,-0439,+0604,-0459,2026/10/08,10:07:10,+0157469409,+0781867789,+00112301,11
XQ,+098795,-0437,+0604,-0460,2026/10/08,10:07:11,+0157469484,+0781867751,+00109997,12
XQ,+098830,-0445,+0603,-0457,2026/10/08,10:07:12,+0157469869,+0781867677,+00112414,14
XQ,+098857,-0448,+0602,-0459,2026/10/08,10:07:13,+0157470261,+0781867594,+00114348,14
XQ,+098900,-0447,+0602,-0457,2026/10/08,10:07:14,+0157470531,+0781867531,+00113811,11
XQ,+098942,-0446,+0601,-0457,2026/10/08,10:07:15,+0157470762,+0781867467,+00112847,12
XQ,+098969,-0448,+0601,-0459,2026/10/08,10:07:16,+0157470657,+0781867416,+00109468,12
XQ,+098998,-0444,+0601,-0456,2026/10/08,10:07:17,+0157470523,+0781867379,+00107084,11
XQ,+099035,-0446,+0600,-0456,2026/10/08,10:07:18,+0157470595,+0781867348,+00105108,11
XQ,+099086,-0448,+0600,-0455,2026/10/08,10:07:19,+0157470620,+0781867338,+00104251,12
XQ,+099083,-0442,+0600,-0456,2026/10/08,10:07:20,+0157470721,+0781867334,+00105276,11
XQ,+099089,-0443,+0600,-0455,2026/10/08,10:07:21,+0157470751,+0781867391,+00106310,13
XQ,+099085,-0445,+0600,-0455,2026/10/08,10:07:22,+0157470673,+0781867455,+00107099,12
XQ,+099101,-0445,+0600,-0455,2026/10/08,10:07:23,+0157470846,+0781867445,+00107529,11
XQ,+099111,-0446,+0600,-0453,2026/10/08,10:07:24,+0157470999,+0781867415,+00107639,13
XQ,+099111,-0450,+0600,-0453,2026/10/08,10:07:25,+0157471028,+0781867405,+00108964,13
XQ,+099107,-0454,+0600,-0455,2026/10/08,10:07:26,+0157471013,+0781867410,+00109594,12
XQ,+099107,-0460,+0600,-0456,2026/10/08,10:07:27,+0157470980,+0781867415,+00109753,13
XQ,+099098,-0464,+0601,-0456,2026/10/08,10:07:28,+0157471013,+0781867413,+00110020,12
XQ,+099107,-0461,+0602,-0457,2026/10/08,10:07:29,+0157471018,+0781867408,+00109723,12
XQ,+099106,-0461,+0602,-0457,2026/10/08,10:07:30,+0157470988,+0781867396,+00109728,12
XQ,+099103,-0468,+0604,-0459,2026/10/08,10:07:31,+0157471015,+0781867379,+00110829,12
XQ,+099084,-0479,+0605,-0462,2026/10/08,10:07:32,+0157470947,+0781867348,+00112628,11
XQ,+099043,-0472,+0605,-0462,2026/10/08,10:07:33,+0157471142,+0781867314,+00115951,13
XQ,+099046,-0462,+0605,-0462,2026/10/08,10:07:34,+0157471376,+0781867250,+00116778,12
XQ,+099044,-0459,+0605,-0460,2026/10/08,10:07:35,+0157471627,+0781867165,+00120003,12
XQ,+099031,-0464,+0605,-0463,2026/10/08,10:07:36,+0157471398,+0781866972,+00120705,13
XQ,+099028,-0461,+0605,-0463,2026/10/08,10:07:37,+0157470994,+0781866529,+00121399,12
XQ,+099014,-0459,+0604,-0462,2026/10/08,10:07:38,+0157470239,+0781866019,+00121972,12
XQ,+098992,-0454,+0604,-0462,2026/10/08,10:07:39,+0157468644,+0781865642,+00124131,13
XQ,+098959,-0453,+0604,-0462,2026/10/08,10:07:40,+0157467951,+0781865282,+00128646,11
XQ,+098933,-0450,+0603,-0459,2026/10/08,10:07:41,+0157468885,+0781864999,+00130120,12
XQ,+098937,-0450,+0602,-0460,2026/10/08,10:07:42,+0157469807,+0781864899,+00129986,12
XQ,+098943,-0452,+0602,-0459,2026/10/08,10:07:43,+0157469956,+0781864855,+00131207,12
XQ,+098916,-0454,+0601,-0462,2026/10/08,10:07:44,+0157470294,+0781864980,+00133361,12
XQ,+098904,-0448,+0601,-0460,2026/10/08,10:07:45,+0157470187,+0781865215,+00134902,12
XQ,+098875,-0443,+0600,-0457,2026/10/08,10:07:46,+0157469861,+0781865577,+00136920,12
XQ,+098818,-0443,+0600,-0459,2026/10/08,10:07:47,+0157470793,+0781865955,+00141213,12
XQ,+098778,-0446,+0599,-0459,2026/10/08,10:07:48,+0157472546,+0781866220,+00143371,12
XQ,+098800,-0443,+0599,-0456,2026/10/08,10:07:49,+0157473604,+0781866349,+00142587,12
XQ,+098822,-0436,+0598,-0455,2026/10/08,10:07:50,+0157473749,+0781866376,+00139905,12
XQ,+098848,-0437,+0598,-0452,2026/10/08,10:07:51,+0157473469,+0781866352,+00139748,12
XQ,+098864,-0441,+0597,-0452,2026/10/08,10:07:52,+0157473099,+0781866341,+00140186,12
XQ,+098868,-0436,+0596,-0451,2026/10/08,10:07:53,+0157472718,+0781866334,+00138909,12
XQ,+098907,-0436,+0596,-0449,2026/10/08,10:07:54,+0157472522,+0781866348,+00137183,11
XQ,+098904,-0444,+0596,-0451,2026/10/08,10:07:55,+0157472476,+0781866361,+00136627,12
XQ,+098910,-0447,+0596,-0452,2026/10/08,10:07:56,+0157472896,+0781866229,+00136128,12
XQ,+098904,-0444,+0595,-0451,2026/10/08,10:07:57,+0157473752,+0781865899,+00134725,12
XQ,+098905,-0447,+0596,-0452,2026/10/08,10:07:58,+0157474291,+0781865670,+00133735,10
XQ,+098890,-0451,+0595,-0453,2026/10/08,10:07:59,+0157474284,+0781865659,+00131707,12
XQ,+098898,-0460,+0595,-0455,2026/10/08,10:08:00,+0157474237,+0781865639,+00130994,12
XQ,+098903,-0466,+0595,-0457,2026/10/08,10:08:01,+0157474369,+0781865598,+00133388,12
XQ,+098906,-0467,+0596,-0459,2026/10/08,10:08:02,+0157474458,+0781865587,+00135324,11
XQ,+098897,-0460,+0596,-0460,2026/10/08,10:08:03,+0157474038,+0781865526,+00137191,12
XQ,+098889,-0457,+0596,-0459,2026/10/08,10:08:04,+0157472517,+0781865414,+00138322,12
XQ,+098889,-0453,+0596,-0459,2026/10/08,10:08:05,+0157470105,+0781865293,+00138664,12
XQ,+098871,-0451,+0596,-0459,2026/10/08,10:08:06,+0157468134,+0781865004,+00139449,12
XQ,+098890,-0456,+0596,-0457,2026/10/08,10:08:07,+0157467915,+0781864590,+00139884,12
XQ,+098892,-0456,+0596,-0459,2026/10/08,10:08:08,+0157469758,+0781864224,+00140697,12
XQ,+098879,-0457,+0596,-0459,2026/10/08,10:08:09,+0157473196,+0781863827,+00141237,12
XQ,+098878,-0455,+0596,-0459,2026/10/08,10:08:10,+0157477445,+0781863355,+00142328,12
XQ,+098861,-0456,+0596,-0459,2026/10/08,10:08:11,+0157481376,+0781862972,+00141813,12
XQ,+098890,-0445,+0596,-0459,2026/10/08,10:08:12,+0157483463,+0781862779,+00141785,12
XQ,+098904,-0451,+0596,-0459,2026/10/08,10:08:13,+0157483735,+0781862803,+00141972,13
XQ,+098916,-0452,+0596,-0459,2026/10/08,10:08:14,+0157483238,+0781863076,+00141858,13
XQ,+098921,-0445,+0596,-0457,2026/10/08,10:08:15,+0157481720,+0781863489,+00142293,13
XQ,+098919,-0445,+0596,-0457,2026/10/08,10:08:16,+0157479336,+0781863966,+00142771,14
XQ,+098938,-0443,+0595,-0455,2026/10/08,10:08:17,+0157476485,+0781864604,+00142933,14
XQ,+098921,-0427,+0595,-0449,2026/10/08,10:08:18,+0157474088,+0781865215,+00142862,13
XQ,+098914,-0433,+0595,-0449,2026/10/08,10:08:19,+0157473104,+0781865490,+00142657,13
XQ,+098917,-0431,+0595,-0448,2026/10/08,10:08:20,+0157472638,+0781865531,+00140444,12
XQ,+098948,-0430,+0594,-0445,2026/10/08,10:08:21,+0157472559,+0781865474,+00138350,12
XQ,+098994,-0433,+0594,-0447,2026/10/08,10:08:22,+0157472358,+0781865589,+00135502,12
XQ,+099034,-0412,+0593,-0441,2026/10/08,10:08:23,+0157471491,+0781865964,+00132828,12
XQ,+099042,-0393,+0593,-0435,2026/10/08,10:08:24,+0157469970,+0781866358,+00132020,12
XQ,+099034,-0399,+0592,-0433,2026/10/08,10:08:25,+0157469122,+0781866496,+00132717,12
XQ,+099035,-0414,+0592,-0432,2026/10/08,10:08:26,+0157468971,+0781866502,+00131601,12
XQ,+099037,-0426,+0592,-0432,2026/10/08,10:08:27,+0157469005,+0781866490,+00132018,12
XQ,+099038,-0430,+0592,-0433,2026/10/08,10:08:28,+0157469011,+0781866471,+00131756,12
XQ,+099034,-0415,+0592,-0432,2026/10/08,10:08:29,+0157469237,+0781866461,+00132086,12
XQ,+099039,-0406,+0591,-0431,2026/10/08,10:08:30,+0157469383,+0781866475,+00132164,12
XQ,+099040,-0409,+0591,-0428,2026/10/08,10:08:31,+0157469507,+0781866487,+00131743,12
XQ,+099043,-0421,+0591,-0431,2026/10/08,10:08:32,+0157469657,+0781866492,+00131581,12
XQ,+099045,-0427,+0591,-0432,2026/10/08,10:08:33,+0157469813,+0781866486,+00131634,12
XQ,+099041,-0428,+0591,-0432,2026/10/08,10:08:34,+0157469944,+0781866486,+00132124,12
XQ,+099043,-0430,+0591,-0433,2026/10/08,10:08:35,+0157470000,+0781866480,+00132553,12
XQ,+099042,-0433,+0591,-0435,2026/10/08,10:08:36,+0157470191,+0781866371,+00132808,12
XQ,+099027,-0449,+0592,-0436,2026/10/08,10:08:37,+0157470689,+0781866087,+00133338,12
XQ,+099032,-0469,+0593,-0443,2026/10/08,10:08:38,+0157471049,+0781865631,+00133671,12
XQ,+099022,-0449,+0593,-0443,2026/10/08,10:08:39,+0157470634,+0781865095,+00134724,12
XQ,+099033,-0414,+0593,-0436,2026/10/08,10:08:40,+0157469268,+0781864589,+00135096,12
XQ,+099020,-0427,+0593,-0440,2026/10/08,10:08:41,+0157467152,+0781864209,+00135117,12
XQ,+099023,-0435,+0594,-0441,2026/10/08,10:08:42,+0157464742,+0781864013,+00134491,12
XQ,+099021,-0460,+0594,-0445,2026/10/08,10:08:43,+0157462300,+0781864114,+00134257,12
XQ,+099017,-0469,+0595,-0448,2026/10/08,10:08:44,+0157460571,+0781864350,+00134895,12
XQ,+099037,-0482,+0596,-0455,2026/10/08,10:08:45,+0157459954,+0781864498,+00134951,12
XQ,+099039,-0493,+0597,-0460,2026/10/08,10:08:46,+0157459923,+0781864530,+00134589,11
XQ,+099038,-0483,+0598,-0463,2026/10/08,10:08:47,+0157459865,+0781864533,+00133716,11
XQ,+099042,-0463,+0600,-0462,2026/10/08,10:08:48,+0157459671,+0781864546,+00132618,12
XQ,+099049,-0447,+0601,-0459,2026/10/08,10:08:49,+0157459839,+0781864534,+00132989,12
XQ,+099049,-0426,+0601,-0456,2026/10/08,10:08:50,+0157459796,+0781864528,+00132737,12
XQ,+099049,-0418,+0600,-0453,2026/10/08,10:08:51,+0157459786,+0781864529,+00132305,12
XQ,+099049,-0421,+0600,-0451,2026/10/08,10:08:52,+0157459827,+0781864534,+00132471,12
XQ,+099051,-0430,+0600,-0449,2026/10/08,10:08:53,+0157459723,+0781864526,+00131735,12
XQ,+099054,-0427,+0599,-0449,2026/10/08,10:08:54,+0157459848,+0781864585,+00132681,12
XQ,+099047,-0430,+0600,-0449,2026/10/08,10:08:55,+0157461070,+0781864673,+00132704,12
XQ,+099034,-0432,+0601,-0448,2026/10/08,10:08:56,+0157463688,+0781864854,+00132048,12
XQ,+099035,-0427,+0599,-0447,2026/10/08,10:08:57,+0157466866,+0781865047,+00131235,12
XQ,+099044,-0460,+0600,-0451,2026/10/08,10:08:58,+0157469201,+0781865163,+00130577,12
XQ,+099057,-0464,+0601,-0452,2026/10/08,10:08:59,+0157469921,+0781865215,+00130417,12
XQ,+099054,-0479,+0602,-0457,2026/10/08,10:09:00,+0157469880,+0781865305,+00129721,12
XQ,+099053,-0490,+0604,-0462,2026/10/08,10:09:01,+0157469783,+0781865398,+00129374,12
XQ,+099056,-0492,+0604,-0463,2026/10/08,10:09:02,+0157469774,+0781865434,+00129727,12
XQ,+099050,-0495,+0605,-0467,2026/10/08,10:09:03,+0157469901,+0781865505,+00129529,12
XQ,+099044,-0490,+0606,-0470,2026/10/08,10:09:04,+0157470052,+0781865672,+00131697,12
XQ,+099047,-0481,+0607,-0470,2026/10/08,10:09:05,+0157469840,+0781865909,+00131543,11
XQ,+099044,-0462,+0608,-0468,2026/10/08,10:09:06,+0157469529,+0781866141,+00130574,12
XQ,+099047,-0455,+0608,-0467,2026/10/08,10:09:07,+0157469388,+0781866277,+00130061,12
XQ,+099057,-0460,+0608,-0468,2026/10/08,10:09:08,+0157469396,+0781866335,+00129860,12
XQ,+099053,-0462,+0609,-0468,2026/10/08,10:09:09,+0157469209,+0781866432,+00129615,12
XQ,+099060,-0449,+0609,-0464,2026/10/08,10:09:10,+0157469060,+0781866532,+00128650,11
XQ,+099065,-0463,+0609,-0467,2026/10/08,10:09:11,+0157469164,+0781866593,+00128142,12
XQ,+099073,-0460,+0609,-0467,2026/10/08,10:09:12,+0157469329,+0781866606,+00127724,11
XQ,+099081,-0456,+0610,-0467,2026/10/08,10:09:13,+0157469218,+0781866595,+00126179,12
XQ,+099096,-0464,+0610,-0467,2026/10/08,10:09:14,+0157469078,+0781866590,+00125690,11
XQ,+099108,-0480,+0610,-0472,2026/10/08,10:09:15,+0157469003,+0781866593,+00124196,12
XQ,+099131,-0498,+0611,-0476,2026/10/08,10:09:16,+0157469169,+0781866601,+00122597,12
XQ,+099150,-0517,+0613,-0483,2026/10/08,10:09:17,+0157469164,+0781866616,+00121921,12
XQ,+099162,-0530,+0615,-0489,2026/10/08,10:09:18,+0157469087,+0781866641,+00121012,12
XQ,+099165,-0536,+0617,-0490,2026/10/08,10:09:19,+0157469050,+0781866666,+00120562,12
XQ,+099166,-0543,+0619,-0494,2026/10/08,10:09:20,+0157469008,+0781866721,+00120107,11
XQ,+099158,-0548,+0621,-0501,2026/10/08,10:09:21,+0157468944,+0781866814,+00120377,11
XQ,+099164,-0557,+0624,-0506,2026/10/08,10:09:22,+0157468851,+0781866870,+00119888,12
XQ,+099169,-0562,+0626,-0509,2026/10/08,10:09:23,+0157468702,+0781866871,+00119498,11
XQ,+099175,-0563,+0629,-0511,2026/10/08,10:09:24,+0157468761,+0781866892,+00119739,12
XQ,+099176,-0561,+0631,-0515,2026/10/08,10:09:25,+0157468777,+0781866910,+00119508,12
XQ,+099179,-0564,+0633,-0518,2026/10/08,10:09:26,+0157468861,+0781866927,+00119281,12
XQ,+099184,-0572,+0635,-0521,2026/10/08,10:09:27,+0157468822,+0781866934,+00119197,12
XQ,+099183,-0566,+0637,-0522,2026/10/08,10:09:28,+0157468852,+0781866930,+00119290,12
XQ,+099185,-0573,+0639,-0530,2026/10/08,10:09:29,+0157468899,+0781866926,+00119972,12
XQ,+099191,-0576,+0641,-0537,2026/10/08,10:09:30,+0157468903,+0781866920,+00120277,12
XQ,+099188,-0590,+0644,-0540,2026/10/08,10:09:31,+0157468885,+0781866921,+00119941,12
XQ,+099189,-0602,+0647,-0543,2026/10/08,10:09:32,+0157468907,+0781866901,+00120260,12
XQ,+099190,-0599,+0649,-0544,2026/10/08,10:09:33,+0157468826,+0781866893,+00119936,13
XQ,+099188,-0599,+0650,-0548,2026/10/08,10:09:34,+0157468855,+0781866899,+00120338,13
XQ,+099190,-0599,+0652,-0548,2026/10/08,10:09:35,+0157468913,+0781866902,+00120527,13
XQ,+099190,-0601,+0653,-0549,2026/10/08,10:09:36,+0157468933,+0781866903,+00120303,13
XQ,+099190,-0602,+0654,-0552,2026/10/08,10:09:37,+0157468991,+0781866896,+00120921,13
XQ,+099189,-0602,+0656,-0553,2026/10/08,10:09:38,+0157469034,+0781866883,+00121417,13
XQ,+099193,-0609,+0657,-0554,2026/10/08,10:09:39,+0157469064,+0781866878,+00121395,13
XQ,+099190,-0618,+0658,-0556,2026/10/08,10:09:40,+0157469091,+0781866878,+00121348,13
XQ,+099190,-0624,+0658,-0559,2026/10/08,10:09:41,+0157469134,+0781866886,+00120832,12
XQ,+099188,-0621,+0660,-0560,2026/10/08,10:09:42,+0157469217,+0781866894,+00121335,12
XQ,+099190,-0616,+0660,-0561,2026/10/08,10:09:43,+0157469254,+0781866897,+00121229,12
XQ,+099187,-0615,+0662,-0565,2026/10/08,10:09:44,+0157469275,+0781866896,+00121976,12
XQ,+099192,-0619,+0662,-0565,2026/10/08,10:09:45,+0157469328,+0781866903,+00121917,13
XQ,+099192,-0615,+0663,-0565,2026/10/08,10:09:46,+0157469403,+0781866905,+00121514,11
XQ,+099192,-0615,+0665,-0565,2026/10/08,10:09:47,+0157469430,+0781866914,+00121441,10
XQ,+099195,-0611,+0665,-0566,2026/10/08,10:09:48,+0157469472,+0781866916,+00121127,11
XQ,+099194,-0606,+0666,-0568,2026/10/08,10:09:49,+0157469461,+0781866918,+00120418,12
XQ,+099190,-0603,+0667,-0566,2026/10/08,10:09:50,+0157469517,+0781866933,+00119986,12
XQ,+099189,-0601,+0667,-0568,2026/10/08,10:09:51,+0157469586,+0781866950,+00119304,12
XQ,+099191,-0614,+0668,-0569,2026/10/08,10:09:52,+0157469741,+0781866979,+00118539,13
XQ,+099191,-0621,+0668,-0569,2026/10/08,10:09:53,+0157469864,+0781866979,+00119655,13
XQ,+099189,-0621,+0668,-0570,2026/10/08,10:09:54,+0157469842,+0781866968,+00120247,13
XQ,+099193,-0599,+0670,-0569,2026/10/08,10:09:55,+0157469780,+0781866999,+00118889,13
XQ,+099187,-0582,+0671,-0569,2026/10/08,10:09:56,+0157469808,+0781867007,+00117745,13
XQ,+099191,-0573,+0672,-0568,2026/10/08,10:09:57,+0157469750,+0781866980,+00118164,13
XQ,+099194,-0554,+0673,-0566,2026/10/08,10:09:58,+0157469592,+0781866966,+00117507,13
XQ,+099194,-0550,+0674,-0564,2026/10/08,10:09:59,+0157469508,+0781866970,+00116698,13
XQ,+099189,-0548,+0675,-0557,2026/10/08,10:10:00,+0157469440,+0781866969,+00115922,13
XQ,+099193,-0548,+0676,-0552,2026/10/08,10:10:01,+0157469428,+0781866965,+00116101,13
XQ,+099187,-0556,+0677,-0546,2026/10/08,10:10:02,+0157469363,+0781866958,+00116340,13
XQ,+099195,-0547,+0678,-0539,2026/10/08,10:10:03,+0157469346,+0781866949,+00116344,13
XQ,+099194,-0547,+0636,-0486,2026/10/08,10:11:00,+0157470329,+0781867147,+00109199,04
XQ,+099193,-0551,+0636,-0486,2026/10/08,10:11:01,+0157469915,+0781867141,+00107674,04
XQ,+099195,-0559,+0636,-0486,2026/10/08,10:11:02,+0157469609,+0781867302,+00110075,04
XQ,+099194,-0559,+0637,-0489,2026/10/08,10:11:03,+0157469727,+0781867347,+00110908,04
XQ,+099196,-0559,+0637,-0487,2026/10/08,10:11:04,+0157469765,+0781867288,+00110496,04
XQ,+099194,-0557,+0637,-0489,2026/10/08,10:11:05,+0157469688,+0781867408,+00111033,04
XQ,+099197,-0563,+0637,-0491,2026/10/08,10:11:06,+0157469728,+0781867541,+00111736,04
XQ,+099197,-0559,+0637,-0490,2026/10/08,10:11:07,+0157468230,+0781865878,+00106431,05
XQ,+099198,-0563,+0637,-0491,2026/10/08,10:11:08,+0157468300,+0781865848,+00106545,05
XQ,+099194,-0556,+0638,-0493,2026/10/08,10:11:09,+0157468232,+0781865774,+00106205,08
XQ,+099193,-0556,+0638,-0494,2026/10/08,10:11:10,+0157468228,+0781865811,+00106458,08
XQ,+099195,-0555,+0638,-0494,2026/10/08,10:11:11,+0157468355,+0781865863,+00105768,08
XQ,+099197,-0556,+0639,-0497,2026/10/08,10:11:12,+0157468424,+0781865889,+00105534,08
XQ,+099195,-0558,+0639,-0495,2026/10/08,10:11:13,+0157468568,+0781865971,+00105428,08
XQ,+099197,-0564,+0641,-0497,2026/10/08,10:11:14,+0157468485,+0781865999,+00105562,08
XQ,+099195,-0562,+0642,-0498,2026/10/08,10:11:15,+0157468299,+0781865960,+00105509,08
XQ,+099193,-0568,+0642,-0498,2026/10/08,10:11:16,+0157468166,+0781865969,+00105386,08
XQ,+099193,-0568,+0643,-0501,2026/10/08,10:11:17,+0157468042,+0781865975,+00104892,08
XQ,+099197,-0559,+0643,-0501,2026/10/08,10:11:18,+0157467911,+0781865976,+00104633,08
XQ,+099196,-0544,+0643,-0498,2026/10/08,10:11:19,+0157467845,+0781865971,+00104162,08
XQ,+099192,-0532,+0642,-0502,2026/10/08,10:11:20,+0157467814,+0781865956,+00103767,08
XQ,+099193,-0525,+0642,-0501,2026/10/08,10:11:21,+0157467806,+0781865965,+00103202,08
XQ,+099195,-0518,+0642,-0501,2026/10/08,10:11:22,+0157467819,+0781865966,+00102536,08
XQ,+099195,-0505,+0642,-0498,2026/10/08,10:11:23,+0157467806,+0781865943,+00101606,08
XQ,+099198,-0503,+0642,-0498,2026/10/08,10:11:24,+0157467773,+0781865942,+00101327,08
XQ,+099194,-0506,+0641,-0501,2026/10/08,10:11:25,+0157467744,+0781865918,+00100711,08
XQ,+099197,-0506,+0642,-0498,2026/10/08,10:11:26,+0157467680,+0781865906,+00100089,08
XQ,+099197,-0501,+0642,-0497,2026/10/08,10:11:27,+0157467594,+0781865913,+00099937,08
XQ,+099197,-0495,+0642,-0497,2026/10/08,10:11:28,+0157467519,+0781865900,+00099805,08
XQ,+099198,-0497,+0643,-0497,2026/10/08,10:11:29,+0157467448,+0781865880,+00099967,08
XQ,+099194,-0496,+0642,-0497,2026/10/08,10:11:30,+0157467389,+0781865860,+00100295,08
XQ,+099195,-0488,+0643,-0495,2026/10/08,10:11:31,+0157467307,+0781865846,+00100604,08
XQ,+099200,-0482,+0642,-0495,2026/10/08,10:11:32,+0157467243,+0781865843,+00100355,08
XQ,+099195,-0481,+0642,-0495,2026/10/08,10:11:33,+0157467242,+0781865840,+00100104,08
XQ,+099198,-0480,+0641,-0494,2026/10/08,10:11:34,+0157467204,+0781865847,+00100080,08
XQ,+099197,-0485,+0641,-0493,2026/10/08,10:11:35,+0157467201,+0781865892,+00100962,09
XQ,+099194,-0491,+0641,-0493,2026/10/08,10:11:36,+0157467174,+0781865923,+00101628,09
XQ,+099194,-0497,+0641,-0494,2026/10/08,10:11:37,+0157467192,+0781865953,+00102378,09
XQ,+099197,-0498,+0641,-0493,2026/10/08,10:11:38,+0157467229,+0781865968,+00102658,09
XQ,+099197,-0497,+0642,-0491,2026/10/08,10:11:39,+0157467228,+0781865970,+00103248,09
XQ,+099197,-0494,+0642,-0493,2026/10/08,10:11:40,+0157467260,+0781865970,+00103485,09
XQ,+099194,-0486,+0643,-0493,2026/10/08,10:11:41,+0157467319,+0781865976,+00103778,09
XQ,+099196,-0489,+0642,-0493,2026/10/08,10:11:42,+0157467349,+0781865980,+00104048,09
XQ,+099197,-0492,+0643,-0493,2026/10/08,10:11:43,+0157467343,+0781865975,+00104429,09
XQ,+099199,-0490,+0643,-0493,2026/10/08,10:11:44,+0157467300,+0781865967,+00104878,09
XQ,+099200,-0492,+0643,-0491,2026/10/08,10:11:45,+0157467233,+0781865958,+00105477,09
XQ,+099198,-0493,+0643,-0491,2026/10/08,10:11:46,+0157467142,+0781865954,+00105768,09
XQ,+099196,-0494,+0643,-0491,2026/10/08,10:11:47,+0157467104,+0781865951,+00106178,09
XQ,+099200,-0499,+0643,-0493,2026/10/08,10:11:48,+0157467100,+0781865941,+00106708,09
XQ,+099199,-0495,+0643,-0490,2026/10/08,10:11:49,+0157467063,+0781865926,+00107468,09
XQ,+099199,-0497,+0643,-0493,2026/10/08,10:11:50,+0157467029,+0781865912,+00108066,09
XQ,+099198,-0499,+0644,-0491,2026/10/08,10:11:51,+0157467020,+0781865907,+00108173,09
XQ,+099194,-0496,+0644,-0491,2026/10/08,10:11:52,+0157467004,+0781865902,+00108217,09
XQ,+099199,-0493,+0644,-0490,2026/10/08,10:11:53,+0157466983,+0781865899,+00108414,09
XQ,+099200,-0495,+0644,-0490,2026/10/08,10:11:54,+0157466987,+0781865894,+00108710,09
XQ,+099197,-0496,+0645,-0490,2026/10/08,10:11:55,+0157466969,+0781865888,+00109067,09
XQ,+099199,-0496,+0645,-0490,2026/10/08,10:11:56,+0157466912,+0781865882,+00109303,09
XQ,+099200,-0501,+0645,-0490,2026/10/08,10:11:57,+0157466927,+0781865881,+00108998,09
XQ,+099194,-0496,+0646,-0490,2026/10/08,10:11:58,+0157466911,+0781865876,+00108990,09
XQ,+099196,-0497,+0646,-0489,2026/10/08,10:11:59,+0157466858,+0781865863,+00109369,09
XQ,+099198,-0495,+0647,-0489,2026/10/08,10:12:00,+0157466849,+0781865859,+00109494,09
XQ,+099199,-0502,+0647,-0490,2026/10/08,10:12:01,+0157466900,+0781865857,+00109068,09
XQ,+099195,-0508,+0647,-0490,2026/10/08,10:12:02,+0157466960,+0781865860,+00108953,09
XQ,+099194,-0507,+0647,-0491,2026/10/08,10:12:03,+0157466895,+0781865848,+00109356,09
XQ,+099197,-0499,+0647,-0491,2026/10/08,10:12:04,+0157466818,+0781865830,+00109513,09
XQ,+099195,-0500,+0647,-0490,2026/10/08,10:12:05,+0157466756,+0781865820,+00109706,09
XQ,+099195,-0497,+0647,-0489,2026/10/08,10:12:06,+0157466731,+0781865822,+00109902,09
XQ,+099195,-0498,+0647,-0490,2026/10/08,10:12:07,+0157466749,+0781865814,+00109788,09
XQ,+099198,-0496,+0648,-0489,2026/10/08,10:12:08,+0157466738,+0781865816,+00109729,09
XQ,+099198,-0493,+0648,-0490,2026/10/08,10:12:09,+0157466646,+0781865805,+00110358,09
XQ,+099201,-0497,+0648,-0489,2026/10/08,10:12:10,+0157466651,+0781865806,+00110424,09
XQ,+099197,-0497,+0649,-0489,2026/10/08,10:12:11,+0157466626,+0781865801,+00110578,09
XQ,+099198,-0497,+0649,-0489,2026/10/08,10:12:12,+0157466553,+0781865791,+00110681,09
XQ,+099195,-0495,+0649,-0489,2026/10/08,10:12:13,+0157466481,+0781865787,+00110751,09
XQ,+099198,-0486,+0649,-0487,2026/10/08,10:12:14,+0157466412,+0781865786,+00110860,09
XQ,+099198,-0489,+0650,-0487,2026/10/08,10:12:15,+0157466320,+0781865776,+00111254,09
XQ,+099200,-0492,+0649,-0489,2026/10/08,10:12:16,+0157466355,+0781865776,+00110842,09
XQ,+099198,-0491,+0649,-0489,2026/10/08,10:12:17,+0157466344,+0781865781,+00110751,09
XQ,+099198,-0495,+0647,-0490,2026/10/08,10:12:18,+0157466329,+0781865792,+00110343,09
XQ,+099201,-0492,+0647,-0487,2026/10/08,10:12:19,+0157466280,+0781865793,+00110408,09
XQ,+099198,-0492,+0646,-0487,2026/10/08,10:12:20,+0157466295,+0781865811,+00110313,09
XQ,+099204,-0487,+0646,-0486,2026/10/08,10:12:21,+0157466282,+0781865832,+00110182,09
XQ,+099196,-0488,+0646,-0487,2026/10/08,10:12:22,+0157466252,+0781865846,+00110143,09
XQ,+099199,-0505,+0646,-0489,2026/10/08,10:12:23,+0157466287,+0781865864,+00110028,09
XQ,+099195,-0502,+0646,-0490,2026/10/08,10:12:24,+0157466293,+0781865868,+00109834,09
XQ,+099201,-0493,+0646,-0491,2026/10/08,10:12:25,+0157466306,+0781865873,+00109537,09
XQ,+099204,-0486,+0646,-0489,2026/10/08,10:12:26,+0157466234,+0781865868,+00109720,09
XQ,+099197,-0482,+0646,-0490,2026/10/08,10:12:27,+0157466201,+0781865873,+00109756,09
XQ,+099193,-0472,+0645,-0489,2026/10/08,10:12:28,+0157466185,+0781865884,+00109464,09
XQ,+099195,-0480,+0645,-0489,2026/10/08,10:12:29,+0157466111,+0781865869,+00109820,09
XQ,+099199,-0489,+0645,-0489,2026/10/08,10:12:30,+0157466084,+0781865884,+00109706,09
XQ,+099194,-0496,+0645,-0490,2026/10/08,10:12:31,+0157466055,+0781865901,+00109948,09
XQ,+099196,-0497,+0645,-0491,2026/10/08,10:12:32,+0157466074,+0781865907,+00109914,09
XQ,+099194,-0491,+0645,-0493,2026/10/08,10:12:33,+0157466108,+0781865897,+00110505,09
XQ,+099191,-0511,+0643,-0495,2026/10/08,10:12:34,+0157466192,+0781865877,+00111296,09
XQ,+099191,-0508,+0643,-0495,2026/10/08,10:12:35,+0157466288,+0781865875,+00111954,09
XQ,+099180,-0504,+0642,-0497,2026/10/08,10:12:36,+0157466324,+0781865858,+00112734,09
XQ,+099169,-0481,+0640,-0494,2026/10/08,10:12:37,+0157466412,+0781865847,+00113192,09
XQ,+099157,-0461,+0637,-0491,2026/10/08,10:12:38,+0157466374,+0781865848,+00114555,09
XQ,+099146,-0452,+0635,-0489,2026/10/08,10:12:39,+0157466450,+0781865873,+00116683,09
XQ,+099133,-0445,+0633,-0487,2026/10/08,10:12:40,+0157466725,+0781865890,+00118340,09
XQ,+099121,-0442,+0630,-0485,2026/10/08,10:12:41,+0157466971,+0781865889,+00118848,09
XQ,+099111,-0439,+0628,-0481,2026/10/08,10:12:42,+0157467059,+0781865895,+00119992,09
XQ,+099099,-0435,+0626,-0478,2026/10/08,10:12:43,+0157467195,+0781865924,+00120096,09
XQ,+099085,-0428,+0624,-0475,2026/10/08,10:12:44,+0157467366,+0781865928,+00121451,09
XQ,+099073,-0419,+0622,-0471,2026/10/08,10:12:45,+0157467459,+0781865911,+00122330,09
XQ,+099067,-0411,+0620,-0467,2026/10/08,10:12:46,+0157467646,+0781865917,+00123146,09
XQ,+099053,-0409,+0618,-0463,2026/10/08,10:12:47,+0157467975,+0781865999,+00123412,09
XQ,+099045,-0406,+0615,-0460,2026/10/08,10:12:48,+0157468241,+0781866088,+00124190,09
XQ,+099030,-0408,+0613,-0459,2026/10/08,10:12:49,+0157468243,+0781866099,+00125826,09
XQ,+099018,-0421,+0612,-0457,2026/10/08,10:12:50,+0157468315,+0781866090,+00127220,09
XQ,+099013,-0432,+0610,-0457,2026/10/08,10:12:51,+0157468375,+0781866092,+00128947,09
XQ,+098999,-0438,+0608,-0456,2026/10/08,10:12:52,+0157468368,+0781866088,+00130016,09
XQ,+098986,-0438,+0607,-0456,2026/10/08,10:12:53,+0157468286,+0781866076,+00131826,09
XQ,+098979,-0429,+0605,-0455,2026/10/08,10:12:54,+0157468182,+0781866045,+00133355,09
XQ,+098970,-0421,+0604,-0452,2026/10/08,10:12:55,+0157468081,+0781866028,+00135014,09
XQ,+098957,-0418,+0604,-0452,2026/10/08,10:12:56,+0157468197,+0781866029,+00136309,09
XQ,+098947,-0419,+0602,-0451,2026/10/08,10:12:57,+0157468177,+0781866049,+00137617,09
XQ,+098933,-0415,+0601,-0448,2026/10/08,10:12:58,+0157467819,+0781866083,+00138287,09
XQ,+098922,-0417,+0599,-0447,2026/10/08,10:12:59,+0157467536,+0781866085,+00138497,09
XQ,+098911,-0420,+0598,-0445,2026/10/08,10:13:00,+0157467435,+0781866049,+00138941,09
XQ,+098902,-0421,+0598,-0444,2026/10/08,10:13:01,+0157467430,+0781866004,+00139661,09
XQ,+098890,-0420,+0597,-0445,2026/10/08,10:13:02,+0157467641,+0781866016,+00139973,09
XQ,+098877,-0419,+0596,-0444,2026/10/08,10:13:03,+0157467959,+0781866021,+00141318,09
XQ,+098867,-0419,+0596,-0443,2026/10/08,10:13:04,+0157468047,+0781866024,+00141760,09
XQ,+098854,-0423,+0595,-0443,2026/10/08,10:13:05,+0157467937,+0781866022,+00143156,09
XQ,+098837,-0426,+0595,-0443,2026/10/08,10:13:06,+0157467878,+0781866055,+00142951,09
XQ,+098829,-0429,+0594,-0444,2026/10/08,10:13:07,+0157467804,+0781866057,+00143570,09
XQ,+098816,-0435,+0594,-0444,2026/10/08,10:13:08,+0157467758,+0781866040,+00144051,09
XQ,+098806,-0434,+0593,-0444,2026/10/08,10:13:09,+0157467707,+0781866045,+00145022,09
XQ,+098796,-0435,+0593,-0445,2026/10/08,10:13:10,+0157467637,+0781866075,+00145845,09
XQ,+098784,-0440,+0593,-0444,2026/10/08,10:13:11,+0157467744,+0781866145,+00145420,09
XQ,+098781,-0445,+0592,-0445,2026/10/08,10:13:12,+0157467796,+0781866200,+00145248,09
XQ,+098767,-0448,+0592,-0447,2026/10/08,10:13:13,+0157467843,+0781866252,+00144358,09
XQ,+098757,-0450,+0593,-0448,2026/10/08,10:13:14,+0157467873,+0781866282,+00144525,09
XQ,+098756,-0452,+0593,-0448,2026/10/08,10:13:15,+0157467823,+0781866298,+00145483,09
XQ,+098751,-0454,+0592,-0449,2026/10/08,10:13:16,+0157467462,+0781866373,+00146038,07
XQ,+098733,-0454,+0593,-0449,2026/10/08,10:13:17,+0157466707,+0781866594,+00146283,08
XQ,+098728,-0453,+0593,-0451,2026/10/08,10:13:18,+0157466472,+0781866675,+00147225,08
XQ,+098713,-0456,+0593,-0455,2026/10/08,10:13:19,+0157466154,+0781866632,+00149340,10
XQ,+098704,-0455,+0593,-0455,2026/10/08,10:13:20,+0157466046,+0781866627,+00149199,10
XQ,+098690,-0459,+0593,-0455,2026/10/08,10:13:21,+0157466030,+0781866673,+00148799,10
XQ,+098679,-0460,+0594,-0456,2026/10/08,10:13:22,+0157465900,+0781866674,+00150701,10
XQ,+098672,-0461,+0594,-0459,2026/10/08,10:13:23,+0157465608,+0781866656,+00153020,10
XQ,+098661,-0460,+0594,-0457,2026/10/08,10:13:24,+0157465396,+0781866690,+00153382,10
XQ,+098645,-0462,+0594,-0459,2026/10/08,10:13:25,+0157465142,+0781866694,+00155190,10
XQ,+098632,-0466,+0594,-0462,2026/10/08,10:13:26,+0157465029,+0781866705,+00155888,10
XQ,+098624,-0469,+0594,-0463,2026/10/08,10:13:27,+0157464973,+0781866692,+00157133,10
XQ,+098613,-0470,+0595,-0464,2026/10/08,10:13:28,+0157464810,+0781866670,+00159232,10
XQ,+098602,-0468,+0595,-0464,2026/10/08,10:13:29,+0157464741,+0781866668,+00160605,10
XQ,+098596,-0467,+0596,-0467,2026/10/08,10:13:30,+0157464639,+0781866672,+00162549,10
XQ,+098588,-0461,+0596,-0468,2026/10/08,10:13:31,+0157464836,+0781866658,+00163104,10
XQ,+098590,-0454,+0597,-0464,2026/10/08,10:13:32,+0157464967,+0781866625,+00163899,10
XQ,+098594,-0448,+0597,-0463,2026/10/08,10:13:33,+0157464983,+0781866597,+00162966,10
XQ,+098593,-0444,+0597,-0462,2026/10/08,10:13:34,+0157464743,+0781866609,+00163544,10
XQ,+098595,-0447,+0598,-0460,2026/10/08,10:13:35,+0157464435,+0781866625,+00165101,10
XQ,+098600,-0444,+0598,-0459,2026/10/08,10:13:36,+0157464257,+0781866626,+00167207,10
XQ,+098593,-0445,+0597,-0457,2026/10/08,10:13:37,+0157464189,+0781866631,+00168335,10
XQ,+098596,-0449,+0597,-0457,2026/10/08,10:13:38,+0157464252,+0781866643,+00167814,11
XQ,+098610,-0449,+0598,-0459,2026/10/08,10:13:39,+0157464479,+0781866629,+00170279,13
XQ,+098618,-0453,+0597,-0460,2026/10/08,10:13:40,+0157464736,+0781866578,+00172290,13
XQ,+098620,-0452,+0598,-0459,2026/10/08,10:13:41,+0157465106,+0781866544,+00173598,13
XQ,+098618,-0453,+0597,-0460,2026/10/08,10:13:42,+0157465325,+0781866532,+00174343,13
XQ,+098623,-0453,+0597,-0459,2026/10/08,10:13:43,+0157465565,+0781866505,+00174672,13
XQ,+098621,-0455,+0597,-0462,2026/10/08,10:13:44,+0157465828,+0781866478,+00175230,13
XQ,+098622,-0456,+0597,-0462,2026/10/08,10:13:45,+0157465992,+0781866482,+00175721,13
XQ,+098620,-0452,+0596,-0460,2026/10/08,10:13:46,+0157466030,+0781866463,+00176825,13
XQ,+098618,-0453,+0596,-0462,2026/10/08,10:13:47,+0157465973,+0781866437,+00178419,12
XQ,+098616,-0455,+0596,-0462,2026/10/08,10:13:48,+0157466209,+0781866397,+00179432,13
XQ,+098612,-0454,+0596,-0460,2026/10/08,10:13:49,+0157466450,+0781866335,+00179767,13
XQ,+098608,-0455,+0596,-0462,2026/10/08,10:13:50,+0157466867,+0781866254,+00180903,12
XQ,+098610,-0458,+0596,-0462,2026/10/08,10:13:51,+0157467249,+0781866179,+00181285,12
XQ,+098609,-0452,+0596,-0463,2026/10/08,10:13:52,+0157467507,+0781866113,+00181951,12
XQ,+098612,-0450,+0596,-0463,2026/10/08,10:13:53,+0157468066,+0781866068,+00181873,13
XQ,+098612,-0457,+0596,-0463,2026/10/08,10:13:54,+0157468621,+0781866006,+00181564,13
XQ,+098613,-0463,+0595,-0464,2026/10/08,10:13:55,+0157469053,+0781865920,+00180963,12
XQ,+098613,-0471,+0596,-0466,2026/10/08,10:13:56,+0157469552,+0781865821,+00180469,12
XQ,+098617,-0473,+0596,-0467,2026/10/08,10:13:57,+0157470040,+0781865722,+00180784,12
XQ,+098614,-0474,+0596,-0470,2026/10/08,10:13:58,+0157470590,+0781865635,+00181162,13
XQ,+098614,-0477,+0597,-0468,2026/10/08,10:13:59,+0157471135,+0781865540,+00181363,13
XQ,+098614,-0477,+0597,-0471,2026/10/08,10:14:00,+0157471522,+0781865453,+00180999,13
XQ,+098615,-0477,+0597,-0472,2026/10/08,10:14:01,+0157471908,+0781865368,+00181059,13
XQ,+098612,-0476,+0598,-0471,2026/10/08,10:14:02,+0157472445,+0781865282,+00181437,13
XQ,+098614,-0480,+0598,-0474,2026/10/08,10:14:03,+0157472933,+0781865210,+00181345,13
XQ,+098611,-0481,+0598,-0475,2026/10/08,10:14:04,+0157473351,+0781865139,+00181710,13
XQ,+098618,-0480,+0599,-0476,2026/10/08,10:14:05,+0157473837,+0781865043,+00181651,13
XQ,+098615,-0481,+0599,-0476,2026/10/08,10:14:06,+0157474205,+0781864917,+00181268,12
XQ,+098615,-0480,+0599,-0478,2026/10/08,10:14:07,+0157474586,+0781864821,+00181535,13
XQ,+098616,-0481,+0600,-0478,2026/10/08,10:14:08,+0157475027,+0781864750,+00182762,13
XQ,+098613,-0481,+0600,-0478,2026/10/08,10:14:09,+0157475457,+0781864650,+00182841,12
XQ,+098614,-0481,+0600,-0482,2026/10/08,10:14:10,+0157475809,+0781864553,+00182567,12
XQ,+098613,-0480,+0601,-0481,2026/10/08,10:14:11,+0157476115,+0781864447,+00182585,12
XQ,+098614,-0479,+0601,-0481,2026/10/08,10:14:12,+0157476402,+0781864343,+00182605,12
XQ,+098617,-0479,+0601,-0482,2026/10/08,10:14:13,+0157476773,+0781864262,+00183271,12
XQ,+098612,-0478,+0602,-0482,2026/10/08,10:14:14,+0157477229,+0781864164,+00183802,12
XQ,+098614,-0478,+0602,-0481,2026/10/08,10:14:15,+0157477679,+0781864077,+00184525,12
XQ,+098612,-0479,+0602,-0482,2026/10/08,10:14:16,+0157478048,+0781863979,+00185464,12
XQ,+098616,-0483,+0602,-0482,2026/10/08,10:14:17,+0157478459,+0781863875,+00185431,12
XQ,+098615,-0485,+0602,-0485,2026/10/08,10:14:18,+0157478937,+0781863786,+00185722,12
XQ,+098616,-0485,+0602,-0486,2026/10/08,10:14:19,+0157479330,+0781863709,+00185323,13
XQ,+098611,-0484,+0603,-0485,2026/10/08,10:14:20,+0157479703,+0781863612,+00185264,13
XQ,+098614,-0481,+0604,-0486,2026/10/08,10:14:21,+0157480201,+0781863544,+00184594,13
XQ,+098615,-0480,+0604,-0486,2026/10/08,10:14:22,+0157480594,+0781863457,+00184687,13
XQ,+098614,-0482,+0604,-0486,2026/10/08,10:14:23,+0157481039,+0781863399,+00184475,14
XQ,+098616,-0485,+0604,-0489,2026/10/08,10:14:24,+0157481406,+0781863319,+00184030,13
XQ,+098612,-0487,+0605,-0489,2026/10/08,10:14:25,+0157481937,+0781863258,+00184119,13
XQ,+098611,-0492,+0605,-0489,2026/10/08,10:14:26,+0157482505,+0781863197,+00184219,14
XQ,+098609,-0487,+0606,-0489,2026/10/08,10:14:27,+0157482857,+0781863119,+00184650,13
XQ,+098611,-0487,+0606,-0490,2026/10/08,10:14:28,+0157483088,+0781863024,+00184689,13
XQ,+098609,-0492,+0606,-0491,2026/10/08,10:14:29,+0157483366,+0781862945,+00184854,13
XQ,+098612,-0490,+0606,-0491,2026/10/08,10:14:30,+0157483726,+0781862867,+00184082,13
XQ,+098610,-0498,+0607,-0493,2026/10/08,10:14:31,+0157483939,+0781862766,+00183873,13
XQ,+098610,-0502,+0607,-0495,2026/10/08,10:14:32,+0157484179,+0781862675,+00184023,13
XQ,+098605,-0502,+0608,-0495,2026/10/08,10:14:33,+0157484642,+0781862631,+00184007,14
XQ,+098612,-0499,+0608,-0495,2026/10/08,10:14:34,+0157484884,+0781862551,+00183981,13
XQ,+098613,-0494,+0608,-0495,2026/10/08,10:14:35,+0157485256,+0781862479,+00183311,13
XQ,+098616,-0493,+0609,-0497,2026/10/08,10:14:36,+0157485716,+0781862393,+00183236,13
XQ,+098616,-0488,+0609,-0497,2026/10/08,10:14:37,+0157486112,+0781862317,+00183758,13
XQ,+098619,-0488,+0608,-0495,2026/10/08,10:14:38,+0157486444,+0781862221,+00183969,13
XQ,+098618,-0485,+0608,-0494,2026/10/08,10:14:39,+0157486775,+0781862130,+00183780,13
XQ,+098618,-0484,+0608,-0494,2026/10/08,10:14:40,+0157487103,+0781862034,+00183716,13
XQ,+098619,-0484,+0608,-0495,2026/10/08,10:14:41,+0157487481,+0781861934,+00183621,13
XQ,+098616,-0481,+0608,-0494,2026/10/08,10:14:42,+0157487849,+0781861831,+00183040,13
XQ,+098611,-0470,+0608,-0493,2026/10/08,10:14:43,+0157488240,+0781861732,+00182505,13
XQ,+098611,-0467,+0607,-0491,2026/10/08,10:14:44,+0157488775,+0781861651,+00182875,14
XQ,+098612,-0464,+0607,-0490,2026/10/08,10:14:45,+0157489036,+0781861553,+00182862,13
XQ,+098614,-0468,+0606,-0490,2026/10/08,10:14:46,+0157489176,+0781861441,+00182948,13
XQ,+098612,-0468,+0606,-0489,2026/10/08,10:14:47,+0157489404,+0781861344,+00183077,13
XQ,+098612,-0467,+0606,-0486,2026/10/08,10:14:48,+0157489737,+0781861246,+00183332,13
XQ,+098611,-0475,+0606,-0487,2026/10/08,10:14:49,+0157490093,+0781861170,+00182984,14
XQ,+098610,-0483,+0605,-0489,2026/10/08,10:14:50,+0157490440,+0781861109,+00184032,14
XQ,+098615,-0482,+0605,-0489,2026/10/08,10:14:51,+0157490812,+0781861003,+00184286,13
XQ,+098611,-0481,+0605,-0490,2026/10/08,10:14:52,+0157491164,+0781860903,+00184255,12
XQ,+098613,-0481,+0605,-0490,2026/10/08,10:14:53,+0157491503,+0781860811,+00184625,13
XQ,+098614,-0483,+0605,-0490,2026/10/08,10:14:54,+0157491828,+0781860716,+00184987,13
XQ,+098615,-0483,+0605,-0490,2026/10/08,10:14:55,+0157492051,+0781860598,+00185261,14
XQ,+098617,-0480,+0605,-0491,2026/10/08,10:14:56,+0157492321,+0781860496,+00186020,14
XQ,+098613,-0473,+0605,-0487,2026/10/08,10:14:57,+0157492418,+0781860394,+00187665,14
XQ,+098617,-0474,+0605,-0489,2026/10/08,10:14:58,+0157492740,+0781860296,+00187816,13
XQ,+098611,-0476,+0605,-0487,2026/10/08,10:14:59,+0157492761,+0781860196,+00189688,14
XQ,+098611,-0472,+0605,-0487,2026/10/08,10:15:00,+0157492915,+0781860112,+00190016,14
XQ,+098611,-0470,+0604,-0485,2026/10/08,10:15:01,+0157493047,+0781860023,+00190507,13
XQ,+098613,-0471,+0605,-0485,2026/10/08,10:15:02,+0157493186,+0781859932,+00191702,14
XQ,+098608,-0464,+0604,-0485,2026/10/08,10:15:03,+0157493557,+0781859818,+00191585,14
XQ,+098612,-0464,+0604,-0483,2026/10/08,10:15:04,+0157493850,+0781859716,+00191925,13
XQ,+098614,-0464,+0604,-0485,2026/10/08,10:15:05,+0157493831,+0781859613,+00193162,14
XQ,+098616,-0463,+0604,-0482,2026/10/08,10:15:06,+0157493965,+0781859508,+00193840,13
XQ,+098611,-0464,+0604,-0482,2026/10/08,10:15:07,+0157494190,+0781859408,+00195500,13
XQ,+098612,-0464,+0604,-0482,2026/10/08,10:15:08,+0157494379,+0781859300,+00195784,14
XQ,+098608,-0467,+0603,-0482,2026/10/08,10:15:09,+0157494635,+0781859186,+00196056,14
XQ,+098614,-0467,+0603,-0482,2026/10/08,10:15:10,+0157495004,+0781859079,+00196084,14
XQ,+098610,-0467,+0603,-0482,2026/10/08,10:15:11,+0157495227,+0781858924,+00196109,14
XQ,+098610,-0466,+0602,-0481,2026/10/08,10:15:12,+0157495320,+0781858789,+00196365,14
XQ,+098609,-0464,+0602,-0478,2026/10/08,10:15:13,+0157495514,+0781858653,+00195284,14
XQ,+098610,-0463,+0602,-0478,2026/10/08,10:15:14,+0157495708,+0781858525,+00194009,14
XQ,+098609,-0461,+0602,-0478,2026/10/08,10:15:15,+0157496041,+0781858415,+00193638,14
XQ,+098611,-0460,+0602,-0478,2026/10/08,10:15:16,+0157496306,+0781858307,+00193543,14
XQ,+098614,-0459,+0601,-0475,2026/10/08,10:15:17,+0157496582,+0781858187,+00193516,14
XQ,+098611,-0459,+0601,-0475,2026/10/08,10:15:18,+0157496757,+0781858066,+00192596,14
XQ,+098611,-0459,+0601,-0475,2026/10/08,10:15:19,+0157496889,+0781857947,+00192102,14
XQ,+098613,-0459,+0600,-0474,2026/10/08,10:15:20,+0157497146,+0781857834,+00191120,13
XQ,+098612,-0459,+0600,-0475,2026/10/08,10:15:21,+0157497290,+0781857725,+00189396,13
XQ,+098617,-0465,+0600,-0474,2026/10/08,10:15:22,+0157497392,+0781857602,+00188103,13
XQ,+098615,-0466,+0600,-0475,2026/10/08,10:15:23,+0157497581,+0781857497,+00186968,14
XQ,+098613,-0464,+0600,-0475,2026/10/08,10:15:24,+0157497920,+0781857407,+00186299,14
XQ,+098614,-0461,+0600,-0474,2026/10/08,10:15:25,+0157498129,+0781857313,+00186391,14
XQ,+098616,-0461,+0600,-0474,2026/10/08,10:15:26,+0157498287,+0781857191,+00186315,14
XQ,+098613,-0467,+0600,-0474,2026/10/08,10:15:27,+0157498474,+0781857063,+00185986,14
XQ,+098614,-0472,+0600,-0476,2026/10/08,10:15:28,+0157498578,+0781856948,+00185553,14
XQ,+098611,-0471,+0600,-0476,2026/10/08,10:15:29,+0157498648,+0781856821,+00184790,14
XQ,+098612,-0473,+0600,-0476,2026/10/08,10:15:30,+0157498668,+0781856697,+00183688,14
XQ,+098609,-0469,+0600,-0478,2026/10/08,10:15:31,+0157498835,+0781856595,+00183790,14
XQ,+098610,-0466,+0600,-0476,2026/10/08,10:15:32,+0157499033,+0781856478,+00183602,14
XQ,+098609,-0465,+0600,-0478,2026/10/08,10:15:33,+0157499229,+0781856357,+00183145,14
XQ,+098613,-0473,+0600,-0478,2026/10/08,10:15:34,+0157499556,+0781856260,+00182237,14
XQ,+098613,-0484,+0600,-0479,2026/10/08,10:15:35,+0157499862,+0781856161,+00182062,13
XQ,+098612,-0488,+0600,-0482,2026/10/08,10:15:36,+0157500031,+0781856056,+00181980,13
XQ,+098609,-0492,+0600,-0482,2026/10/08,10:15:37,+0157499986,+0781855925,+00182923,13
XQ,+098611,-0489,+0600,-0483,2026/10/08,10:15:38,+0157500087,+0781855801,+00182893,13
XQ,+098612,-0482,+0600,-0485,2026/10/08,10:15:39,+0157500261,+0781855685,+00182506,13
XQ,+098605,-0475,+0601,-0483,2026/10/08,10:15:40,+0157500555,+0781855582,+00182353,14
XQ,+098603,-0472,+0601,-0483,2026/10/08,10:15:41,+0157500808,+0781855477,+00181606,14
XQ,+098606,-0468,+0601,-0481,2026/10/08,10:15:42,+0157501071,+0781855384,+00180628,13
XQ,+098609,-0474,+0601,-0482,2026/10/08,10:15:43,+0157501353,+0781855319,+00179496,14
XQ,+098604,-0470,+0601,-0483,2026/10/08,10:15:44,+0157501818,+0781855252,+00179107,14
XQ,+098603,-0468,+0601,-0482,2026/10/08,10:15:45,+0157502027,+0781855164,+00177977,14
XQ,+098604,-0470,+0601,-0481,2026/10/08,10:15:46,+0157502261,+0781855048,+00177972,14
XQ,+098606,-0474,+0601,-0481,2026/10/08,10:15:47,+0157502352,+0781854924,+00178750,14
XQ,+098604,-0476,+0601,-0482,2026/10/08,10:15:48,+0157502365,+0781854806,+00178092,14
XQ,+098605,-0469,+0601,-0481,2026/10/08,10:15:49,+0157502511,+0781854655,+00178268,14
XQ,+098608,-0474,+0601,-0482,2026/10/08,10:15:50,+0157502678,+0781854531,+00178311,13
XQ,+098605,-0478,+0600,-0482,2026/10/08,10:15:51,+0157502849,+0781854410,+00178494,14
XQ,+098606,-0480,+0600,-0483,2026/10/08,10:15:52,+0157503105,+0781854310,+00178330,14
XQ,+098606,-0481,+0600,-0485,2026/10/08,10:15:53,+0157503405,+0781854232,+00178091,14
XQ,+098606,-0484,+0600,-0486,2026/10/08,10:15:54,+0157503580,+0781854128,+00177906,14
XQ,+098603,-0492,+0600,-0487,2026/10/08,10:15:55,+0157503842,+0781854024,+00177734,14
XQ,+098607,-0500,+0600,-0490,2026/10/08,10:15:56,+0157504086,+0781853893,+00177754,13
XQ,+098610,-0505,+0601,-0491,2026/10/08,10:15:57,+0157504386,+0781853786,+00177753,13
XQ,+098610,-0503,+0602,-0494,2026/10/08,10:15:58,+0157504641,+0781853676,+00177877,13
XQ,+098610,-0504,+0603,-0495,2026/10/08,10:15:59,+0157504589,+0781853567,+00178423,13
XQ,+098609,-0508,+0603,-0498,2026/10/08,10:16:00,+0157504806,+0781853449,+00178620,14
XQ,+098607,-0510,+0604,-0498,2026/10/08,10:16:01,+0157505003,+0781853316,+00178801,14
XQ,+098606,-0512,+0604,-0502,2026/10/08,10:16:02,+0157505065,+0781853191,+00178560,14
XQ,+098606,-0513,+0605,-0503,2026/10/08,10:16:03,+0157505210,+0781853098,+00178016,14
XQ,+098609,-0510,+0606,-0503,2026/10/08,10:16:04,+0157505501,+0781853013,+00178016,14
XQ,+098603,-0510,+0606,-0505,2026/10/08,10:16:05,+0157505644,+0781852890,+00177126,14
XQ,+098601,-0508,+0607,-0506,2026/10/08,10:16:06,+0157505897,+0781852823,+00177243,14
XQ,+098601,-0493,+0607,-0503,2026/10/08,10:16:07,+0157506150,+0781852710,+00177278,14
XQ,+098599,-0485,+0607,-0501,2026/10/08,10:16:08,+0157506227,+0781852605,+00176422,14
XQ,+098602,-0483,+0607,-0501,2026/10/08,10:16:09,+0157506332,+0781852493,+00175844,14
XQ,+098602,-0481,+0606,-0498,2026/10/08,10:16:10,+0157506620,+0781852371,+00175594,14
XQ,+098602,-0483,+0606,-0498,2026/10/08,10:16:11,+0157506787,+0781852274,+00175659,14
XQ,+098600,-0482,+0606,-0497,2026/10/08,10:16:12,+0157507197,+0781852192,+00175067,14
XQ,+098605,-0480,+0606,-0495,2026/10/08,10:16:13,+0157507874,+0781852144,+00174353,14
XQ,+098605,-0481,+0605,-0497,2026/10/08,10:16:14,+0157508236,+0781852060,+00174235,14
XQ,+098599,-0480,+0605,-0495,2026/10/08,10:16:15,+0157508346,+0781851941,+00174429,13
XQ,+098603,-0479,+0604,-0495,2026/10/08,10:16:16,+0157508449,+0781851827,+00174593,13
XQ,+098603,-0478,+0604,-0494,2026/10/08,10:16:17,+0157508629,+0781851708,+00174851,13
XQ,+098602,-0477,+0604,-0494,2026/10/08,10:16:18,+0157509019,+0781851635,+00174624,14
XQ,+098601,-0476,+0604,-0491,2026/10/08,10:16:19,+0157509464,+0781851564,+00174691,13
XQ,+098604,-0476,+0604,-0490,2026/10/08,10:16:20,+0157509584,+0781851408,+00175300,13
XQ,+098602,-0475,+0604,-0490,2026/10/08,10:16:21,+0157509685,+0781851249,+00176100,13
XQ,+098601,-0475,+0603,-0490,2026/10/08,10:16:22,+0157509863,+0781851109,+00175861,13
XQ,+098601,-0475,+0603,-0489,2026/10/08,10:16:23,+0157510141,+0781851008,+00174970,14
XQ,+098603,-0475,+0603,-0489,2026/10/08,10:16:24,+0157510363,+0781850896,+00174880,14
XQ,+098604,-0475,+0603,-0489,2026/10/08,10:16:25,+0157510595,+0781850779,+00173819,13
XQ,+098601,-0474,+0603,-0487,2026/10/08,10:16:26,+0157510845,+0781850633,+00173277,13
XQ,+098605,-0473,+0603,-0487,2026/10/08,10:16:27,+0157511141,+0781850523,+00172968,14
XQ,+098605,-0474,+0602,-0486,2026/10/08,10:16:28,+0157511253,+0781850402,+00172719,13
XQ,+098601,-0474,+0602,-0486,2026/10/08,10:16:29,+0157511473,+0781850333,+00170237,13
XQ,+098607,-0472,+0602,-0486,2026/10/08,10:16:30,+0157511528,+0781850222,+00169665,13
XQ,+098604,-0474,+0602,-0486,2026/10/08,10:16:31,+0157511635,+0781850087,+00169882,13
XQ,+098602,-0474,+0602,-0486,2026/10/08,10:16:32,+0157511755,+0781849968,+00169694,14
XQ,+098602,-0473,+0602,-0485,2026/10/08,10:16:33,+0157511939,+0781849854,+00169716,14
XQ,+098602,-0474,+0602,-0485,2026/10/08,10:16:34,+0157511989,+0781849720,+00169961,14
XQ,+098605,-0471,+0602,-0485,2026/10/08,10:16:35,+0157512147,+0781849581,+00170265,14
XQ,+098603,-0473,+0602,-0482,2026/10/08,10:16:36,+0157512344,+0781849467,+00169790,14
XQ,+098606,-0472,+0601,-0483,2026/10/08,10:16:37,+0157512444,+0781849341,+00170350,14
XQ,+098606,-0473,+0601,-0485,2026/10/08,10:16:38,+0157512517,+0781849211,+00170708,13
XQ,+098605,-0473,+0601,-0485,2026/10/08,10:16:39,+0157512579,+0781849095,+00170300,14
XQ,+098606,-0473,+0601,-0485,2026/10/08,10:16:40,+0157512604,+0781848973,+00170694,13
XQ,+098607,-0473,+0601,-0483,2026/10/08,10:16:41,+0157512664,+0781848849,+00171025,14
XQ,+098600,-0474,+0601,-0485,2026/10/08,10:16:42,+0157512644,+0781848717,+00171653,14
XQ,+098608,-0469,+0601,-0482,2026/10/08,10:16:43,+0157512621,+0781848582,+00172327,14
XQ,+098603,-0468,+0601,-0482,2026/10/08,10:16:44,+0157512675,+0781848465,+00172523,14
XQ,+098608,-0472,+0601,-0483,2026/10/08,10:16:45,+0157512842,+0781848374,+00172673,14
XQ,+098607,-0469,+0601,-0481,2026/10/08,10:16:46,+0157512883,+0781848294,+00172857,14
XQ,+098611,-0468,+0601,-0482,2026/10/08,10:16:47,+0157512860,+0781848233,+00172969,14
XQ,+098611,-0469,+0601,-0482,2026/10/08,10:16:48,+0157512911,+0781848222,+00173031,13
XQ,+098611,-0468,+0601,-0482,2026/10/08,10:16:49,+0157512857,+0781848184,+00173605,14
XQ,+098605,-0467,+0601,-0481,2026/10/08,10:16:50,+0157512613,+0781848158,+00174587,14
XQ,+098604,-0466,+0602,-0481,2026/10/08,10:16:51,+0157512536,+0781848144,+00175239,14
XQ,+098600,-0465,+0602,-0479,2026/10/08,10:16:52,+0157512559,+0781848137,+00175346,13
XQ,+098602,-0464,+0602,-0481,2026/10/08,10:16:53,+0157512752,+0781848174,+00175819,14
XQ,+098600,-0462,+0602,-0478,2026/10/08,10:16:54,+0157512854,+0781848204,+00176410,13
XQ,+098600,-0462,+0602,-0478,2026/10/08,10:16:55,+0157512833,+0781848205,+00176269,12
XQ,+098598,-0459,+0602,-0478,2026/10/08,10:16:56,+0157512748,+0781848215,+00175894,12
XQ,+098601,-0453,+0602,-0476,2026/10/08,10:16:57,+0157512719,+0781848209,+00176433,12
XQ,+098602,-0452,+0602,-0474,2026/10/08,10:16:58,+0157512714,+0781848293,+00175954,13
XQ,+098602,-0456,+0602,-0475,2026/10/08,10:16:59,+0157512689,+0781848383,+00174972,13
XQ,+098604,-0457,+0602,-0472,2026/10/08,10:17:00,+0157512710,+0781848477,+00173601,12
XQ,+098599,-0456,+0602,-0474,2026/10/08,10:17:01,+0157512521,+0781848535,+00172411,12
XQ,+098600,-0455,+0601,-0474,2026/10/08,10:17:02,+0157512170,+0781848563,+00171507,11
XQ,+098607,-0455,+0601,-0474,2026/10/08,10:17:03,+0157511790,+0781848581,+00170463,11
XQ,+098604,-0461,+0601,-0472,2026/10/08,10:17:04,+0157511612,+0781848603,+00169586,10
XQ,+098613,-0462,+0600,-0474,2026/10/08,10:17:05,+0157511461,+0781848638,+00168245,10
XQ,+098612,-0464,+0600,-0472,2026/10/08,10:17:06,+0157511203,+0781848698,+00165623,12
XQ,+098613,-0467,+0600,-0474,2026/10/08,10:17:07,+0157510864,+0781848753,+00163570,12
XQ,+098612,-0467,+0599,-0475,2026/10/08,10:17:08,+0157510575,+0781848773,+00161274,11
XQ,+098611,-0469,+0599,-0474,2026/10/08,10:17:09,+0157510046,+0781848861,+00159082,12
XQ,+098603,-0464,+0599,-0475,2026/10/08,10:17:10,+0157508562,+0781849105,+00156058,12
XQ,+098601,-0455,+0599,-0474,2026/10/08,10:17:11,+0157506057,+0781849542,+00154417,11
XQ,+098589,-0448,+0599,-0471,2026/10/08,10:17:12,+0157502737,+0781850147,+00152828,14
XQ,+098578,-0447,+0599,-0470,2026/10/08,10:17:13,+0157498825,+0781850809,+00152351,12
XQ,+098573,-0454,+0599,-0467,2026/10/08,10:17:14,+0157494862,+0781851544,+00151996,13
XQ,+098569,-0453,+0598,-0467,2026/10/08,10:17:15,+0157492057,+0781852050,+00151273,14
XQ,+098570,-0453,+0598,-0466,2026/10/08,10:17:16,+0157490974,+0781852223,+00151357,14
XQ,+098582,-0455,+0598,-0466,2026/10/08,10:17:17,+0157490806,+0781852250,+00151436,14
XQ,+098580,-0455,+0598,-0466,2026/10/08,10:17:18,+0157489828,+0781852352,+00150527,12
XQ,+098562,-0455,+0597,-0466,2026/10/08,10:17:19,+0157488678,+0781852510,+00150092,12
XQ,+098597,-0455,+0597,-0466,2026/10/08,10:17:20,+0157488208,+0781852598,+00149976,13
XQ,+098601,-0461,+0597,-0467,2026/10/08,10:17:21,+0157488426,+0781852626,+00149126,14
XQ,+098608,-0463,+0596,-0468,2026/10/08,10:17:22,+0157488848,+0781852808,+00147736,13
XQ,+098597,-0465,+0596,-0468,2026/10/08,10:17:23,+0157489612,+0781853265,+00147445,12
XQ,+098590,-0468,+0596,-0468,2026/10/08,10:17:24,+0157490775,+0781854003,+00146863,12
XQ,+098591,-0470,+0596,-0471,2026/10/08,10:17:25,+0157492107,+0781854807,+00147171,12
XQ,+098581,-0469,+0595,-0471,2026/10/08,10:17:26,+0157493264,+0781855549,+00147962,12
XQ,+098579,-0471,+0595,-0472,2026/10/08,10:17:27,+0157494399,+0781856250,+00148376,11
XQ,+098566,-0471,+0595,-0474,2026/10/08,10:17:28,+0157495381,+0781856806,+00147893,13
XQ,+098576,-0471,+0595,-0472,2026/10/08,10:17:29,+0157496069,+0781857202,+00148048,11
XQ,+098580,-0471,+0595,-0474,2026/10/08,10:17:30,+0157496634,+0781857576,+00148089,11
XQ,+098596,-0472,+0595,-0474,2026/10/08,10:17:31,+0157496960,+0781857812,+00147259,13
XQ,+098601,-0471,+0595,-0475,2026/10/08,10:17:32,+0157496936,+0781857871,+00147201,12
XQ,+098597,-0470,+0595,-0476,2026/10/08,10:17:33,+0157496751,+0781857880,+00146683,11
XQ,+098592,-0470,+0595,-0475,2026/10/08,10:17:34,+0157496177,+0781858001,+00145988,11
XQ,+098587,-0470,+0595,-0475,2026/10/08,10:17:35,+0157495074,+0781858321,+00146277,11
XQ,+098582,-0472,+0596,-0478,2026/10/08,10:17:36,+0157493551,+0781858759,+00147007,09
XQ,+098577,-0472,+0596,-0478,2026/10/08,10:17:37,+0157491620,+0781859306,+00147677,10
XQ,+098570,-0469,+0595,-0476,2026/10/08,10:17:38,+0157489522,+0781859930,+00147663,12
XQ,+098569,-0468,+0596,-0478,2026/10/08,10:17:39,+0157487431,+0781860592,+00148017,11
XQ,+098571,-0468,+0596,-0476,2026/10/08,10:17:40,+0157485199,+0781861286,+00147847,11
XQ,+098569,-0465,+0596,-0478,2026/10/08,10:17:41,+0157482942,+0781861986,+00148110,11
XQ,+098554,-0465,+0596,-0476,2026/10/08,10:17:42,+0157480698,+0781862586,+00145253,13
XQ,+098557,-0464,+0596,-0475,2026/10/08,10:17:43,+0157479634,+0781862896,+00144551,13
XQ,+098587,-0463,+0596,-0474,2026/10/08,10:17:44,+0157479441,+0781862941,+00143683,13
XQ,+098599,-0462,+0597,-0475,2026/10/08,10:17:45,+0157479493,+0781862929,+00143404,13
XQ,+098616,-0462,+0597,-0474,2026/10/08,10:17:46,+0157479618,+0781862915,+00142641,11
XQ,+098615,-0468,+0597,-0474,2026/10/08,10:17:47,+0157479148,+0781863020,+00141828,12
XQ,+098619,-0472,+0597,-0475,2026/10/08,10:17:48,+0157477989,+0781863338,+00140781,12
XQ,+098620,-0474,+0598,-0476,2026/10/08,10:17:49,+0157476607,+0781863736,+00140458,11
XQ,+098624,-0478,+0598,-0481,2026/10/08,10:17:50,+0157475496,+0781864102,+00140216,11
XQ,+098629,-0480,+0598,-0481,2026/10/08,10:17:51,+0157474468,+0781864455,+00140134,11
XQ,+098628,-0480,+0599,-0483,2026/10/08,10:17:52,+0157473475,+0781864750,+00138963,11
XQ,+098635,-0482,+0599,-0483,2026/10/08,10:17:53,+0157472743,+0781864956,+00137832,12
XQ,+098649,-0482,+0600,-0482,2026/10/08,10:17:54,+0157472318,+0781865086,+00135770,12
XQ,+098675,-0479,+0600,-0485,2026/10/08,10:17:55,+0157471998,+0781865177,+00133325,12
XQ,+098702,-0473,+0601,-0481,2026/10/08,10:17:56,+0157471686,+0781865241,+00130421,14
XQ,+098732,-0470,+0601,-0479,2026/10/08,10:17:57,+0157471576,+0781865278,+00129867,13
XQ,+098758,-0466,+0601,-0478,2026/10/08,10:17:58,+0157471523,+0781865322,+00128105,13
XQ,+098783,-0460,+0601,-0475,2026/10/08,10:17:59,+0157471555,+0781865359,+00127521,13
XQ,+098801,-0464,+0601,-0475,2026/10/08,10:18:00,+0157471475,+0781865375,+00126070,13
XQ,+098824,-0466,+0601,-0474,2026/10/08,10:18:01,+0157471292,+0781865411,+00125091,13
XQ,+098841,-0466,+0601,-0472,2026/10/08,10:18:02,+0157471257,+0781865451,+00124620,14
XQ,+098853,-0464,+0600,-0474,2026/10/08,10:18:03,+0157471201,+0781865520,+00123435,14
XQ,+098867,-0459,+0600,-0471,2026/10/08,10:18:04,+0157471110,+0781865563,+00122148,14
XQ,+098895,-0453,+0600,-0470,2026/10/08,10:18:05,+0157471195,+0781865553,+00121770,14
XQ,+098918,-0453,+0599,-0468,2026/10/08,10:18:06,+0157471286,+0781865535,+00121134,14
XQ,+098923,-0460,+0599,-0470,2026/10/08,10:18:07,+0157470735,+0781865700,+00120670,14
XQ,+098912,-0464,+0598,-0470,2026/10/08,10:18:08,+0157469345,+0781866152,+00120802,15
XQ,+098887,-0466,+0598,-0470,2026/10/08,10:18:09,+0157468014,+0781866594,+00120866,16
XQ,+098906,-0464,+0598,-0470,2026/10/08,10:18:10,+0157467548,+0781866779,+00121389,15
XQ,+098918,-0465,+0598,-0470,2026/10/08,10:18:11,+0157467503,+0781866807,+00121163,15
XQ,+098915,-0466,+0598,-0471,2026/10/08,10:18:12,+0157467333,+0781866861,+00120661,15
XQ,+098929,-0458,+0598,-0468,2026/10/08,10:18:13,+0157467204,+0781866932,+00120854,15
XQ,+098938,-0450,+0599,-0467,2026/10/08,10:18:14,+0157467273,+0781866929,+00120239,15
XQ,+098953,-0452,+0599,-0467,2026/10/08,10:18:15,+0157467347,+0781866910,+00119918,15
XQ,+098964,-0456,+0599,-0466,2026/10/08,10:18:16,+0157467261,+0781866941,+00118843,16
XQ,+098973,-0459,+0600,-0466,2026/10/08,10:18:17,+0157467098,+0781866994,+00117825,16
XQ,+098993,-0459,+0600,-0466,2026/10/08,10:18:18,+0157466996,+0781867013,+00117336,16
XQ,+098996,-0458,+0600,-0467,2026/10/08,10:18:19,+0157466966,+0781867062,+00116723,16
XQ,+099005,-0461,+0600,-0468,2026/10/08,10:18:20,+0157466897,+0781867111,+00115949,16
XQ,+099010,-0462,+0600,-0468,2026/10/08,10:18:21,+0157466930,+0781867124,+00115503,16
XQ,+099024,-0460,+0600,-0467,2026/10/08,10:18:22,+0157466969,+0781867145,+00115011,16
XQ,+099031,-0459,+0601,-0466,2026/10/08,10:18:23,+0157467063,+0781867174,+00114870,16
XQ,+099046,-0459,+0601,-0466,2026/10/08,10:18:24,+0157467040,+0781867184,+00114123,15
XQ,+099056,-0460,+0602,-0466,2026/10/08,10:18:25,+0157467175,+0781867206,+00113702,16
XQ,+099074,-0460,+0602,-0466,2026/10/08,10:18:26,+0157467173,+0781867224,+00112386,16
XQ,+099086,-0458,+0602,-0467,2026/10/08,10:18:27,+0157467140,+0781867274,+00112848,16
XQ,+099101,-0457,+0603,-0467,2026/10/08,10:18:28,+0157467208,+0781867329,+00112817,15
XQ,+099109,-0458,+0603,-0467,2026/10/08,10:18:29,+0157467295,+0781867324,+00112294,15
XQ,+099115,-0454,+0603,-0467,2026/10/08,10:18:30,+0157467222,+0781867322,+00112463,15
XQ,+099114,-0466,+0604,-0470,2026/10/08,10:18:31,+0157467190,+0781867354,+00112101,15
XQ,+099126,-0468,+0606,-0470,2026/10/08,10:18:32,+0157467235,+0781867335,+00111253,15
XQ,+099134,-0472,+0607,-0472,2026/10/08,10:18:33,+0157467280,+0781867334,+00110842,16
XQ,+099145,-0479,+0609,-0474,2026/10/08,10:18:34,+0157467260,+0781867346,+00110506,16
XQ,+099147,-0505,+0610,-0481,2026/10/08,10:18:35,+0157467176,+0781867360,+00110970,15
XQ,+099161,-0509,+0613,-0487,2026/10/08,10:18:36,+0157467131,+0781867349,+00110451,15
XQ,+099168,-0541,+0616,-0497,2026/10/08,10:18:37,+0157467070,+0781867337,+00110140,15
XQ,+099189,-0565,+0620,-0506,2026/10/08,10:18:38,+0157467065,+0781867317,+00109630,15
XQ,+099186,-0577,+0625,-0515,2026/10/08,10:18:39,+0157467055,+0781867302,+00109108,15
XQ,+099185,-0571,+0630,-0520,2026/10/08,10:18:40,+0157467025,+0781867280,+00109048,15
XQ,+099189,-0565,+0634,-0521,2026/10/08,10:18:41,+0157467030,+0781867269,+00109215,14
XQ,+099187,-0580,+0637,-0522,2026/10/08,10:18:42,+0157467042,+0781867262,+00109516,15
XQ,+099191,-0583,+0639,-0526,2026/10/08,10:18:43,+0157467048,+0781867261,+00109760,15
XQ,+099190,-0573,+0641,-0526,2026/10/08,10:18:44,+0157467086,+0781867250,+00109886,14
XQ,+099189,-0583,+0643,-0526,2026/10/08,10:18:45,+0157467129,+0781867247,+00110210,16
XQ,+099189,-0586,+0644,-0528,2026/10/08,10:18:46,+0157467165,+0781867251,+00110301,16
XQ,+099190,-0590,+0646,-0530,2026/10/08,10:18:47,+0157467181,+0781867257,+00110454,15
XQ,+099192,-0593,+0647,-0532,2026/10/08,10:18:48,+0157467217,+0781867257,+00110739,16
XQ,+099192,-0609,+0648,-0533,2026/10/08,10:18:49,+0157467238,+0781867262,+00110729,15
XQ,+099187,-0608,+0649,-0536,2026/10/08,10:18:50,+0157467267,+0781867274,+00110552,13
XQ,+099191,-0607,+0650,-0536,2026/10/08,10:18:51,+0157467292,+0781867276,+00110574,15
XQ,+099191,-0599,+0652,-0537,2026/10/08,10:18:52,+0157467310,+0781867270,+00110641,14
XQ,+099191,-0604,+0652,-0539,2026/10/08,10:18:53,+0157467353,+0781867266,+00110688,14
XQ,+099191,-0597,+0653,-0541,2026/10/08,10:18:54,+0157467322,+0781867268,+00110646,16
XQ,+099191,-0600,+0654,-0541,2026/10/08,10:18:55,+0157467295,+0781867275,+00110340,16
XQ,+099191,-0607,+0655,-0543,2026/10/08,10:18:56,+0157467285,+0781867285,+00110552,15
XQ,+099189,-0614,+0657,-0544,2026/10/08,10:18:57,+0157467272,+0781867291,+00110774,16
XQ,+099193,-0606,+0657,-0546,2026/10/08,10:18:58,+0157467262,+0781867291,+00111374,16
XQ,+099189,-0608,+0658,-0548,2026/10/08,10:18:59,+0157467207,+0781867284,+00111538,16
XQ,+099192,-0608,+0659,-0548,2026/10/08,10:19:00,+0157467166,+0781867286,+00111648,16
XQ,+099192,-0613,+0660,-0550,2026/10/08,10:19:01,+0157467148,+0781867291,+00111548,16
XQ,+099190,-0604,+0661,-0552,2026/10/08,10:19:02,+0157467165,+0781867296,+00111712,16
XQ,+099191,-0581,+0660,-0550,2026/10/08,10:19:03,+0157467217,+0781867285,+00111723,16
XQ,+099190,-0575,+0661,-0550,2026/10/08,10:19:04,+0157467240,+0781867279,+00111902,16
XQ,+099192,-0568,+0660,-0550,2026/10/08,10:19:05,+0157467265,+0781867285,+00112041,16
XQ,+099194,-0570,+0660,-0553,2026/10/08,10:19:06,+0157467267,+0781867283,+00112145,16
XQ,+099190,-0561,+0659,-0552,2026/10/08,10:19:07,+0157467280,+0781867277,+00112384,16
XQ,+099190,-0565,+0658,-0553,2026/10/08,10:19:08,+0157467304,+0781867268,+00112944,16
XQ,+099190,-0569,+0658,-0553,2026/10/08,10:19:09,+0157467316,+0781867265,+00113322,16
XQ,+099195,-0567,+0658,-0553,2026/10/08,10:19:10,+0157467356,+0781867260,+00113494,16
XQ,+099197,-0560,+0657,-0552,2026/10/08,10:19:11,+0157467428,+0781867245,+00113519,16
XQ,+099193,-0553,+0656,-0552,2026/10/08,10:19:12,+0157467474,+0781867238,+00113502,16
XQ,+099191,-0561,+0656,-0553,2026/10/08,10:19:13,+0157467546,+0781867223,+00113329,16
XQ,+099191,-0562,+0656,-0554,2026/10/08,10:19:14,+0157467594,+0781867211,+00113502,16
XQ,+099193,-0561,+0657,-0553,2026/10/08,10:19:15,+0157467634,+0781867205,+00113436,16
XQ,+099189,-0572,+0657,-0554,2026/10/08,10:19:16,+0157467686,+0781867213,+00113494,16
XQ,+099192,-0582,+0657,-0556,2026/10/08,10:19:17,+0157467696,+0781867221,+00113598,16
XQ,+099194,-0594,+0658,-0557,2026/10/08,10:19:18,+0157467736,+0781867217,+00114023,16
XQ,+099191,-0591,+0659,-0559,2026/10/08,10:19:19,+0157467813,+0781867211,+00114148,16
XQ,+099189,-0589,+0660,-0557,2026/10/08,10:19:20,+0157467844,+0781867216,+00114040,16
XQ,+099193,-0583,+0659,-0560,2026/10/08,10:19:21,+0157467844,+0781867222,+00113878,16
XQ,+099197,-0583,+0660,-0560,2026/10/08,10:19:22,+0157467877,+0781867231,+00114146,16
XQ,+099192,-0580,+0660,-0560,2026/10/08,10:19:23,+0157467928,+0781867247,+00114328,16
XQ,+099194,-0578,+0660,-0561,2026/10/08,10:19:24,+0157467957,+0781867271,+00114744,16
XQ,+099192,-0583,+0660,-0564,2026/10/08,10:19:25,+0157467957,+0781867288,+00114813,16
XQ,+099193,-0589,+0660,-0564,2026/10/08,10:19:26,+0157467961,+0781867294,+00115101,16
XQ,+099191,-0581,+0660,-0564,2026/10/08,10:19:27,+0157467974,+0781867294,+00115115,16
XQ,+099193,-0573,+0660,-0561,2026/10/08,10:19:28,+0157467946,+0781867277,+00115599,16
XQ,+099196,-0572,+0660,-0564,2026/10/08,10:19:29,+0157467905,+0781867281,+00115372,16
XQ,+099194,-0575,+0660,-0561,2026/10/08,10:19:30,+0157467861,+0781867282,+00115297,16
XQ,+099190,-0571,+0660,-0561,2026/10/08,10:19:31,+0157467863,+0781867269,+00115983,16
XQ,+099179,-0550,+0659,-0560,2026/10/08,10:19:32,+0157467899,+0781867218,+00116402,16
XQ,+099175,-0530,+0659,-0556,2026/10/08,10:19:33,+0157467982,+0781867169,+00116865,16
XQ,+099177,-0517,+0658,-0552,2026/10/08,10:19:34,+0157467834,+0781867195,+00116555,16
XQ,+099178,-0512,+0657,-0550,2026/10/08,10:19:35,+0157467859,+0781867197,+00116353,16
XQ,+099176,-0513,+0656,-0549,2026/10/08,10:19:36,+0157467980,+0781867201,+00116629,16
XQ,+099177,-0515,+0655,-0546,2026/10/08,10:19:37,+0157468127,+0781867217,+00116201,16
XQ,+099173,-0503,+0654,-0544,2026/10/08,10:19:38,+0157468287,+0781867222,+00116778,16
XQ,+099177,-0507,+0654,-0543,2026/10/08,10:19:39,+0157468226,+0781867201,+00116575,16
XQ,+099179,-0494,+0653,-0539,2026/10/08,10:19:40,+0157468178,+0781867197,+00116643,16
XQ,+099183,-0454,+0653,-0536,2026/10/08,10:19:41,+0157468103,+0781867180,+00116830,16
XQ,+099179,-0456,+0651,-0532,2026/10/08,10:19:42,+0157468061,+0781867169,+00115778,16
XQ,+099180,-0456,+0649,-0528,2026/10/08,10:19:43,+0157468007,+0781867171,+00115281,16
XQ,+099179,-0465,+0648,-0526,2026/10/08,10:19:44,+0157467944,+0781867164,+00115457,16
XQ,+099180,-0456,+0647,-0524,2026/10/08,10:19:45,+0157467877,+0781867150,+00115821,16
XQ,+099179,-0438,+0646,-0521,2026/10/08,10:19:46,+0157467860,+0781867146,+00115642,16
XQ,+099177,-0456,+0645,-0520,2026/10/08,10:19:47,+0157467865,+0781867130,+00115130,16
XQ,+099181,-0413,+0646,-0510,2026/10/08,10:19:48,+0157467852,+0781867111,+00114969,16
XQ,+099185,-0332,+0652,-0495,2026/10/08,10:19:49,+0157467857,+0781867107,+00115152,16
XQ,+099180,-0265,+0655,-0482,2026/10/08,10:19:50,+0157467860,+0781867102,+00114844,15
XQ,+099179,-0231,+0656,-0470,2026/10/08,10:19:51,+0157467875,+0781867095,+00114549,16
XQ,+099175,-0207,+0656,-0462,2026/10/08,10:19:52,+0157467867,+0781867088,+00115184,16
XQ,+099179,-0282,+0657,-0457,2026/10/08,10:19:53,+0157467847,+0781867071,+00114799,16
XQ,+099173,-0380,+0653,-0463,2026/10/08,10:19:54,+0157467874,+0781867068,+00114782,16
XQ,+099174,-0356,+0653,-0459,2026/10/08,10:19:55,+0157467874,+0781867063,+00114711,16
XQ,+099177,-0159,+0652,-0444,2026/10/08,10:19:56,+0157467900,+0781867049,+00114845,16
XQ,+099176,+0146,+0658,-0408,2026/10/08,10:19:57,+0157467910,+0781867037,+00114473,16
XQ,+099179,+0348,+0664,-0378,2026/10/08,10:19:58,+0157467922,+0781867027,+00114783,16
XQ,+099177,+0462,+0675,-0350,2026/10/08,10:19:59,+0157467842,+0781867033,+00115062,16
XQ,+099181,+0565,+0684,-0328,2026/10/08,10:20:00,+0157467827,+0781867037,+00114897,16
XQ,+099179,+0661,+0689,-0309,2026/10/08,10:20:01,+0157467782,+0781867040,+00114562,16
XQ,+099177,+0733,+0695,-0291,2026/10/08,10:20:02,+0157467702,+0781867042,+00114589,15
XQ,+099177,+0770,+0701,-0277,2026/10/08,10:20:03,+0157467666,+0781867042,+00114648,16
XQ,+099177,+0814,+0708,-0265,2026/10/08,10:20:04,+0157467658,+0781867046,+00114688,16
XQ,+099178,+0854,+0712,-0251,2026/10/08,10:20:05,+0157467579,+0781867062,+00114715,15
XQ,+099179,+0881,+0717,-0242,2026/10/08,10:20:06,+0157467503,+0781867068,+00114665,16
XQ,+099183,+0897,+0727,-0231,2026/10/08,10:20:07,+0157467461,+0781867071,+00114513,16
XQ,+099183,+0874,+0736,-0225,2026/10/08,10:20:08,+0157467458,+0781867070,+00114485,16
XQ,+099177,+0859,+0754,-0215,2026/10/08,10:20:09,+0157467442,+0781867082,+00114899,16
XQ,+099177,+0877,+0763,-0210,2026/10/08,10:20:10,+0157467435,+0781867101,+00115871,16
XQ,+099180,+0878,+0767,-0208,2026/10/08,10:20:11,+0157467479,+0781867105,+00116468,16
XQ,+099177,+0860,+0770,-0206,2026/10/08,10:20:12,+0157467462,+0781867115,+00116290,16
XQ,+099179,+0853,+0778,-0203,2026/10/08,10:20:13,+0157467521,+0781867118,+00116682,16
XQ,+099177,+0838,+0778,-0202,2026/10/08,10:20:14,+0157467519,+0781867122,+00116366,16
XQ,+099179,+0842,+0777,-0202,2026/10/08,10:20:15,+0157467560,+0781867116,+00116504,16
XQ,+099180,+0817,+0770,-0204,2026/10/08,10:20:16,+0157467655,+0781867108,+00116758,16
XQ,+099174,+0756,+0761,-0204,2026/10/08,10:20:17,+0157467651,+0781867108,+00116786,16
XQ,+099178,+0753,+0748,-0204,2026/10/08,10:20:18,+0157467614,+0781867109,+00116901,16
XQ,+099178,+0732,+0742,-0203,2026/10/08,10:20:19,+0157467646,+0781867093,+00116718,16
XQ,+099181,+0695,+0732,-0204,2026/10/08,10:20:20,+0157467682,+0781867083,+00116331,16
XQ,+099180,+0672,+0721,-0204,2026/10/08,10:20:21,+0157467690,+0781867077,+00116063,16
XQ,+099179,+0646,+0715,-0207,2026/10/08,10:20:22,+0157467696,+0781867072,+00115660,16
XQ,+099180,+0589,+0705,-0199,2026/10/08,10:20:23,+0157467674,+0781867082,+00115975,16
XQ,+099181,+0563,+0696,-0185,2026/10/08,10:20:24,+0157467625,+0781867095,+00116298,16
XQ,+099182,+0584,+0708,-0172,2026/10/08,10:20:25,+0157467679,+0781867101,+00116348,16
XQ,+099184,+0604,+0721,-0163,2026/10/08,10:20:26,+0157467701,+0781867105,+00116030,16
XQ,+099183,+0626,+0730,-0152,2026/10/08,10:20:27,+0157467733,+0781867105,+00115858,16
XQ,+099181,+0632,+0739,-0142,2026/10/08,10:20:28,+0157467753,+0781867103,+00115710,16
XQ,+100642,-0554,+0672,-0448,2026/10/08,11:36:40,+0158264290,+0782008499,-00054548,05
XQ,+100643,-0554,+0672,-0448,2026/10/08,11:36:41,+0158263279,+0782008475,-00047512,05
XQ,+100640,-0541,+0672,-0449,2026/10/08,11:36:42,+0158264292,+0782008424,-00053025,05
XQ,+100639,-0531,+0673,-0448,2026/10/08,11:36:43,+0158265007,+0782008430,-00055361,05
XQ,+100640,-0528,+0673,-0447,2026/10/08,11:36:44,+0158265659,+0782008424,-00055795,05
XQ,+100642,-0530,+0673,-0447,2026/10/08,11:36:45,+0158267809,+0782008549,-00057659,05
XQ,+100640,-0536,+0672,-0447,2026/10/08,11:36:46,+0158269041,+0782008656,-00057402,05
XQ,+100641,-0534,+0672,-0447,2026/10/08,11:36:47,+0158269270,+0782008687,-00056525,05
XQ,+100641,-0529,+0672,-0447,2026/10/08,11:36:48,+0158268887,+0782008647,-00055999,05
XQ,+100641,-0528,+0672,-0445,2026/10/08,11:36:49,+0158299668,+0782013174,+00056822,07
XQ,+100646,-0529,+0672,-0445,2026/10/08,11:36:50,+0158300743,+0782012760,+00034122,07
XQ,+100638,-0528,+0672,-0445,2026/10/08,11:36:51,+0158301098,+0782012596,+00024391,07
XQ,+100642,-0529,+0672,-0445,2026/10/08,11:36:52,+0158301277,+0782012522,+00019175,07
XQ,+100642,-0536,+0672,-0447,2026/10/08,11:36:53,+0158301408,+0782012506,+00016669,07
XQ,+100640,-0548,+0672,-0448,2026/10/08,11:36:54,+0158301490,+0782012484,+00014713,07
XQ,+100639,-0538,+0672,-0447,2026/10/08,11:36:55,+0158301345,+0782012553,+00015062,08
XQ,+100640,-0528,+0673,-0445,2026/10/08,11:36:56,+0158301411,+0782012554,+00014002,08
XQ,+100640,-0521,+0674,-0444,2026/10/08,11:36:57,+0158301347,+0782012571,+00012977,08
XQ,+100644,-0534,+0674,-0445,2026/10/08,11:36:58,+0158301080,+0782012575,+00012622,08
XQ,+100639,-0531,+0674,-0445,2026/10/08,11:36:59,+0158301046,+0782012590,+00012054,08
XQ,+100638,-0532,+0674,-0444,2026/10/08,11:37:00,+0158301111,+0782012610,+00011927,08
XQ,+100638,-0536,+0674,-0443,2026/10/08,11:37:01,+0158301069,+0782012614,+00011835,08
XQ,+100638,-0535,+0674,-0445,2026/10/08,11:37:02,+0158301134,+0782012644,+00011860,08
XQ,+100642,-0527,+0674,-0444,2026/10/08,11:37:03,+0158301152,+0782012661,+00012369,08
XQ,+100640,-0531,+0674,-0444,2026/10/08,11:37:04,+0158301083,+0782012659,+00011776,08
XQ,+100642,-0540,+0673,-0445,2026/10/08,11:37:05,+0158300989,+0782012662,+00011517,08
XQ,+100640,-0546,+0674,-0445,2026/10/08,11:37:06,+0158300979,+0782012679,+00011930,08
XQ,+100639,-0538,+0674,-0444,2026/10/08,11:37:07,+0158300966,+0782012679,+00011770,08
XQ,+100639,-0529,+0675,-0444,2026/10/08,11:37:08,+0158300900,+0782012686,+00011691,08
XQ,+100638,-0536,+0675,-0445,2026/10/08,11:37:09,+0158300824,+0782012689,+00010650,10
XQ,+100641,-0533,+0675,-0444,2026/10/08,11:37:10,+0158300758,+0782012694,+00009817,10
XQ,+100638,-0524,+0675,-0443,2026/10/08,11:37:11,+0158300778,+0782012697,+00009003,10
XQ,+100640,-0519,+0676,-0444,2026/10/08,11:37:12,+0158300760,+0782012695,+00008053,10
XQ,+100639,-0527,+0676,-0444,2026/10/08,11:37:13,+0158300734,+0782012689,+00007549,10
XQ,+100638,-0534,+0676,-0444,2026/10/08,11:37:14,+0158300729,+0782012684,+00007074,10
XQ,+100638,-0534,+0676,-0444,2026/10/08,11:37:15,+0158300690,+0782012676,+00006192,10
XQ,+100636,-0545,+0675,-0445,2026/10/08,11:37:16,+0158300669,+0782012672,+00005202,10
XQ,+100638,-0540,+0674,-0445,2026/10/08,11:37:17,+0158300663,+0782012672,+00004413,10
XQ,+100639,-0543,+0675,-0445,2026/10/08,11:37:18,+0158300642,+0782012668,+00003682,10
XQ,+100638,-0545,+0675,-0445,2026/10/08,11:37:19,+0158300602,+0782012644,+00002427,11
XQ,+100639,-0542,+0675,-0445,2026/10/08,11:37:20,+0158300570,+0782012624,+00001439,11
XQ,+100640,-0536,+0676,-0445,2026/10/08,11:37:21,+0158300556,+0782012609,+00000795,11
XQ,+100638,-0542,+0677,-0447,2026/10/08,11:37:22,+0158300537,+0782012608,+00000345,11
XQ,+100638,-0550,+0676,-0448,2026/10/08,11:37:23,+0158300459,+0782012609,-00000528,11
XQ,+100635,-0545,+0677,-0448,2026/10/08,11:37:24,+0158300433,+0782012608,-00001025,11
XQ,+100639,-0534,+0677,-0445,2026/10/08,11:37:25,+0158300405,+0782012607,-00001406,11
XQ,+100639,-0529,+0678,-0444,2026/10/08,11:37:26,+0158300387,+0782012604,-00001360,11
XQ,+100639,-0513,+0680,-0441,2026/10/08,11:37:27,+0158300364,+0782012604,-00001422,11
XQ,+100637,-0511,+0681,-0441,2026/10/08,11:37:28,+0158300399,+0782012598,-00001475,11
XQ,+100637,-0511,+0681,-0441,2026/10/08,11:37:29,+0158300397,+0782012597,-00002294,11
XQ,+100633,-0520,+0682,-0441,2026/10/08,11:37:30,+0158300489,+0782012596,-00002571,11
XQ,+100642,-0533,+0682,-0444,2026/10/08,11:37:31,+0158300508,+0782012590,-00002955,11
XQ,+100634,-0539,+0683,-0444,2026/10/08,11:37:32,+0158300535,+0782012589,-00002875,11
XQ,+100637,-0533,+0682,-0443,2026/10/08,11:37:33,+0158300555,+0782012582,-00003333,11
XQ,+100635,-0527,+0683,-0441,2026/10/08,11:37:34,+0158300599,+0782012578,-00003697,11
XQ,+100635,-0527,+0682,-0443,2026/10/08,11:37:35,+0158300630,+0782012580,-00004110,11
XQ,+100638,-0523,+0682,-0443,2026/10/08,11:37:36,+0158300685,+0782012585,-00004025,11
XQ,+100643,-0519,+0682,-0443,2026/10/08,11:37:37,+0158300706,+0782012591,-00004034,11
XQ,+100638,-0519,+0682,-0444,2026/10/08,11:37:38,+0158300714,+0782012590,-00004291,11
XQ,+100635,-0523,+0681,-0444,2026/10/08,11:37:39,+0158300677,+0782012591,-00004777,11
XQ,+100633,-0528,+0681,-0444,2026/10/08,11:37:40,+0158300745,+0782012587,-00004757,11
XQ,+100635,-0529,+0681,-0444,2026/10/08,11:37:41,+0158300822,+0782012585,-00004850,11
XQ,+100637,-0538,+0681,-0445,2026/10/08,11:37:42,+0158300820,+0782012592,-00005313,11
XQ,+100635,-0542,+0681,-0449,2026/10/08,11:37:43,+0158300876,+0782012592,-00005590,11
XQ,+100637,-0545,+0681,-0449,2026/10/08,11:37:44,+0158300982,+0782012586,-00006068,11
XQ,+100636,-0544,+0681,-0451,2026/10/08,11:37:45,+0158301042,+0782012583,-00006472,11
XQ,+100635,-0545,+0682,-0451,2026/10/08,11:37:46,+0158301061,+0782012584,-00006679,11
XQ,+100632,-0551,+0682,-0453,2026/10/08,11:37:47,+0158301036,+0782012589,-00006883,11
XQ,+100634,-0554,+0682,-0456,2026/10/08,11:37:48,+0158301054,+0782012593,-00007070,11
XQ,+100636,-0549,+0683,-0455,2026/10/08,11:37:49,+0158301035,+0782012589,-00007521,11
XQ,+100638,-0549,+0684,-0456,2026/10/08,11:37:50,+0158301067,+0782012585,-00007429,11
XQ,+100636,-0552,+0685,-0457,2026/10/08,11:37:51,+0158301082,+0782012584,-00007096,11
XQ,+100635,-0553,+0685,-0457,2026/10/08,11:37:52,+0158301037,+0782012583,-00007093,11
XQ,+100632,-0550,+0686,-0459,2026/10/08,11:37:53,+0158301015,+0782012579,-00007496,11
XQ,+100635,-0551,+0687,-0460,2026/10/08,11:37:54,+0158300995,+0782012576,-00007894,11
XQ,+100630,-0550,+0687,-0462,2026/10/08,11:37:55,+0158300952,+0782012580,-00008006,11
XQ,+100634,-0543,+0687,-0462,2026/10/08,11:37:56,+0158300916,+0782012581,-00008029,11
XQ,+100632,-0546,+0687,-0464,2026/10/08,11:37:57,+0158300866,+0782012587,-00007986,11
XQ,+100632,-0550,+0687,-0463,2026/10/08,11:37:58,+0158300796,+0782012591,-00008214,11
XQ,+100635,-0555,+0688,-0466,2026/10/08,11:37:59,+0158300753,+0782012594,-00008313,11
XQ,+100633,-0557,+0689,-0468,2026/10/08,11:38:00,+0158300783,+0782012594,-00008041,11
XQ,+100633,-0560,+0690,-0468,2026/10/08,11:38:01,+0158300871,+0782012589,-00007851,11
XQ,+100637,-0562,+0691,-0470,2026/10/08,11:38:02,+0158300901,+0782012584,-00007748,11
XQ,+100629,-0559,+0693,-0470,2026/10/08,11:38:03,+0158300894,+0782012589,-00008046,11
XQ,+100631,-0558,+0693,-0471,2026/10/08,11:38:04,+0158300927,+0782012585,-00008092,11
XQ,+100633,-0547,+0694,-0470,2026/10/08,11:38:05,+0158300930,+0782012583,-00008140,12
XQ,+100633,-0539,+0695,-0470,2026/10/08,11:38:06,+0158300932,+0782012582,-00008270,12
XQ,+100633,-0543,+0695,-0468,2026/10/08,11:38:07,+0158300985,+0782012584,-00008172,12
XQ,+100633,-0539,+0696,-0470,2026/10/08,11:38:08,+0158301015,+0782012584,-00008009,12
XQ,+100633,-0545,+0697,-0470,2026/10/08,11:38:09,+0158301131,+0782012574,-00007826,14
XQ,+100633,-0551,+0698,-0471,2026/10/08,11:38:10,+0158301220,+0782012568,-00007280,14
XQ,+100630,-0557,+0699,-0474,2026/10/08,11:38:11,+0158301346,+0782012562,-00006638,14
XQ,+100630,-0555,+0700,-0474,2026/10/08,11:38:12,+0158301432,+0782012552,-00006519,14
XQ,+100634,-0548,+0701,-0472,2026/10/08,11:38:13,+0158301478,+0782012546,-00006451,14
XQ,+100628,-0553,+0701,-0474,2026/10/08,11:38:14,+0158301505,+0782012541,-00006474,14
XQ,+100630,-0555,+0702,-0475,2026/10/08,11:38:15,+0158301567,+0782012532,-00006608,14
XQ,+100632,-0551,+0703,-0475,2026/10/08,11:38:16,+0158301579,+0782012529,-00006478,14
XQ,+100631,-0548,+0703,-0475,2026/10/08,11:38:17,+0158301600,+0782012527,-00006276,14
XQ,+100631,-0543,+0703,-0474,2026/10/08,11:38:18,+0158301587,+0782012524,-00006409,14
XQ,+100628,-0547,+0704,-0476,2026/10/08,11:38:19,+0158301566,+0782012520,-00006449,16
XQ,+100631,-0554,+0704,-0474,2026/10/08,11:38:20,+0158301602,+0782012516,-00006190,16
XQ,+100633,-0554,+0705,-0478,2026/10/08,11:38:21,+0158301577,+0782012517,-00005910,16
XQ,+100631,-0551,+0705,-0478,2026/10/08,11:38:22,+0158301554,+0782012521,-00005955,16
XQ,+100629,-0549,+0706,-0478,2026/10/08,11:38:23,+0158301544,+0782012523,-00006275,16
XQ,+100631,-0545,+0706,-0478,2026/10/08,11:38:24,+0158301531,+0782012522,-00006305,16
XQ,+100633,-0546,+0706,-0476,2026/10/08,11:38:25,+0158301518,+0782012523,-00006537,16
XQ,+100628,-0546,+0707,-0478,2026/10/08,11:38:26,+0158301438,+0782012534,-00006711,16
XQ,+100632,-0549,+0707,-0476,2026/10/08,11:38:27,+0158301365,+0782012545,-00006833,16
XQ,+100629,-0545,+0707,-0478,2026/10/08,11:38:28,+0158301319,+0782012554,-00006832,16
XQ,+100631,-0544,+0707,-0478,2026/10/08,11:38:29,+0158301242,+0782012565,-00007174,16
XQ,+100628,-0553,+0706,-0478,2026/10/08,11:38:30,+0158301194,+0782012580,-00007076,16
XQ,+100632,-0549,+0705,-0478,2026/10/08,11:38:31,+0158301162,+0782012590,-00006957,16
XQ,+100630,-0544,+0705,-0481,2026/10/08,11:38:32,+0158301146,+0782012597,-00006983,16
XQ,+100629,-0529,+0703,-0479,2026/10/08,11:38:33,+0158301143,+0782012606,-00006981,16
XQ,+100628,-0533,+0701,-0479,2026/10/08,11:38:34,+0158301145,+0782012613,-00007040,16
XQ,+100626,-0536,+0700,-0479,2026/10/08,11:38:35,+0158301159,+0782012616,-00006966,16
XQ,+100629,-0537,+0698,-0481,2026/10/08,11:38:36,+0158301155,+0782012622,-00006792,16
XQ,+100628,-0530,+0698,-0479,2026/10/08,11:38:37,+0158301145,+0782012627,-00006869,16
XQ,+100630,-0533,+0698,-0482,2026/10/08,11:38:38,+0158301128,+0782012633,-00006842,16
XQ,+100626,-0544,+0697,-0481,2026/10/08,11:38:39,+0158301112,+0782012636,-00006765,16
XQ,+100628,-0547,+0697,-0482,2026/10/08,11:38:40,+0158301134,+0782012644,-00006537,16
XQ,+100628,-0548,+0697,-0483,2026/10/08,11:38:41,+0158301163,+0782012652,-00006172,16
XQ,+100630,-0553,+0697,-0486,2026/10/08,11:38:42,+0158301154,+0782012659,-00006000,16
XQ,+100627,-0556,+0697,-0485,2026/10/08,11:38:43,+0158301150,+0782012664,-00006167,16
XQ,+100627,-0554,+0697,-0485,2026/10/08,11:38:44,+0158301131,+0782012673,-00006379,16
XQ,+100626,-0553,+0698,-0486,2026/10/08,11:38:45,+0158301130,+0782012680,-00006501,16
XQ,+100628,-0553,+0699,-0486,2026/10/08,11:38:46,+0158301119,+0782012682,-00006609,16
XQ,+100628,-0554,+0700,-0487,2026/10/08,11:38:47,+0158301129,+0782012683,-00006802,16
XQ,+100626,-0549,+0701,-0487,2026/10/08,11:38:48,+0158301135,+0782012681,-00006967,16
XQ,+100622,-0540,+0701,-0486,2026/10/08,11:38:49,+0158301136,+0782012678,-00007102,16
XQ,+100626,-0547,+0702,-0486,2026/10/08,11:38:50,+0158301120,+0782012684,-00006953,16
XQ,+100625,-0554,+0702,-0487,2026/10/08,11:38:51,+0158301103,+0782012691,-00006744,16
XQ,+100627,-0558,+0703,-0489,2026/10/08,11:38:52,+0158301095,+0782012694,-00006758,16
XQ,+100625,-0559,+0703,-0489,2026/10/08,11:38:53,+0158301080,+0782012692,-00006967,16
XQ,+100629,-0553,+0704,-0487,2026/10/08,11:38:54,+0158301073,+0782012691,-00006962,16
XQ,+100629,-0547,+0704,-0487,2026/10/08,11:38:55,+0158301078,+0782012699,-00006751,16
XQ,+100627,-0540,+0704,-0486,2026/10/08,11:38:56,+0158301093,+0782012705,-00006570,16
XQ,+100623,-0541,+0704,-0489,2026/10/08,11:38:57,+0158301096,+0782012712,-00006481,16
XQ,+100624,-0542,+0703,-0486,2026/10/08,11:38:58,+0158301099,+0782012716,-00006611,16
XQ,+100627,-0537,+0703,-0486,2026/10/08,11:38:59,+0158301096,+0782012719,-00006912,16
XQ,+100627,-0546,+0704,-0487,2026/10/08,11:39:00,+0158301100,+0782012727,-00006825,16
XQ,+100629,-0545,+0704,-0487,2026/10/08,11:39:01,+0158301094,+0782012741,-00006541,16
XQ,+100627,-0542,+0704,-0487,2026/10/08,11:39:02,+0158301071,+0782012749,-00006553,16
XQ,+100624,-0548,+0705,-0489,2026/10/08,11:39:03,+0158301053,+0782012747,-00006827,16
XQ,+100628,-0554,+0704,-0490,2026/10/08,11:39:04,+0158301016,+0782012754,-00006944,16
XQ,+100627,-0559,+0705,-0489,2026/10/08,11:39:05,+0158300985,+0782012751,-00007192,16
XQ,+100624,-0561,+0705,-0491,2026/10/08,11:39:06,+0158300972,+0782012758,-00007245,16
XQ,+100624,-0561,+0706,-0491,2026/10/08,11:39:07,+0158300975,+0782012760,-00007099,16
XQ,+100625,-0562,+0707,-0491,2026/10/08,11:39:08,+0158300979,+0782012759,-00006991,16
XQ,+100621,-0562,+0707,-0493,2026/10/08,11:39:09,+0158301008,+0782012760,-00007354,16
XQ,+100628,-0557,+0707,-0491,2026/10/08,11:39:10,+0158301045,+0782012768,-00007318,16
XQ,+100623,-0558,+0706,-0491,2026/10/08,11:39:11,+0158301047,+0782012775,-00007077,16
XQ,+100623,-0561,+0706,-0494,2026/10/08,11:39:12,+0158301042,+0782012776,-00007262,16
XQ,+100622,-0562,+0706,-0493,2026/10/08,11:39:13,+0158301033,+0782012781,-00007571,16
XQ,+100623,-0563,+0706,-0493,2026/10/08,11:39:14,+0158301032,+0782012773,-00007844,16
XQ,+100627,-0562,+0706,-0494,2026/10/08,11:39:15,+0158301034,+0782012768,-00007994,16
XQ,+100623,-0554,+0706,-0493,2026/10/08,11:39:16,+0158301042,+0782012771,-00007995,16
XQ,+100627,-0551,+0706,-0493,2026/10/08,11:39:17,+0158301039,+0782012760,-00007879,16
XQ,+100622,-0546,+0707,-0494,2026/10/08,11:39:18,+0158301045,+0782012760,-00007643,16
XQ,+100622,-0550,+0707,-0493,2026/10/08,11:39:19,+0158301067,+0782012757,-00007746,16
XQ,+100618,-0557,+0707,-0493,2026/10/08,11:39:20,+0158301071,+0782012748,-00007669,16
XQ,+100625,-0556,+0707,-0493,2026/10/08,11:39:21,+0158301067,+0782012753,-00007324,16
XQ,+100624,-0549,+0707,-0493,2026/10/08,11:39:22,+0158301063,+0782012753,-00007405,16
XQ,+100625,-0544,+0707,-0493,2026/10/08,11:39:23,+0158301072,+0782012750,-00008005,16
XQ,+100625,-0548,+0707,-0493,2026/10/08,11:39:24,+0158301073,+0782012744,-00008518,16
XQ,+100623,-0549,+0708,-0493,2026/10/08,11:39:25,+0158301053,+0782012748,-00008619,16
XQ,+100623,-0547,+0708,-0493,2026/10/08,11:39:26,+0158301069,+0782012753,-00008517,16
XQ,+100622,-0550,+0709,-0493,2026/10/08,11:39:27,+0158301108,+0782012751,-00008647,16
XQ,+100623,-0552,+0708,-0494,2026/10/08,11:39:28,+0158301135,+0782012753,-00008686,16
XQ,+100623,-0553,+0708,-0494,2026/10/08,11:39:29,+0158301154,+0782012759,-00008542,16
XQ,+100621,-0554,+0708,-0493,2026/10/08,11:39:30,+0158301163,+0782012763,-00008302,16
XQ,+100619,-0560,+0708,-0494,2026/10/08,11:39:31,+0158301173,+0782012763,-00008040,16
XQ,+100621,-0563,+0708,-0494,2026/10/08,11:39:32,+0158301181,+0782012761,-00008022,16
XQ,+100623,-0564,+0709,-0495,2026/10/08,11:39:33,+0158301173,+0782012756,-00008079,16
XQ,+100623,-0565,+0709,-0495,2026/10/08,11:39:34,+0158301168,+0782012749,-00008222,16
XQ,+100624,-0563,+0709,-0497,2026/10/08,11:39:35,+0158301171,+0782012744,-00008072,16
XQ,+100621,-0565,+0708,-0497,2026/10/08,11:39:36,+0158301166,+0782012749,-00008047,16
XQ,+100620,-0566,+0707,-0497,2026/10/08,11:39:37,+0158301165,+0782012755,-00008168,16
XQ,+100623,-0568,+0707,-0497,2026/10/08,11:39:38,+0158301163,+0782012753,-00008394,16
XQ,+100623,-0569,+0707,-0501,2026/10/08,11:39:39,+0158301157,+0782012747,-00008480,16
XQ,+100620,-0566,+0706,-0501,2026/10/08,11:39:40,+0158301151,+0782012743,-00008203,16
XQ,+100621,-0568,+0705,-0503,2026/10/08,11:39:41,+0158301148,+0782012748,-00008007,16
XQ,+100621,-0568,+0705,-0503,2026/10/08,11:39:42,+0158301138,+0782012747,-00007893,16
XQ,+100623,-0569,+0705,-0505,2026/10/08,11:39:43,+0158301144,+0782012747,-00008114,16
XQ,+100620,-0569,+0705,-0503,2026/10/08,11:39:44,+0158301120,+0782012755,-00008248,16
XQ,+100621,-0570,+0705,-0505,2026/10/08,11:39:45,+0158301102,+0782012765,-00008446,16
XQ,+100619,-0570,+0705,-0505,2026/10/08,11:39:46,+0158301094,+0782012774,-00008483,16
XQ,+100619,-0571,+0706,-0505,2026/10/08,11:39:47,+0158301097,+0782012774,-00008301,16
XQ,+100620,-0574,+0707,-0507,2026/10/08,11:39:48,+0158301102,+0782012767,-00008386,16
XQ,+100614,-0573,+0708,-0507,2026/10/08,11:39:49,+0158301103,+0782012772,-00008353,16
XQ,+100620,-0574,+0708,-0507,2026/10/08,11:39:50,+0158301104,+0782012769,-00008475,16
XQ,+100619,-0574,+0709,-0507,2026/10/08,11:39:51,+0158301107,+0782012765,-00008546,16
XQ,+100620,-0575,+0710,-0507,2026/10/08,11:39:52,+0158301103,+0782012768,-00008131,16
XQ,+100620,-0576,+0711,-0507,2026/10/08,11:39:53,+0158301107,+0782012757,-00008244,16
XQ,+100621,-0575,+0711,-0509,2026/10/08,11:39:54,+0158301103,+0782012749,-00008199,16
XQ,+100621,-0577,+0712,-0509,2026/10/08,11:39:55,+0158301076,+0782012748,-00007960,16
XQ,+100621,-0578,+0712,-0510,2026/10/08,11:39:56,+0158301045,+0782012750,-00008125,16
XQ,+100621,-0574,+0712,-0510,2026/10/08,11:39:57,+0158301030,+0782012748,-00007914,16
XQ,+100621,-0575,+0713,-0510,2026/10/08,11:39:58,+0158301014,+0782012742,-00007854,16
XQ,+100620,-0571,+0713,-0509,2026/10/08,11:39:59,+0158301001,+0782012742,-00008095,16
XQ,+100620,-0570,+0713,-0511,2026/10/08,11:40:00,+0158300981,+0782012739,-00008022,16
XQ,+100623,-0570,+0714,-0510,2026/10/08,11:40:01,+0158300979,+0782012736,-00007785,16
XQ,+100615,-0574,+0714,-0511,2026/10/08,11:40:02,+0158300976,+0782012737,-00007622,16
XQ,+100616,-0577,+0715,-0511,2026/10/08,11:40:03,+0158300978,+0782012741,-00007573,16
XQ,+100620,-0577,+0715,-0514,2026/10/08,11:40:04,+0158300987,+0782012742,-00007575,16
XQ,+100620,-0576,+0715,-0514,2026/10/08,11:40:05,+0158301022,+0782012742,-00007792,16
XQ,+100620,-0577,+0716,-0513,2026/10/08,11:40:06,+0158301034,+0782012743,-00007629,16
XQ,+100620,-0577,+0717,-0514,2026/10/08,11:40:07,+0158301022,+0782012742,-00007683,16
XQ,+100616,-0578,+0717,-0515,2026/10/08,11:40:08,+0158301034,+0782012742,-00007428,16
XQ,+100618,-0578,+0717,-0515,2026/10/08,11:40:09,+0158301029,+0782012744,-00007361,16
XQ,+100617,-0577,+0718,-0515,2026/10/08,11:40:10,+0158301023,+0782012747,-00007237,16
XQ,+100619,-0578,+0719,-0514,2026/10/08,11:40:11,+0158301022,+0782012749,-00006740,16
XQ,+100619,-0578,+0718,-0513,2026/10/08,11:40:12,+0158301051,+0782012749,-00006447,16
XQ,+100618,-0579,+0719,-0514,2026/10/08,11:40:13,+0158301068,+0782012749,-00006563,16
XQ,+100619,-0581,+0719,-0515,2026/10/08,11:40:14,+0158301079,+0782012748,-00006655,16
XQ,+100613,-0582,+0719,-0514,2026/10/08,11:40:15,+0158301084,+0782012750,-00006445,16
XQ,+100617,-0584,+0720,-0515,2026/10/08,11:40:16,+0158301079,+0782012752,-00006453,16
XQ,+100618,-0585,+0720,-0518,2026/10/08,11:40:17,+0158301070,+0782012751,-00006595,16
XQ,+100615,-0585,+0720,-0518,2026/10/08,11:40:18,+0158301064,+0782012752,-00006611,16
XQ,+100617,-0585,+0720,-0518,2026/10/08,11:40:19,+0158301061,+0782012754,-00006788,16
XQ,+100614,-0585,+0720,-0520,2026/10/08,11:40:20,+0158301106,+0782012757,-00006654,16
XQ,+100617,-0585,+0720,-0522,2026/10/08,11:40:21,+0158301135,+0782012763,-00006305,16
XQ,+100621,-0586,+0720,-0521,2026/10/08,11:40:22,+0158301114,+0782012768,-00006198,16
XQ,+100615,-0587,+0721,-0522,2026/10/08,11:40:23,+0158301131,+0782012771,-00006306,16
XQ,+100612,-0589,+0722,-0522,2026/10/08,11:40:24,+0158301134,+0782012776,-00006335,16
XQ,+100614,-0590,+0722,-0522,2026/10/08,11:40:25,+0158301157,+0782012779,-00006544,16
XQ,+100619,-0590,+0722,-0525,2026/10/08,11:40:26,+0158301168,+0782012787,-00006416,16
XQ,+100616,-0589,+0722,-0524,2026/10/08,11:40:27,+0158301140,+0782012794,-00006249,16
XQ,+100614,-0590,+0722,-0525,2026/10/08,11:40:28,+0158301137,+0782012792,-00005963,16
XQ,+100618,-0590,+0722,-0525,2026/10/08,11:40:29,+0158301195,+0782012784,-00006184,16
XQ,+100613,-0592,+0722,-0528,2026/10/08,11:40:30,+0158301220,+0782012781,-00006313,16
XQ,+100616,-0590,+0722,-0528,2026/10/08,11:40:31,+0158301223,+0782012784,-00006166,16
XQ,+100616,-0589,+0723,-0526,2026/10/08,11:40:32,+0158301248,+0782012789,-00006075,16
XQ,+100615,-0588,+0723,-0526,2026/10/08,11:40:33,+0158301262,+0782012788,-00006001,16
XQ,+100619,-0588,+0724,-0528,2026/10/08,11:40:34,+0158301279,+0782012783,-00005979,16
XQ,+100614,-0591,+0724,-0528,2026/10/08,11:40:35,+0158301306,+0782012777,-00005698,16
XQ,+100615,-0591,+0725,-0528,2026/10/08,11:40:36,+0158301321,+0782012775,-00005308,16
XQ,+100615,-0592,+0725,-0528,2026/10/08,11:40:37,+0158301332,+0782012769,-00004984,16
XQ,+100613,-0591,+0725,-0528,2026/10/08,11:40:38,+0158301355,+0782012762,-00004856,16
XQ,+100614,-0593,+0726,-0528,2026/10/08,11:40:39,+0158301369,+0782012757,-00004830,16
XQ,+100611,-0593,+0727,-0529,2026/10/08,11:40:40,+0158301371,+0782012752,-00004679,16
XQ,+100612,-0591,+0727,-0529,2026/10/08,11:40:41,+0158301381,+0782012747,-00004132,16
XQ,+100616,-0590,+0727,-0528,2026/10/08,11:40:42,+0158301401,+0782012740,-00003952,16
XQ,+100613,-0590,+0727,-0529,2026/10/08,11:40:43,+0158301422,+0782012734,-00004154,16
XQ,+100610,-0590,+0727,-0532,2026/10/08,11:40:44,+0158301436,+0782012730,-00003830,16
XQ,+100616,-0589,+0727,-0530,2026/10/08,11:40:45,+0158301445,+0782012723,-00004294,16
XQ,+100613,-0588,+0727,-0530,2026/10/08,11:40:46,+0158301460,+0782012722,-00004464,16
XQ,+100612,-0589,+0728,-0529,2026/10/08,11:40:47,+0158301432,+0782012723,-00004586,16
XQ,+100611,-0588,+0728,-0530,2026/10/08,11:40:48,+0158301427,+0782012715,-00004609,16
XQ,+100609,-0586,+0727,-0529,2026/10/08,11:40:49,+0158301416,+0782012707,-00004734,16
XQ,+100610,-0583,+0725,-0529,2026/10/08,11:40:50,+0158301403,+0782012700,-00004823,16
XQ,+100614,-0579,+0725,-0530,2026/10/08,11:40:51,+0158301395,+0782012700,-00004394,16
XQ,+100614,-0581,+0724,-0530,2026/10/08,11:40:52,+0158301376,+0782012703,-00004218,16
XQ,+100613,-0576,+0724,-0529,2026/10/08,11:40:53,+0158301352,+0782012701,-00004225,16
XQ,+100613,-0565,+0723,-0528,2026/10/08,11:40:54,+0158301340,+0782012697,-00004024,16
XQ,+100614,-0554,+0722,-0528,2026/10/08,11:40:55,+0158301326,+0782012688,-00003881,16
XQ,+100614,-0558,+0721,-0525,2026/10/08,11:40:56,+0158301324,+0782012683,-00003877,16
XQ,+100611,-0566,+0720,-0525,2026/10/08,11:40:57,+0158301312,+0782012678,-00003696,16
XQ,+100610,-0570,+0720,-0525,2026/10/08,11:40:58,+0158301308,+0782012668,-00003541,16
XQ,+100610,-0563,+0720,-0526,2026/10/08,11:40:59,+0158301301,+0782012651,-00003434,16
XQ,+100609,-0567,+0720,-0525,2026/10/08,11:41:00,+0158301273,+0782012638,-00003269,16
XQ,+100613,-0572,+0720,-0525,2026/10/08,11:41:01,+0158301264,+0782012635,-00002867,16
XQ,+100613,-0573,+0721,-0526,2026/10/08,11:41:02,+0158301255,+0782012637,-00002576,16
XQ,+100612,-0571,+0721,-0526,2026/10/08,11:41:03,+0158301245,+0782012637,-00002507,16
XQ,+100611,-0574,+0720,-0528,2026/10/08,11:41:04,+0158301226,+0782012635,-00002641,16
XQ,+100609,-0579,+0721,-0526,2026/10/08,11:41:05,+0158301212,+0782012626,-00002970,16
XQ,+100610,-0579,+0722,-0526,2026/10/08,11:41:06,+0158301213,+0782012626,-00003063,16
XQ,+100612,-0581,+0722,-0529,2026/10/08,11:41:07,+0158301211,+0782012619,-00003432,16
XQ,+100611,-0583,+0722,-0529,2026/10/08,11:41:08,+0158301204,+0782012616,-00003473,16
XQ,+100611,-0583,+0722,-0529,2026/10/08,11:41:09,+0158301199,+0782012613,-00003459,16
XQ,+100605,-0583,+0723,-0530,2026/10/08,11:41:10,+0158301213,+0782012607,-00003437,16
XQ,+100613,-0584,+0724,-0528,2026/10/08,11:41:11,+0158301239,+0782012600,-00003229,16
XQ,+100608,-0584,+0724,-0530,2026/10/08,11:41:12,+0158301231,+0782012598,-00003145,16
XQ,+100612,-0584,+0724,-0529,2026/10/08,11:41:13,+0158301213,+0782012593,-00003617,16
XQ,+100613,-0584,+0724,-0532,2026/10/08,11:41:14,+0158301217,+0782012587,-00003757,16
XQ,+100613,-0584,+0725,-0530,2026/10/08,11:41:15,+0158301219,+0782012582,-00003850,16
XQ,+100610,-0585,+0725,-0529,2026/10/08,11:41:16,+0158301226,+0782012578,-00003942,16
XQ,+100615,-0584,+0725,-0532,2026/10/08,11:41:17,+0158301221,+0782012579,-00004002,16
XQ,+100611,-0585,+0724,-0532,2026/10/08,11:41:18,+0158301189,+0782012579,-00003945,16
XQ,+100611,-0583,+0724,-0532,2026/10/08,11:41:19,+0158301146,+0782012578,-00003923,16
XQ,+100611,-0580,+0724,-0532,2026/10/08,11:41:20,+0158301147,+0782012574,-00004104,16
XQ,+100610,-0582,+0723,-0532,2026/10/08,11:41:21,+0158301176,+0782012575,-00003973,16
XQ,+100609,-0585,+0723,-0533,2026/10/08,11:41:22,+0158301182,+0782012581,-00003807,16
XQ,+100609,-0586,+0723,-0533,2026/10/08,11:41:23,+0158301190,+0782012585,-00003817,16
XQ,+100608,-0587,+0723,-0533,2026/10/08,11:41:24,+0158301190,+0782012585,-00003925,16
XQ,+100611,-0588,+0724,-0533,2026/10/08,11:41:25,+0158301201,+0782012577,-00003970,16
XQ,+100608,-0588,+0724,-0533,2026/10/08,11:41:26,+0158301227,+0782012573,-00004086,16
XQ,+100606,-0587,+0725,-0533,2026/10/08,11:41:27,+0158301272,+0782012573,-00003952,16
XQ,+100610,-0588,+0726,-0534,2026/10/08,11:41:28,+0158301308,+0782012569,-00004110,16
XQ,+100612,-0590,+0726,-0534,2026/10/08,11:41:29,+0158301344,+0782012561,-00004198,16
XQ,+100610,-0589,+0727,-0534,2026/10/08,11:41:30,+0158301362,+0782012558,-00004116,16
XQ,+100610,-0591,+0727,-0534,2026/10/08,11:41:31,+0158301369,+0782012557,-00004049,16
XQ,+100608,-0590,+0727,-0534,2026/10/08,11:41:32,+0158301372,+0782012560,-00003719,16
XQ,+100610,-0590,+0727,-0534,2026/10/08,11:41:33,+0158301382,+0782012561,-00003436,16
XQ,+100611,-0589,+0727,-0536,2026/10/08,11:41:34,+0158301401,+0782012551,-00003294,16
XQ,+100608,-0591,+0727,-0536,2026/10/08,11:41:35,+0158301396,+0782012550,-00003154,16
XQ,+100606,-0587,+0727,-0533,2026/10/08,11:41:36,+0158301378,+0782012545,-00003137,16
XQ,+100608,-0588,+0727,-0533,2026/10/08,11:41:37,+0158301374,+0782012541,-00002827,16
XQ,+100608,-0590,+0727,-0534,2026/10/08,11:41:38,+0158301369,+0782012536,-00002841,16
XQ,+100606,-0591,+0727,-0536,2026/10/08,11:41:39,+0158301358,+0782012536,-00002951,16
XQ,+100608,-0590,+0727,-0537,2026/10/08,11:41:40,+0158301347,+0782012529,-00002837,16
XQ,+100609,-0593,+0727,-0536,2026/10/08,11:41:41,+0158301313,+0782012536,-00002393,16
XQ,+100606,-0571,+0727,-0539,2026/10/08,11:41:42,+0158301308,+0782012539,-00001932,16
XQ,+100603,-0563,+0726,-0537,2026/10/08,11:41:43,+0158301288,+0782012537,-00002033,16
XQ,+100609,-0542,+0727,-0536,2026/10/08,11:41:44,+0158301274,+0782012536,-00002472,16
XQ,+100600,-0525,+0727,-0534,2026/10/08,11:41:45,+0158301263,+0782012539,-00002728,16
XQ,+100606,-0524,+0727,-0532,2026/10/08,11:41:46,+0158301249,+0782012543,-00002702,16
XQ,+100607,-0526,+0726,-0530,2026/10/08,11:41:47,+0158301278,+0782012544,-00002652,16
XQ,+100604,-0533,+0726,-0530,2026/10/08,11:41:48,+0158301329,+0782012559,-00002350,16
XQ,+100597,-0553,+0725,-0533,2026/10/08,11:41:49,+0158301332,+0782012575,-00002728,16
XQ,+100591,-0563,+0724,-0534,2026/10/08,11:41:50,+0158301329,+0782012571,-00003204,16
XQ,+100578,-0568,+0721,-0536,2026/10/08,11:41:51,+0158301375,+0782012573,-00002875,16
XQ,+100570,-0568,+0719,-0539,2026/10/08,11:41:52,+0158301379,+0782012591,-00002135,16
XQ,+100556,-0564,+0716,-0539,2026/10/08,11:41:53,+0158301291,+0782012616,-00001226,16
XQ,+100545,-0562,+0713,-0540,2026/10/08,11:41:54,+0158301165,+0782012618,-00000082,16
XQ,+100527,-0560,+0710,-0540,2026/10/08,11:41:55,+0158301068,+0782012620,+00000023,16
XQ,+100518,-0558,+0707,-0541,2026/10/08,11:41:56,+0158300949,+0782012651,+00001146,16
XQ,+100508,-0546,+0703,-0540,2026/10/08,11:41:57,+0158300903,+0782012662,+00002398,16
XQ,+100498,-0532,+0699,-0539,2026/10/08,11:41:58,+0158300859,+0782012685,+00004038,16
XQ,+100486,-0527,+0694,-0537,2026/10/08,11:41:59,+0158300864,+0782012724,+00006050,16
XQ,+100472,-0523,+0691,-0536,2026/10/08,11:42:00,+0158300900,+0782012730,+00007522,16
XQ,+100459,-0523,+0688,-0534,2026/10/08,11:42:01,+0158300898,+0782012727,+00008273,16
XQ,+100449,-0523,+0685,-0533,2026/10/08,11:42:02,+0158300789,+0782012740,+00009809,16
XQ,+100431,-0523,+0683,-0533,2026/10/08,11:42:03,+0158300687,+0782012708,+00009998,16
XQ,+100426,-0523,+0680,-0532,2026/10/08,11:42:04,+0158300665,+0782012672,+00009901,16
XQ,+100411,-0522,+0678,-0532,2026/10/08,11:42:05,+0158300609,+0782012673,+00010616,16
XQ,+100401,-0523,+0676,-0532,2026/10/08,11:42:06,+0158300554,+0782012703,+00012437,16
XQ,+100390,-0521,+0673,-0530,2026/10/08,11:42:07,+0158300668,+0782012744,+00013517,16
XQ,+100377,-0515,+0671,-0529,2026/10/08,11:42:08,+0158300710,+0782012816,+00015179,16
XQ,+100369,-0513,+0668,-0528,2026/10/08,11:42:09,+0158300629,+0782012844,+00015866,16
XQ,+100356,-0506,+0666,-0528,2026/10/08,11:42:10,+0158300389,+0782012842,+00017380,16
XQ,+100342,-0501,+0664,-0525,2026/10/08,11:42:11,+0158300211,+0782012809,+00018216,16
XQ,+100325,-0498,+0662,-0522,2026/10/08,11:42:12,+0158300293,+0782012769,+00019883,16
XQ,+100317,-0498,+0659,-0520,2026/10/08,11:42:13,+0158300571,+0782012725,+00019933,16
XQ,+100307,-0501,+0658,-0518,2026/10/08,11:42:14,+0158300786,+0782012776,+00022129,16
XQ,+100299,-0500,+0656,-0518,2026/10/08,11:42:15,+0158300956,+0782012774,+00023155,16
XQ,+100284,-0502,+0655,-0515,2026/10/08,11:42:16,+0158301148,+0782012740,+00024977,16
XQ,+100272,-0501,+0653,-0514,2026/10/08,11:42:17,+0158301195,+0782012714,+00026959,16
XQ,+100262,-0502,+0652,-0515,2026/10/08,11:42:18,+0158301130,+0782012733,+00029516,16
XQ,+100252,-0502,+0651,-0515,2026/10/08,11:42:19,+0158301083,+0782012702,+00029158,16
XQ,+100238,-0503,+0649,-0514,2026/10/08,11:42:20,+0158300968,+0782012669,+00028728,16
XQ,+100225,-0500,+0649,-0514,2026/10/08,11:42:21,+0158300798,+0782012677,+00029974,16
XQ,+100213,-0499,+0647,-0514,2026/10/08,11:42:22,+0158300689,+0782012695,+00030370,16
XQ,+100202,-0498,+0646,-0513,2026/10/08,11:42:23,+0158300619,+0782012718,+00031107,16
XQ,+100189,-0497,+0645,-0511,2026/10/08,11:42:24,+0158300561,+0782012725,+00031017,16
XQ,+100171,-0493,+0644,-0510,2026/10/08,11:42:25,+0158300562,+0782012735,+00032013,16
XQ,+100165,-0486,+0643,-0509,2026/10/08,11:42:26,+0158300674,+0782012693,+00031104,16
XQ,+100154,-0483,+0642,-0509,2026/10/08,11:42:27,+0158300606,+0782012666,+00030403,16
XQ,+100145,-0476,+0641,-0506,2026/10/08,11:42:28,+0158300523,+0782012667,+00031067,16
XQ,+100132,-0470,+0640,-0502,2026/10/08,11:42:29,+0158300560,+0782012661,+00031576,16
XQ,+100116,-0468,+0639,-0498,2026/10/08,11:42:30,+0158300522,+0782012684,+00031960,16
XQ,+100105,-0461,+0637,-0497,2026/10/08,11:42:31,+0158300460,+0782012725,+00031805,16
XQ,+100092,-0462,+0636,-0495,2026/10/08,11:42:32,+0158300361,+0782012823,+00033714,16
XQ,+100082,-0461,+0635,-0494,2026/10/08,11:42:33,+0158300341,+0782012899,+00035185,16
XQ,+100070,-0460,+0634,-0493,2026/10/08,11:42:34,+0158300347,+0782012913,+00035366,16
XQ,+100058,-0460,+0633,-0490,2026/10/08,11:42:35,+0158300312,+0782012921,+00035538,16
XQ,+100048,-0456,+0632,-0490,2026/10/08,11:42:36,+0158300320,+0782012902,+00035814,16
XQ,+100033,-0450,+0632,-0489,2026/10/08,11:42:37,+0158300270,+0782012903,+00036649,16
XQ,+100025,-0448,+0630,-0486,2026/10/08,11:42:38,+0158300196,+0782012940,+00037630,16
XQ,+100011,-0449,+0629,-0486,2026/10/08,11:42:39,+0158300114,+0782012984,+00038985,16
XQ,+100000,-0447,+0628,-0482,2026/10/08,11:42:40,+0158300218,+0782012992,+00040595,16
XQ,+099982,-0445,+0627,-0481,2026/10/08,11:42:41,+0158300278,+0782013034,+00042203,16
XQ,+099975,-0446,+0626,-0479,2026/10/08,11:42:42,+0158300319,+0782013064,+00044005,16
XQ,+099966,-0444,+0625,-0479,2026/10/08,11:42:43,+0158300382,+0782013060,+00045111,16
XQ,+099949,-0446,+0625,-0478,2026/10/08,11:42:44,+0158300455,+0782013042,+00045573,16
XQ,+099943,-0447,+0624,-0475,2026/10/08,11:42:45,+0158300516,+0782013038,+00046023,16
XQ,+099931,-0448,+0623,-0475,2026/10/08,11:42:46,+0158300492,+0782013042,+00046310,16
XQ,+099919,-0450,+0622,-0474,2026/10/08,11:42:47,+0158300554,+0782012975,+00045363,16
XQ,+099908,-0449,+0621,-0474,2026/10/08,11:42:48,+0158300590,+0782012921,+00045189,16
XQ,+099892,-0450,+0621,-0472,2026/10/08,11:42:49,+0158300430,+0782012988,+00048664,15
XQ,+099886,-0450,+0620,-0472,2026/10/08,11:42:50,+0158300394,+0782012993,+00049513,16
XQ,+099871,-0449,+0619,-0472,2026/10/08,11:42:51,+0158300362,+0782013004,+00051619,16
XQ,+099861,-0449,+0619,-0471,2026/10/08,11:42:52,+0158300388,+0782013013,+00052569,16
XQ,+099847,-0449,+0619,-0470,2026/10/08,11:42:53,+0158300398,+0782013037,+00053541,16
XQ,+099838,-0450,+0618,-0471,2026/10/08,11:42:54,+0158300280,+0782013051,+00054331,16
XQ,+099822,-0450,+0617,-0467,2026/10/08,11:42:55,+0158300303,+0782013058,+00055236,16
XQ,+099811,-0450,+0617,-0468,2026/10/08,11:42:56,+0158300211,+0782013067,+00056794,16
XQ,+099801,-0451,+0616,-0470,2026/10/08,11:42:57,+0158300244,+0782013071,+00056510,16
XQ,+099795,-0453,+0616,-0467,2026/10/08,11:42:58,+0158300100,+0782013224,+00059925,16
XQ,+099777,-0454,+0616,-0468,2026/10/08,11:42:59,+0158299990,+0782013258,+00060716,16
XQ,+099766,-0454,+0615,-0468,2026/10/08,11:43:00,+0158299896,+0782013261,+00061919,16
XQ,+099754,-0454,+0615,-0468,2026/10/08,11:43:01,+0158299787,+0782013254,+00062834,16
XQ,+099741,-0455,+0615,-0468,2026/10/08,11:43:02,+0158299814,+0782013256,+00063945,16
XQ,+099736,-0457,+0615,-0468,2026/10/08,11:43:03,+0158299943,+0782013257,+00065134,16
XQ,+099721,-0457,+0615,-0468,2026/10/08,11:43:04,+0158299848,+0782013229,+00065235,16
XQ,+099706,-0457,+0615,-0468,2026/10/08,11:43:05,+0158299740,+0782013208,+00066040,16
XQ,+099697,-0455,+0615,-0467,2026/10/08,11:43:06,+0158299717,+0782013231,+00066679,16
XQ,+099684,-0456,+0615,-0467,2026/10/08,11:43:07,+0158299665,+0782013262,+00067706,16
XQ,+099675,-0454,+0615,-0468,2026/10/08,11:43:08,+0158299695,+0782013288,+00068467,16
XQ,+099662,-0453,+0615,-0468,2026/10/08,11:43:09,+0158299827,+0782013288,+00070042,16
XQ,+099644,-0454,+0615,-0468,2026/10/08,11:43:10,+0158300068,+0782013271,+00071223,16
XQ,+099636,-0455,+0614,-0467,2026/10/08,11:43:11,+0158300328,+0782013242,+00071287,16
XQ,+099617,-0455,+0614,-0468,2026/10/08,11:43:12,+0158300350,+0782013248,+00073129,16
XQ,+099605,-0456,+0614,-0468,2026/10/08,11:43:13,+0158300367,+0782013243,+00074528,16
XQ,+099596,-0459,+0614,-0467,2026/10/08,11:43:14,+0158300482,+0782013216,+00074578,16
XQ,+099580,-0460,+0614,-0467,2026/10/08,11:43:15,+0158300560,+0782013211,+00075090,16
XQ,+099573,-0462,+0614,-0467,2026/10/08,11:43:16,+0158300516,+0782013227,+00075867,16
XQ,+099559,-0462,+0614,-0467,2026/10/08,11:43:17,+0158300444,+0782013237,+00076076,16
XQ,+099549,-0462,+0614,-0467,2026/10/08,11:43:18,+0158300371,+0782013242,+00077767,16
XQ,+099533,-0464,+0614,-0468,2026/10/08,11:43:19,+0158300076,+0782013267,+00078040,16
XQ,+099524,-0463,+0614,-0470,2026/10/08,11:43:20,+0158300007,+0782013272,+00078164,14
XQ,+099510,-0464,+0614,-0467,2026/10/08,11:43:21,+0158299976,+0782013241,+00077785,16
XQ,+099502,-0465,+0614,-0468,2026/10/08,11:43:22,+0158299986,+0782013225,+00078399,16
XQ,+099483,-0467,+0614,-0468,2026/10/08,11:43:23,+0158299989,+0782013215,+00078933,16
XQ,+099473,-0467,+0614,-0470,2026/10/08,11:43:24,+0158299944,+0782013237,+00081023,16
XQ,+099457,-0469,+0614,-0471,2026/10/08,11:43:25,+0158299985,+0782013227,+00081644,16
XQ,+099449,-0470,+0614,-0470,2026/10/08,11:43:26,+0158300001,+0782013238,+00082425,16
XQ,+099434,-0470,+0614,-0471,2026/10/08,11:43:27,+0158299991,+0782013256,+00083132,16
XQ,+099419,-0472,+0614,-0471,2026/10/08,11:43:28,+0158299970,+0782013265,+00084710,16
XQ,+099404,-0472,+0614,-0472,2026/10/08,11:43:29,+0158300087,+0782013252,+00085627,16
XQ,+099392,-0475,+0614,-0471,2026/10/08,11:43:30,+0158300092,+0782013285,+00088338,16
XQ,+099385,-0476,+0614,-0471,2026/10/08,11:43:31,+0158300210,+0782013262,+00087960,16
XQ,+099373,-0477,+0614,-0474,2026/10/08,11:43:32,+0158300243,+0782013281,+00089376,16
XQ,+099362,-0477,+0615,-0475,2026/10/08,11:43:33,+0158300276,+0782013267,+00089900,16
XQ,+099350,-0478,+0615,-0475,2026/10/08,11:43:34,+0158300204,+0782013265,+00090818,15
XQ,+099335,-0477,+0615,-0475,2026/10/08,11:43:35,+0158300144,+0782013251,+00091192,16
XQ,+099320,-0476,+0615,-0474,2026/10/08,11:43:36,+0158300079,+0782013248,+00092337,16
XQ,+099309,-0476,+0615,-0476,2026/10/08,11:43:37,+0158300114,+0782013249,+00093664,16
XQ,+099297,-0476,+0615,-0476,2026/10/08,11:43:38,+0158300215,+0782013265,+00095554,16
XQ,+099288,-0477,+0615,-0475,2026/10/08,11:43:39,+0158300186,+0782013264,+00096676,16
XQ,+099277,-0476,+0615,-0475,2026/10/08,11:43:40,+0158300084,+0782013274,+00097973,16
XQ,+099263,-0477,+0615,-0475,2026/10/08,11:43:41,+0158299959,+0782013293,+00099259,16
XQ,+099248,-0480,+0615,-0476,2026/10/08,11:43:42,+0158299753,+0782013313,+00100337,16
XQ,+099234,-0480,+0615,-0478,2026/10/08,11:43:43,+0158299699,+0782013330,+00101562,16
XQ,+099227,-0479,+0615,-0478,2026/10/08,11:43:44,+0158299241,+0782013347,+00102915,16
XQ,+099213,-0481,+0615,-0478,2026/10/08,11:43:45,+0158299271,+0782013351,+00103592,15
XQ,+099201,-0482,+0615,-0478,2026/10/08,11:43:46,+0158299108,+0782013336,+00105031,15
XQ,+099195,-0482,+0615,-0479,2026/10/08,11:43:47,+0158299113,+0782013260,+00106123,16
XQ,+099181,-0483,+0615,-0481,2026/10/08,11:43:48,+0158299307,+0782013173,+00106328,16
XQ,+099170,-0484,+0615,-0481,2026/10/08,11:43:49,+0158299340,+0782013094,+00106109,16
XQ,+099161,-0484,+0616,-0481,2026/10/08,11:43:50,+0158299337,+0782013104,+00106336,15
XQ,+099162,-0484,+0616,-0481,2026/10/08,11:43:51,+0158299303,+0782013084,+00106470,15
XQ,+099163,-0485,+0616,-0482,2026/10/08,11:43:52,+0158299230,+0782013094,+00106572,16
XQ,+099160,-0486,+0616,-0482,2026/10/08,11:43:53,+0158299067,+0782013078,+00106371,15
XQ,+099155,-0488,+0617,-0483,2026/10/08,11:43:54,+0158299184,+0782013053,+00105796,16
XQ,+099155,-0488,+0616,-0483,2026/10/08,11:43:55,+0158299277,+0782013031,+00105397,16
XQ,+099154,-0487,+0617,-0485,2026/10/08,11:43:56,+0158299112,+0782013059,+00105973,16
XQ,+099158,-0488,+0617,-0486,2026/10/08,11:43:57,+0158299056,+0782013090,+00107031,16
XQ,+099156,-0489,+0617,-0486,2026/10/08,11:43:58,+0158299066,+0782013135,+00107764,16
XQ,+099163,-0484,+0617,-0486,2026/10/08,11:43:59,+0158298992,+0782013184,+00107939,15
XQ,+099205,-0477,+0617,-0485,2026/10/08,11:44:00,+0158298947,+0782013217,+00105350,15
XQ,+099248,-0476,+0617,-0485,2026/10/08,11:44:01,+0158298995,+0782013230,+00102039,14
XQ,+099280,-0477,+0618,-0485,2026/10/08,11:44:02,+0158298991,+0782013218,+00099331,15
XQ,+099326,-0477,+0618,-0485,2026/10/08,11:44:03,+0158299052,+0782013236,+00094458,15
XQ,+099367,-0474,+0618,-0483,2026/10/08,11:44:04,+0158299191,+0782013268,+00090632,15
XQ,+099403,-0472,+0618,-0483,2026/10/08,11:44:05,+0158299296,+0782013268,+00087155,14
XQ,+099441,-0470,+0618,-0482,2026/10/08,11:44:06,+0158299450,+0782013279,+00083865,15
XQ,+099469,-0467,+0617,-0481,2026/10/08,11:44:07,+0158299563,+0782013289,+00080700,15
XQ,+099509,-0461,+0615,-0481,2026/10/08,11:44:08,+0158299610,+0782013274,+00077282,16
XQ,+099556,-0459,+0615,-0478,2026/10/08,11:44:09,+0158299722,+0782013265,+00074132,16
XQ,+099590,-0460,+0615,-0476,2026/10/08,11:44:10,+0158299747,+0782013245,+00070872,16
XQ,+099620,-0461,+0614,-0476,2026/10/08,11:44:11,+0158299653,+0782013233,+00067249,16
XQ,+099648,-0456,+0614,-0475,2026/10/08,11:44:12,+0158299653,+0782013230,+00064317,16
XQ,+099685,-0445,+0613,-0471,2026/10/08,11:44:13,+0158299841,+0782013221,+00061119,16
XQ,+099722,-0447,+0613,-0470,2026/10/08,11:44:14,+0158300018,+0782013202,+00057723,16
XQ,+099773,-0444,+0612,-0467,2026/10/08,11:44:15,+0158300102,+0782013166,+00054613,16
XQ,+099805,-0443,+0612,-0466,2026/10/08,11:44:16,+0158300105,+0782013165,+00051496,16
XQ,+099827,-0450,+0611,-0464,2026/10/08,11:44:17,+0158300169,+0782013148,+00048115,16
XQ,+099874,-0455,+0611,-0466,2026/10/08,11:44:18,+0158300271,+0782013143,+00045396,16
XQ,+099909,-0448,+0611,-0464,2026/10/08,11:44:19,+0158300301,+0782013157,+00043248,16
XQ,+099937,-0445,+0610,-0463,2026/10/08,11:44:20,+0158300317,+0782013163,+00040369,16
XQ,+099975,-0449,+0610,-0463,2026/10/08,11:44:21,+0158300347,+0782013144,+00037525,16
XQ,+100016,-0460,+0610,-0463,2026/10/08,11:44:22,+0158300434,+0782013120,+00035025,16
XQ,+100049,-0472,+0609,-0466,2026/10/08,11:44:23,+0158300510,+0782013095,+00033431,16
XQ,+100048,-0474,+0609,-0466,2026/10/08,11:44:24,+0158300530,+0782013115,+00034667,16
XQ,+100045,-0479,+0609,-0468,2026/10/08,11:44:25,+0158300576,+0782013132,+00035791,16
XQ,+100040,-0475,+0610,-0468,2026/10/08,11:44:26,+0158300725,+0782013140,+00036274,16
XQ,+100043,-0471,+0610,-0470,2026/10/08,11:44:27,+0158300904,+0782013148,+00036530,16
XQ,+100038,-0468,+0610,-0470,2026/10/08,11:44:28,+0158301116,+0782013039,+00033578,16
XQ,+100039,-0473,+0610,-0470,2026/10/08,11:44:29,+0158301057,+0782013038,+00032579,16
XQ,+100038,-0477,+0610,-0472,2026/10/08,11:44:30,+0158301030,+0782013040,+00031862,16
XQ,+100041,-0472,+0610,-0471,2026/10/08,11:44:31,+0158300977,+0782013054,+00031426,16
XQ,+100033,-0481,+0610,-0474,2026/10/08,11:44:32,+0158300990,+0782013057,+00030131,16
XQ,+100057,-0469,+0611,-0474,2026/10/08,11:44:33,+0158301095,+0782013013,+00026344,16
XQ,+100100,-0480,+0611,-0475,2026/10/08,11:44:34,+0158301147,+0782013017,+00023520,16
XQ,+100128,-0487,+0612,-0476,2026/10/08,11:44:35,+0158301145,+0782013042,+00019886,16
XQ,+100171,-0502,+0614,-0481,2026/10/08,11:44:36,+0158301216,+0782013046,+00016883,16
XQ,+100208,-0506,+0616,-0486,2026/10/08,11:44:37,+0158301279,+0782013037,+00014265,16
XQ,+100263,-0497,+0619,-0487,2026/10/08,11:44:38,+0158301294,+0782013026,+00012443,16
XQ,+100308,-0497,+0621,-0487,2026/10/08,11:44:39,+0158301227,+0782012984,+00009656,16
XQ,+100336,-0500,+0623,-0491,2026/10/08,11:44:40,+0158300999,+0782012952,+00006076,16
XQ,+100363,-0504,+0626,-0493,2026/10/08,11:44:41,+0158300920,+0782012932,+00003273,16
XQ,+100404,-0503,+0630,-0494,2026/10/08,11:44:42,+0158300920,+0782012916,+00000934,16
XQ,+100429,-0515,+0634,-0497,2026/10/08,11:44:43,+0158300596,+0782012872,-00000173,16
XQ,+100432,-0522,+0637,-0501,2026/10/08,11:44:44,+0158300308,+0782012836,-00000345,16
XQ,+100433,-0520,+0639,-0502,2026/10/08,11:44:45,+0158300036,+0782012818,-00001179,16
XQ,+100456,-0518,+0642,-0503,2026/10/08,11:44:46,+0158299782,+0782012778,-00001477,16
XQ,+100471,-0523,+0645,-0506,2026/10/08,11:44:47,+0158299665,+0782012764,-00001136,16
XQ,+100478,-0531,+0648,-0509,2026/10/08,11:44:48,+0158299461,+0782012744,-00000983,16
XQ,+100478,-0528,+0651,-0510,2026/10/08,11:44:49,+0158299301,+0782012737,-00000020,16
XQ,+100482,-0524,+0652,-0510,2026/10/08,11:44:50,+0158299206,+0782012768,+00000804,16
XQ,+100480,-0521,+0654,-0510,2026/10/08,11:44:51,+0158299176,+0782012811,+00001963,16
XQ,+100474,-0517,+0654,-0510,2026/10/08,11:44:52,+0158299066,+0782012866,+00002604,16
XQ,+100474,-0516,+0653,-0510,2026/10/08,11:44:53,+0158299178,+0782012891,+00002416,16
XQ,+100471,-0512,+0653,-0510,2026/10/08,11:44:54,+0158299364,+0782012893,+00000042,16
XQ,+100500,-0518,+0655,-0511,2026/10/08,11:44:55,+0158299635,+0782012892,-00001771,16
XQ,+100505,-0533,+0657,-0514,2026/10/08,11:44:56,+0158299701,+0782012888,-00002159,16
XQ,+100509,-0533,+0659,-0515,2026/10/08,11:44:57,+0158299751,+0782012882,-00002751,16
XQ,+100516,-0537,+0662,-0518,2026/10/08,11:44:58,+0158299882,+0782012856,-00005179,16
XQ,+100536,-0554,+0665,-0522,2026/10/08,11:44:59,+0158300014,+0782012843,-00006543,16
XQ,+100539,-0557,+0668,-0525,2026/10/08,11:45:00,+0158300069,+0782012847,-00006837,16
XQ,+100536,-0556,+0671,-0525,2026/10/08,11:45:01,+0158300130,+0782012847,-00007008,16
XQ,+100540,-0560,+0674,-0529,2026/10/08,11:45:02,+0158300125,+0782012872,-00006903,16
XQ,+100543,-0560,+0676,-0532,2026/10/08,11:45:03,+0158300003,+0782012903,-00007009,16
XQ,+100543,-0560,+0679,-0533,2026/10/08,11:45:04,+0158299978,+0782012920,-00007417,16
XQ,+100539,-0565,+0681,-0536,2026/10/08,11:45:05,+0158299944,+0782012937,-00007494,16
XQ,+100540,-0564,+0683,-0537,2026/10/08,11:45:06,+0158299924,+0782012944,-00008100,16
XQ,+100545,-0558,+0684,-0537,2026/10/08,11:45:07,+0158299929,+0782012923,-00008693,16
XQ,+100547,-0559,+0686,-0540,2026/10/08,11:45:08,+0158299818,+0782012902,-00008880,16
XQ,+100542,-0562,+0688,-0541,2026/10/08,11:45:09,+0158299799,+0782012894,-00008466,16
XQ,+100544,-0565,+0690,-0543,2026/10/08,11:45:10,+0158299719,+0782012883,-00008570,16
XQ,+100546,-0569,+0692,-0546,2026/10/08,11:45:11,+0158299722,+0782012887,-00008796,16
XQ,+100551,-0569,+0694,-0549,2026/10/08,11:45:12,+0158299717,+0782012917,-00007640,16
XQ,+100554,-0568,+0695,-0548,2026/10/08,11:45:13,+0158299702,+0782012928,-00007419,16
XQ,+100552,-0561,+0696,-0550,2026/10/08,11:45:14,+0158299707,+0782012947,-00007429,16
XQ,+100554,-0564,+0698,-0550,2026/10/08,11:45:15,+0158299664,+0782012975,-00006996,16
XQ,+100557,-0567,+0700,-0552,2026/10/08,11:45:16,+0158299604,+0782013001,-00006544,16
XQ,+100560,-0572,+0702,-0553,2026/10/08,11:45:17,+0158299665,+0782012990,-00006368,16
XQ,+100557,-0577,+0704,-0553,2026/10/08,11:45:18,+0158299735,+0782012989,-00006667,16
XQ,+100557,-0581,+0706,-0557,2026/10/08,11:45:19,+0158299717,+0782012973,-00006233,16
XQ,+100558,-0585,+0709,-0559,2026/10/08,11:45:20,+0158299732,+0782012959,-00007104,16
XQ,+100557,-0586,+0711,-0561,2026/10/08,11:45:21,+0158299701,+0782012977,-00007369,16
XQ,+100559,-0584,+0712,-0564,2026/10/08,11:45:22,+0158299692,+0782012987,-00007835,16
XQ,+100564,-0583,+0714,-0565,2026/10/08,11:45:23,+0158299689,+0782012982,-00008590,16
XQ,+100564,-0582,+0716,-0566,2026/10/08,11:45:24,+0158299665,+0782012987,-00009076,16
XQ,+100568,-0578,+0717,-0568,2026/10/08,11:45:25,+0158299680,+0782012992,-00009232,16
XQ,+100571,-0573,+0720,-0566,2026/10/08,11:45:26,+0158299752,+0782012984,-00009735,16
XQ,+100569,-0582,+0721,-0569,2026/10/08,11:45:27,+0158299748,+0782012981,-00009754,16
XQ,+100574,-0590,+0722,-0570,2026/10/08,11:45:28,+0158299771,+0782012982,-00009576,16
XQ,+100570,-0597,+0724,-0570,2026/10/08,11:45:29,+0158299818,+0782012967,-00009431,16
XQ,+100571,-0598,+0726,-0573,2026/10/08,11:45:30,+0158299823,+0782012967,-00009128,16
XQ,+100569,-0596,+0727,-0572,2026/10/08,11:45:31,+0158299801,+0782012975,-00008807,16
XQ,+100572,-0598,+0729,-0573,2026/10/08,11:45:32,+0158299800,+0782012983,-00008424,16
XQ,+100571,-0594,+0730,-0573,2026/10/08,11:45:33,+0158299787,+0782012987,-00008393,16
XQ,+100572,-0591,+0731,-0575,2026/10/08,11:45:34,+0158299755,+0782012991,-00008241,16
XQ,+100565,-0589,+0731,-0573,2026/10/08,11:45:35,+0158299725,+0782012988,-00008181,16
XQ,+100567,-0589,+0732,-0575,2026/10/08,11:45:36,+0158299691,+0782012984,-00008118,16
XQ,+100569,-0588,+0734,-0575,2026/10/08,11:45:37,+0158299673,+0782012984,-00008074,16
XQ,+100572,-0585,+0734,-0575,2026/10/08,11:45:38,+0158299669,+0782012984,-00008113,16
XQ,+100569,-0586,+0735,-0575,2026/10/08,11:45:39,+0158299656,+0782012981,-00007843,16
XQ,+100571,-0586,+0735,-0575,2026/10/08,11:45:40,+0158299613,+0782012978,-00007806,16
XQ,+100571,-0583,+0735,-0575,2026/10/08,11:45:41,+0158299543,+0782012981,-00007910,16
XQ,+100569,-0583,+0736,-0575,2026/10/08,11:45:42,+0158299509,+0782012981,-00007954,16
XQ,+100568,-0585,+0737,-0575,2026/10/08,11:45:43,+0158299515,+0782012977,-00007942,16
XQ,+100567,-0584,+0737,-0575,2026/10/08,11:45:44,+0158299463,+0782012974,-00008123,16
XQ,+100567,-0588,+0738,-0575,2026/10/08,11:45:45,+0158299391,+0782012966,-00008485,16
XQ,+100568,-0590,+0739,-0575,2026/10/08,11:45:46,+0158299328,+0782012968,-00008542,16
XQ,+100568,-0589,+0740,-0577,2026/10/08,11:45:47,+0158299285,+0782012963,-00008961,16
XQ,+100568,-0589,+0740,-0576,2026/10/08,11:45:48,+0158299288,+0782012961,-00009445,16
XQ,+100569,-0587,+0740,-0577,2026/10/08,11:45:49,+0158299295,+0782012962,-00009258,16
XQ,+100569,-0583,+0740,-0576,2026/10/08,11:45:50,+0158299267,+0782012961,-00009434,16
XQ,+100569,-0586,+0741,-0577,2026/10/08,11:45:51,+0158299226,+0782012963,-00009542,16
XQ,+100570,-0586,+0741,-0576,2026/10/08,11:45:52,+0158299206,+0782012960,-00009629,16
XQ,+100568,-0585,+0741,-0575,2026/10/08,11:45:53,+0158299161,+0782012963,-00009827,16
XQ,+100567,-0585,+0742,-0576,2026/10/08,11:45:54,+0158299148,+0782012958,-00010027,16
XQ,+100569,-0585,+0742,-0577,2026/10/08,11:45:55,+0158299160,+0782012952,-00010044,16
XQ,+100566,-0587,+0742,-0576,2026/10/08,11:45:56,+0158299155,+0782012943,-00010099,16
XQ,+100570,-0587,+0742,-0576,2026/10/08,11:45:57,+0158299135,+0782012936,-00010108,16
XQ,+100569,-0584,+0742,-0577,2026/10/08,11:45:58,+0158299087,+0782012936,-00010164,16
XQ,+100568,-0586,+0743,-0577,2026/10/08,11:45:59,+0158299087,+0782012930,-00010177,16
XQ,+100570,-0583,+0743,-0576,2026/10/08,11:46:00,+0158299081,+0782012926,-00010424,16
XQ,+100572,-0585,+0743,-0575,2026/10/08,11:46:01,+0158299023,+0782012920,-00010900,16
XQ,+100568,-0583,+0744,-0576,2026/10/08,11:46:02,+0158299025,+0782012916,-00010738,16
XQ,+100567,-0580,+0743,-0575,2026/10/08,11:46:03,+0158299045,+0782012907,-00010749,16
XQ,+100571,-0579,+0742,-0575,2026/10/08,11:46:04,+0158299033,+0782012891,-00011301,16
XQ,+100571,-0576,+0742,-0573,2026/10/08,11:46:05,+0158299063,+0782012881,-00011090,16
XQ,+100571,-0575,+0742,-0573,2026/10/08,11:46:06,+0158299092,+0782012865,-00011389,16
XQ,+100570,-0575,+0742,-0572,2026/10/08,11:46:07,+0158299151,+0782012851,-00011399,16
XQ,+100569,-0577,+0741,-0570,2026/10/08,11:46:08,+0158299194,+0782012835,-00011377,16
XQ,+100573,-0576,+0741,-0569,2026/10/08,11:46:09,+0158299176,+0782012821,-00011524,16
XQ,+100566,-0573,+0740,-0568,2026/10/08,11:46:10,+0158299126,+0782012808,-00011790,16
