ID,XQ-iMet-XQ Pressure,XQ-iMet-XQ Air Temperature,XQ-iMet-XQ Humidity,XQ-iMet-XQ Humidity Temp,Date,Time,XQ-iMet-XQ Longitude,XQ-iMet-XQ Latitude,XQ-iMet-XQ Altitude,XQ-iMet-XQ Sat Count
XQ,+100514,+1202,+0234,+1373,2026/10/08,08:07:00,+0158296730,+0782026908,-00029387,04
XQ,+100515,+1203,+0234,+1374,2026/10/08,08:07:01,+0158296224,+0782026609,-00022749,04
XQ,+100518,+1203,+0234,+1374,2026/10/08,08:07:02,+0158295518,+0782026493,-00019726,04
XQ,+100513,+1207,+0234,+1376,2026/10/08,08:07:03,+0158295702,+0782026353,-00017646,04
XQ,+100513,+1208,+0234,+1376,2026/10/08,08:07:04,+0158295539,+0782026228,-00015914,04
XQ,+100516,+1206,+0234,+1376,2026/10/08,08:07:05,+0158295860,+0782026121,-00015034,04
XQ,+100515,+1206,+0235,+1377,2026/10/08,08:07:06,+0158296406,+0782026198,-00015725,04
XQ,+100514,+1204,+0235,+1377,2026/10/08,08:07:07,+0158296576,+0782026109,-00015618,04
XQ,+100511,+1203,+0235,+1377,2026/10/08,08:07:08,+0158296706,+0782025935,-00014979,04
XQ,+100517,+1205,+0235,+1379,2026/10/08,08:07:09,+0158296175,+0782025563,-00011422,05
XQ,+100517,+1206,+0235,+1376,2026/10/08,08:07:10,+0158295618,+0782025343,-00009422,05
XQ,+100515,+1207,+0235,+1377,2026/10/08,08:07:11,+0158295109,+0782025169,-00007469,05
XQ,+100518,+1206,+0235,+1379,2026/10/08,08:07:12,+0158294580,+0782025057,-00006263,05
XQ,+100517,+1207,+0235,+1380,2026/10/08,08:07:13,+0158293177,+0782024831,-00001887,05
XQ,+100518,+1211,+0235,+1379,2026/10/08,08:07:14,+0158292258,+0782024672,+00000926,05
XQ,+100513,+1207,+0235,+1380,2026/10/08,08:07:15,+0158291623,+0782024565,+00002834,05
XQ,+100516,+1208,+0235,+1380,2026/10/08,08:07:16,+0158291311,+0782024512,+00004100,05
XQ,+100515,+1208,+0235,+1381,2026/10/08,08:07:17,+0158291149,+0782024473,+00005007,05
XQ,+100517,+1209,+0235,+1381,2026/10/08,08:07:18,+0158291134,+0782024413,+00005635,05
XQ,+100515,+1209,+0235,+1383,2026/10/08,08:07:19,+0158290726,+0782024354,+00007108,05
XQ,+100514,+1209,+0235,+1381,2026/10/08,08:07:20,+0158290464,+0782024331,+00007910,05
XQ,+100518,+1209,+0235,+1381,2026/10/08,08:07:21,+0158290800,+0782024335,+00007107,05
XQ,+100514,+1211,+0235,+1383,2026/10/08,08:07:22,+0158290944,+0782024324,+00007282,05
XQ,+100517,+1208,+0235,+1384,2026/10/08,08:07:23,+0158291058,+0782024325,+00007089,05
XQ,+100515,+1209,+0235,+1384,2026/10/08,08:07:24,+0158291375,+0782024251,+00007094,05
XQ,+100514,+1210,+0235,+1384,2026/10/08,08:07:25,+0158292307,+0782024370,+00005172,05
XQ,+100512,+1213,+0235,+1384,2026/10/08,08:07:26,+0158292149,+0782024424,+00005425,05
XQ,+100522,+1212,+0235,+1386,2026/10/08,08:07:27,+0158292123,+0782024488,+00005440,05
XQ,+100516,+1211,+0235,+1386,2026/10/08,08:07:28,+0158292069,+0782024634,+00004768,05
XQ,+100512,+1212,+0235,+1384,2026/10/08,08:07:29,+0158291926,+0782024760,+00004201,05
XQ,+100513,+1213,+0235,+1386,2026/10/08,08:07:30,+0158291458,+0782024742,+00005206,05
XQ,+100514,+1213,+0235,+1386,2026/10/08,08:07:31,+0158290911,+0782024614,+00006909,05
XQ,+100515,+1212,+0235,+1388,2026/10/08,08:07:32,+0158290589,+0782024633,+00007742,05
XQ,+100512,+1214,+0235,+1387,2026/10/08,08:07:33,+0158290171,+0782024677,+00008694,05
XQ,+100515,+1213,+0235,+1388,2026/10/08,08:07:34,+0158290177,+0782024656,+00008690,05
XQ,+100515,+1215,+0235,+1388,2026/10/08,08:07:35,+0158290321,+0782024625,+00008130,05
XQ,+100516,+1214,+0235,+1388,2026/10/08,08:07:36,+0158290588,+0782024700,+00006901,05
XQ,+100512,+1214,+0235,+1388,2026/10/08,08:07:37,+0158290833,+0782024839,+00006103,05
XQ,+100516,+1215,+0235,+1388,2026/10/08,08:07:38,+0158291113,+0782024881,+00005419,05
XQ,+100517,+1216,+0235,+1388,2026/10/08,08:07:39,+0158291734,+0782024911,+00003978,05
XQ,+100512,+1215,+0235,+1388,2026/10/08,08:07:40,+0158292295,+0782025037,+00001745,05
XQ,+100518,+1214,+0235,+1390,2026/10/08,08:07:41,+0158292119,+0782025029,+00001902,05
XQ,+100515,+1216,+0235,+1390,2026/10/08,08:07:42,+0158292580,+0782025138,+00000815,05
XQ,+100515,+1216,+0235,+1390,2026/10/08,08:07:43,+0158292588,+0782025161,+00001163,05
XQ,+100515,+1213,+0235,+1391,2026/10/08,08:07:44,+0158292814,+0782025148,+00000981,05
XQ,+100517,+1217,+0235,+1390,2026/10/08,08:07:45,+0158292993,+0782025200,-00000133,05
XQ,+100515,+1215,+0235,+1390,2026/10/08,08:07:46,+0158292965,+0782025277,-00001493,05
XQ,+100514,+1216,+0235,+1391,2026/10/08,08:07:47,+0158293015,+0782025279,-00002328,05
XQ,+100514,+1215,+0235,+1390,2026/10/08,08:07:48,+0158293082,+0782025248,-00002639,05
XQ,+100515,+1217,+0235,+1391,2026/10/08,08:07:49,+0158293165,+0782025256,-00003101,05
XQ,+100516,+1216,+0235,+1391,2026/10/08,08:07:50,+0158293205,+0782025211,-00003411,05
XQ,+100514,+1218,+0235,+1390,2026/10/08,08:07:51,+0158293458,+0782025097,-00003593,05
XQ,+100516,+1219,+0235,+1391,2026/10/08,08:07:52,+0158292890,+0782025067,-00003706,05
XQ,+100516,+1215,+0235,+1391,2026/10/08,08:07:53,+0158292801,+0782025176,-00004899,05
XQ,+100511,+1215,+0235,+1391,2026/10/08,08:07:54,+0158292402,+0782025147,-00004573,05
XQ,+100512,+1217,+0235,+1391,2026/10/08,08:07:55,+0158291952,+0782025167,-00003897,05
XQ,+100510,+1219,+0235,+1393,2026/10/08,08:07:56,+0158291613,+0782025306,-00002857,05
XQ,+100515,+1217,+0235,+1391,2026/10/08,08:07:57,+0158290846,+0782025254,-00001483,05
XQ,+100513,+1216,+0235,+1393,2026/10/08,08:07:58,+0158290445,+0782025268,-00000518,05
XQ,+100513,+1218,+0235,+1393,2026/10/08,08:07:59,+0158289974,+0782025178,-00000788,05
XQ,+100513,+1217,+0235,+1394,2026/10/08,08:08:00,+0158289157,+0782025021,-00000687,05
XQ,+100514,+1217,+0235,+1394,2026/10/08,08:08:01,+0158288622,+0782024981,+00000187,05
XQ,+100515,+1219,+0235,+1394,2026/10/08,08:08:02,+0158288807,+0782025014,+00000488,05
XQ,+100516,+1218,+0235,+1394,2026/10/08,08:08:03,+0158288692,+0782024944,+00002159,05
XQ,+100516,+1221,+0235,+1394,2026/10/08,08:08:04,+0158288351,+0782024822,+00003979,05
XQ,+100514,+1221,+0235,+1394,2026/10/08,08:08:05,+0158287620,+0782024693,+00005872,05
XQ,+100514,+1218,+0235,+1394,2026/10/08,08:08:06,+0158286969,+0782024619,+00007428,05
XQ,+100515,+1219,+0235,+1395,2026/10/08,08:08:07,+0158287012,+0782024684,+00008901,05
XQ,+100514,+1220,+0235,+1394,2026/10/08,08:08:08,+0158286758,+0782024665,+00010380,05
XQ,+100515,+1221,+0235,+1394,2026/10/08,08:08:09,+0158286296,+0782024585,+00011614,05
XQ,+100513,+1221,+0235,+1394,2026/10/08,08:08:10,+0158286112,+0782024564,+00012404,05
XQ,+100515,+1218,+0235,+1397,2026/10/08,08:08:11,+0158285764,+0782024526,+00012870,05
XQ,+100516,+1220,+0235,+1397,2026/10/08,08:08:12,+0158285562,+0782024538,+00013125,05
XQ,+100510,+1220,+0235,+1395,2026/10/08,08:08:13,+0158285533,+0782024620,+00014168,05
XQ,+100514,+1224,+0235,+1397,2026/10/08,08:08:14,+0158285999,+0782024677,+00014497,05
XQ,+100515,+1222,+0235,+1398,2026/10/08,08:08:15,+0158286129,+0782024668,+00014574,05
XQ,+100518,+1222,+0235,+1398,2026/10/08,08:08:16,+0158286517,+0782024641,+00013396,05
XQ,+100516,+1221,+0235,+1398,2026/10/08,08:08:17,+0158286596,+0782024611,+00013489,05
XQ,+100515,+1223,+0235,+1397,2026/10/08,08:08:18,+0158286471,+0782024572,+00013785,05
XQ,+100515,+1222,+0235,+1398,2026/10/08,08:08:19,+0158286149,+0782024576,+00014744,05
XQ,+100515,+1224,+0235,+1400,2026/10/08,08:08:20,+0158286442,+0782024598,+00014041,05
XQ,+100519,+1224,+0235,+1398,2026/10/08,08:08:21,+0158286509,+0782024563,+00013887,05
XQ,+100515,+1225,+0235,+1398,2026/10/08,08:08:22,+0158286548,+0782024548,+00013766,04
XQ,+100517,+1222,+0235,+1400,2026/10/08,08:08:23,+0158286507,+0782024559,+00013962,05
XQ,+100511,+1226,+0235,+1400,2026/10/08,08:08:24,+0158286661,+0782024577,+00013904,05
XQ,+100517,+1223,+0235,+1400,2026/10/08,08:08:25,+0158286456,+0782024574,+00014621,05
XQ,+100513,+1225,+0234,+1401,2026/10/08,08:08:26,+0158286430,+0782024609,+00014586,05
XQ,+100516,+1225,+0234,+1401,2026/10/08,08:08:27,+0158286309,+0782024663,+00014670,05
XQ,+100513,+1225,+0235,+1400,2026/10/08,08:08:28,+0158286147,+0782024707,+00015165,05
XQ,+100513,+1224,+0234,+1401,2026/10/08,08:08:29,+0158286160,+0782024700,+00014727,05
XQ,+100517,+1225,+0235,+1401,2026/10/08,08:08:30,+0158286433,+0782024694,+00013590,05
XQ,+100519,+1224,+0234,+1401,2026/10/08,08:08:31,+0158286339,+0782024633,+00013549,05
XQ,+100512,+1227,+0234,+1401,2026/10/08,08:08:32,+0158286004,+0782024588,+00013946,05
XQ,+100512,+1228,+0234,+1402,2026/10/08,08:08:33,+0158286067,+0782024605,+00013210,05
XQ,+100517,+1228,+0234,+1402,2026/10/08,08:08:34,+0158285936,+0782024598,+00013114,05
XQ,+100513,+1228,+0234,+1401,2026/10/08,08:08:35,+0158285616,+0782024561,+00013912,05
XQ,+100514,+1227,+0234,+1401,2026/10/08,08:08:36,+0158285580,+0782024581,+00014078,05
XQ,+100514,+1228,+0234,+1401,2026/10/08,08:08:37,+0158285170,+0782024528,+00014977,05
XQ,+100515,+1229,+0234,+1402,2026/10/08,08:08:38,+0158285023,+0782024515,+00015233,05
XQ,+100514,+1230,+0234,+1402,2026/10/08,08:08:39,+0158285186,+0782024522,+00015614,06
XQ,+100512,+1228,+0234,+1402,2026/10/08,08:08:40,+0158285417,+0782024557,+00015401,06
XQ,+100514,+1228,+0234,+1402,2026/10/08,08:08:41,+0158285680,+0782024599,+00015281,06
XQ,+100512,+1227,+0234,+1404,2026/10/08,08:08:42,+0158285920,+0782024596,+00015133,06
XQ,+100516,+1229,+0234,+1404,2026/10/08,08:08:43,+0158286230,+0782024647,+00014445,06
XQ,+100514,+1232,+0234,+1404,2026/10/08,08:08:44,+0158286376,+0782024668,+00013716,06
XQ,+100515,+1227,+0234,+1404,2026/10/08,08:08:45,+0158286558,+0782024685,+00013019,06
XQ,+100515,+1229,+0234,+1404,2026/10/08,08:08:46,+0158286927,+0782024697,+00012167,06
XQ,+100504,+1228,+0234,+1404,2026/10/08,08:08:47,+0158287562,+0782024709,+00011041,06
XQ,+100513,+1227,+0234,+1404,2026/10/08,08:08:48,+0158288141,+0782024714,+00010090,06
XQ,+100516,+1229,+0234,+1402,2026/10/08,08:08:49,+0158288735,+0782024745,+00008959,06
XQ,+100514,+1230,+0234,+1404,2026/10/08,08:08:50,+0158289079,+0782024769,+00008334,06
XQ,+100514,+1229,+0234,+1404,2026/10/08,08:08:51,+0158289376,+0782024796,+00007603,06
XQ,+100517,+1229,+0234,+1404,2026/10/08,08:08:52,+0158289984,+0782024841,+00006087,06
XQ,+100516,+1226,+0234,+1404,2026/10/08,08:08:53,+0158290499,+0782024882,+00004903,06
XQ,+100512,+1227,+0234,+1402,2026/10/08,08:08:54,+0158290859,+0782024904,+00003998,06
XQ,+100514,+1228,+0234,+1404,2026/10/08,08:08:55,+0158290663,+0782024865,+00004587,06
XQ,+100524,+1230,+0234,+1404,2026/10/08,08:08:56,+0158290347,+0782024843,+00005680,06
XQ,+100513,+1231,+0234,+1402,2026/10/08,08:08:57,+0158290163,+0782024849,+00006281,06
XQ,+100512,+1232,+0234,+1402,2026/10/08,08:08:58,+0158290005,+0782024863,+00006931,06
XQ,+100516,+1230,+0234,+1404,2026/10/08,08:08:59,+0158289807,+0782024850,+00007411,06
XQ,+100517,+1230,+0234,+1404,2026/10/08,08:09:00,+0158289170,+0782024803,+00008909,06
XQ,+100515,+1230,+0234,+1404,2026/10/08,08:09:01,+0158288617,+0782024744,+00010224,07
XQ,+100516,+1231,+0234,+1404,2026/10/08,08:09:02,+0158288193,+0782024676,+00011142,07
XQ,+100511,+1230,+0234,+1405,2026/10/08,08:09:03,+0158287887,+0782024616,+00011698,07
XQ,+100515,+1234,+0234,+1404,2026/10/08,08:09:04,+0158288016,+0782024618,+00011213,07
XQ,+100515,+1229,+0234,+1405,2026/10/08,08:09:05,+0158287928,+0782024595,+00011298,07
XQ,+100513,+1232,+0234,+1405,2026/10/08,08:09:06,+0158287811,+0782024590,+00011552,07
XQ,+100509,+1231,+0234,+1405,2026/10/08,08:09:07,+0158287852,+0782024590,+00011555,07
XQ,+100511,+1233,+0234,+1405,2026/10/08,08:09:08,+0158287853,+0782024584,+00011290,07
XQ,+100513,+1233,+0234,+1407,2026/10/08,08:09:09,+0158287801,+0782024555,+00011327,07
XQ,+100512,+1232,+0234,+1405,2026/10/08,08:09:10,+0158287920,+0782024572,+00011049,07
XQ,+100512,+1232,+0234,+1407,2026/10/08,08:09:11,+0158287978,+0782024588,+00010999,07
XQ,+100517,+1233,+0234,+1407,2026/10/08,08:09:12,+0158288048,+0782024599,+00010854,07
XQ,+100513,+1234,+0234,+1407,2026/10/08,08:09:13,+0158287947,+0782024559,+00011017,07
XQ,+100515,+1233,+0234,+1408,2026/10/08,08:09:14,+0158288015,+0782024566,+00011037,07
XQ,+100512,+1233,+0234,+1407,2026/10/08,08:09:15,+0158287997,+0782024559,+00011385,07
XQ,+100514,+1232,+0234,+1408,2026/10/08,08:09:16,+0158287914,+0782024551,+00011597,07
XQ,+100512,+1234,+0234,+1408,2026/10/08,08:09:17,+0158288043,+0782024603,+00011084,07
XQ,+100516,+1234,+0234,+1407,2026/10/08,08:09:18,+0158288091,+0782024626,+00011010,07
XQ,+100513,+1233,+0234,+1407,2026/10/08,08:09:19,+0158288116,+0782024638,+00011050,07
XQ,+100515,+1233,+0234,+1407,2026/10/08,08:09:20,+0158288154,+0782024624,+00010945,07
XQ,+100513,+1232,+0234,+1408,2026/10/08,08:09:21,+0158288314,+0782024648,+00010458,07
XQ,+100514,+1235,+0234,+1408,2026/10/08,08:09:22,+0158288382,+0782024642,+00010480,07
XQ,+100511,+1233,+0234,+1408,2026/10/08,08:09:23,+0158288600,+0782024665,+00010328,07
XQ,+100512,+1233,+0234,+1408,2026/10/08,08:09:24,+0158288666,+0782024668,+00010354,07
XQ,+100516,+1233,+0234,+1409,2026/10/08,08:09:25,+0158288765,+0782024662,+00010444,07
XQ,+100516,+1234,+0234,+1408,2026/10/08,08:09:26,+0158288789,+0782024630,+00010838,07
XQ,+100512,+1233,+0234,+1409,2026/10/08,08:09:27,+0158288879,+0782024593,+00011305,07
XQ,+100513,+1235,+0234,+1409,2026/10/08,08:09:28,+0158289002,+0782024588,+00011396,07
XQ,+100512,+1234,+0234,+1409,2026/10/08,08:09:29,+0158289053,+0782024556,+00011717,07
XQ,+100515,+1236,+0234,+1409,2026/10/08,08:09:30,+0158289064,+0782024528,+00011863,07
XQ,+100516,+1234,+0234,+1409,2026/10/08,08:09:31,+0158288976,+0782024477,+00011698,07
XQ,+100512,+1236,+0234,+1411,2026/10/08,08:09:32,+0158289049,+0782024448,+00011525,07
XQ,+100514,+1234,+0234,+1411,2026/10/08,08:09:33,+0158288990,+0782024393,+00011801,07
XQ,+100512,+1233,+0234,+1411,2026/10/08,08:09:34,+0158288816,+0782024348,+00011958,07
XQ,+100517,+1234,+0234,+1411,2026/10/08,08:09:35,+0158288823,+0782024333,+00011714,07
XQ,+100514,+1239,+0234,+1412,2026/10/08,08:09:36,+0158288777,+0782024282,+00011712,07
XQ,+100515,+1236,+0234,+1412,2026/10/08,08:09:37,+0158288881,+0782024273,+00011490,07
XQ,+100511,+1236,+0234,+1412,2026/10/08,08:09:38,+0158288810,+0782024236,+00011669,07
XQ,+100514,+1237,+0234,+1411,2026/10/08,08:09:39,+0158288667,+0782024229,+00011861,07
XQ,+100517,+1236,+0234,+1411,2026/10/08,08:09:40,+0158288505,+0782024173,+00012554,07
XQ,+100513,+1238,+0234,+1412,2026/10/08,08:09:41,+0158288401,+0782024131,+00013185,07
XQ,+100514,+1236,+0234,+1412,2026/10/08,08:09:42,+0158288050,+0782024127,+00013977,07
XQ,+100513,+1237,+0234,+1412,2026/10/08,08:09:43,+0158287818,+0782024172,+00014289,07
XQ,+100515,+1234,+0234,+1411,2026/10/08,08:09:44,+0158287830,+0782024220,+00014547,07
XQ,+100513,+1237,+0234,+1411,2026/10/08,08:09:45,+0158287767,+0782024197,+00015233,07
XQ,+100514,+1237,+0234,+1412,2026/10/08,08:09:46,+0158287627,+0782024175,+00015405,07
XQ,+100517,+1237,+0234,+1411,2026/10/08,08:09:47,+0158287493,+0782024273,+00015286,07
XQ,+100516,+1236,+0234,+1412,2026/10/08,08:09:48,+0158287240,+0782024297,+00015799,07
XQ,+100517,+1236,+0234,+1409,2026/10/08,08:09:49,+0158287310,+0782024340,+00016093,07
XQ,+100512,+1237,+0234,+1411,2026/10/08,08:09:50,+0158287400,+0782024361,+00016496,07
XQ,+100511,+1236,+0234,+1409,2026/10/08,08:09:51,+0158287397,+0782024337,+00016498,07
XQ,+100509,+1235,+0234,+1411,2026/10/08,08:09:52,+0158287278,+0782024262,+00016724,07
XQ,+100513,+1235,+0234,+1411,2026/10/08,08:09:53,+0158287249,+0782024162,+00016653,07
XQ,+100514,+1235,+0234,+1411,2026/10/08,08:09:54,+0158287701,+0782024202,+00016718,07
XQ,+100513,+1236,+0234,+1411,2026/10/08,08:09:55,+0158287866,+0782024239,+00017215,07
XQ,+100511,+1235,+0234,+1411,2026/10/08,08:09:56,+0158287969,+0782024302,+00017269,07
XQ,+100516,+1236,+0234,+1409,2026/10/08,08:09:57,+0158287936,+0782024343,+00017384,07
XQ,+100514,+1237,+0233,+1411,2026/10/08,08:09:58,+0158288032,+0782024403,+00016887,07
XQ,+100513,+1236,+0233,+1409,2026/10/08,08:09:59,+0158288236,+0782024498,+00016459,07
XQ,+100517,+1236,+0233,+1411,2026/10/08,08:10:00,+0158288408,+0782024579,+00016231,07
XQ,+100516,+1236,+0233,+1411,2026/10/08,08:10:01,+0158288612,+0782024624,+00015972,07
XQ,+100511,+1237,+0233,+1411,2026/10/08,08:10:02,+0158288882,+0782024681,+00015620,07
XQ,+100513,+1233,+0233,+1411,2026/10/08,08:10:03,+0158289247,+0782024784,+00014425,07
XQ,+100516,+1238,+0233,+1409,2026/10/08,08:10:04,+0158289216,+0782024720,+00014996,07
XQ,+100515,+1236,+0233,+1409,2026/10/08,08:10:05,+0158289579,+0782024842,+00014070,07
XQ,+100512,+1235,+0233,+1411,2026/10/08,08:10:06,+0158289646,+0782024902,+00013804,07
XQ,+100513,+1236,+0233,+1409,2026/10/08,08:10:07,+0158289885,+0782024952,+00013626,07
XQ,+100513,+1237,+0233,+1411,2026/10/08,08:10:08,+0158290061,+0782024905,+00013595,07
XQ,+100512,+1235,+0233,+1411,2026/10/08,08:10:09,+0158290244,+0782024883,+00013140,07
XQ,+100512,+1237,+0234,+1409,2026/10/08,08:10:10,+0158290293,+0782024972,+00012392,07
XQ,+100514,+1236,+0234,+1409,2026/10/08,08:10:11,+0158290215,+0782024974,+00012240,07
XQ,+100516,+1235,+0234,+1411,2026/10/08,08:10:12,+0158290318,+0782024978,+00012628,07
XQ,+100515,+1234,+0234,+1409,2026/10/08,08:10:13,+0158290318,+0782025002,+00012756,07
XQ,+100511,+1234,+0234,+1409,2026/10/08,08:10:14,+0158290313,+0782025011,+00012819,07
XQ,+100516,+1236,+0234,+1409,2026/10/08,08:10:15,+0158290661,+0782025029,+00012459,07
XQ,+100513,+1236,+0234,+1409,2026/10/08,08:10:16,+0158290588,+0782024968,+00012958,07
XQ,+100516,+1236,+0234,+1408,2026/10/08,08:10:17,+0158290410,+0782024987,+00013132,07
XQ,+100516,+1236,+0234,+1407,2026/10/08,08:10:18,+0158289998,+0782024950,+00014333,07
XQ,+100516,+1234,+0234,+1407,2026/10/08,08:10:19,+0158289937,+0782024915,+00014748,07
XQ,+100512,+1233,+0234,+1407,2026/10/08,08:10:20,+0158289848,+0782024856,+00015336,07
XQ,+100515,+1234,+0234,+1408,2026/10/08,08:10:21,+0158289764,+0782024860,+00014733,07
XQ,+100516,+1233,+0234,+1407,2026/10/08,08:10:22,+0158289438,+0782024738,+00014738,07
XQ,+100515,+1233,+0234,+1407,2026/10/08,08:10:23,+0158289278,+0782024624,+00014847,07
XQ,+100514,+1233,+0234,+1407,2026/10/08,08:10:24,+0158289404,+0782024645,+00014400,07
XQ,+100513,+1232,+0234,+1407,2026/10/08,08:10:25,+0158289416,+0782024593,+00015114,07
XQ,+100515,+1232,+0234,+1405,2026/10/08,08:10:26,+0158289570,+0782024528,+00016331,07
XQ,+100515,+1232,+0234,+1405,2026/10/08,08:10:27,+0158289956,+0782024576,+00015972,07
XQ,+100513,+1232,+0235,+1405,2026/10/08,08:10:28,+0158290110,+0782024658,+00015503,07
XQ,+100513,+1232,+0235,+1405,2026/10/08,08:10:29,+0158290082,+0782024640,+00015776,07
XQ,+100510,+1233,+0235,+1405,2026/10/08,08:10:30,+0158290118,+0782024599,+00016029,07
XQ,+100512,+1231,+0235,+1407,2026/10/08,08:10:31,+0158290027,+0782024541,+00016482,07
XQ,+100515,+1232,+0235,+1405,2026/10/08,08:10:32,+0158289999,+0782024570,+00016091,07
XQ,+100511,+1232,+0235,+1405,2026/10/08,08:10:33,+0158289562,+0782024471,+00017109,07
XQ,+100513,+1234,+0235,+1404,2026/10/08,08:10:34,+0158289575,+0782024490,+00016820,07
XQ,+100512,+1230,+0235,+1404,2026/10/08,08:10:35,+0158289434,+0782024433,+00017381,07
XQ,+100513,+1232,+0235,+1404,2026/10/08,08:10:36,+0158289507,+0782024431,+00017248,07
XQ,+100515,+1231,+0235,+1404,2026/10/08,08:10:37,+0158289240,+0782024360,+00018219,07
XQ,+100515,+1232,+0235,+1402,2026/10/08,08:10:38,+0158289123,+0782024384,+00018376,07
XQ,+100513,+1229,+0235,+1404,2026/10/08,08:10:39,+0158288993,+0782024396,+00018602,07
XQ,+100513,+1230,+0235,+1402,2026/10/08,08:10:40,+0158288837,+0782024415,+00018788,07
XQ,+100513,+1230,+0235,+1402,2026/10/08,08:10:41,+0158288756,+0782024474,+00018680,07
XQ,+100514,+1229,+0235,+1401,2026/10/08,08:10:42,+0158288549,+0782024414,+00019416,07
XQ,+100510,+1227,+0235,+1402,2026/10/08,08:10:43,+0158288329,+0782024389,+00019806,07
XQ,+100517,+1231,+0235,+1400,2026/10/08,08:10:44,+0158288151,+0782024365,+00019888,07
XQ,+100511,+1231,+0235,+1402,2026/10/08,08:10:45,+0158288074,+0782024389,+00019630,07
XQ,+100513,+1230,+0235,+1401,2026/10/08,08:10:46,+0158288058,+0782024447,+00019144,07
XQ,+100516,+1230,+0235,+1401,2026/10/08,08:10:47,+0158288098,+0782024438,+00018949,07
XQ,+100513,+1230,+0235,+1401,2026/10/08,08:10:48,+0158288179,+0782024399,+00019293,07
XQ,+100513,+1229,+0235,+1400,2026/10/08,08:10:49,+0158288236,+0782024354,+00019291,07
XQ,+100514,+1229,+0235,+1401,2026/10/08,08:10:50,+0158288272,+0782024333,+00018914,07
XQ,+100514,+1229,+0235,+1400,2026/10/08,08:10:51,+0158288189,+0782024266,+00019365,07
XQ,+100514,+1228,+0235,+1401,2026/10/08,08:10:52,+0158288134,+0782024240,+00019586,07
XQ,+100507,+1229,+0235,+1401,2026/10/08,08:10:53,+0158288099,+0782024259,+00019112,07
XQ,+100513,+1231,+0235,+1400,2026/10/08,08:10:54,+0158288130,+0782024240,+00019241,07
XQ,+100514,+1228,+0235,+1400,2026/10/08,08:10:55,+0158288050,+0782024197,+00019979,07
XQ,+100516,+1229,+0235,+1400,2026/10/08,08:10:56,+0158287932,+0782024152,+00020379,07
XQ,+100516,+1229,+0235,+1400,2026/10/08,08:10:57,+0158287752,+0782024063,+00021209,07
XQ,+100512,+1229,+0235,+1400,2026/10/08,08:10:58,+0158287749,+0782023907,+00022429,07
XQ,+100511,+1229,+0235,+1402,2026/10/08,08:10:59,+0158288028,+0782023790,+00022897,07
XQ,+100514,+1230,+0236,+1400,2026/10/08,08:11:00,+0158288076,+0782023787,+00022440,07
XQ,+100514,+1228,+0235,+1401,2026/10/08,08:11:01,+0158287908,+0782023740,+00022618,07
XQ,+100512,+1229,+0235,+1400,2026/10/08,08:11:02,+0158287879,+0782023772,+00022240,07
XQ,+100513,+1226,+0235,+1400,2026/10/08,08:11:03,+0158287669,+0782023708,+00023009,07
XQ,+100517,+1230,+0235,+1400,2026/10/08,08:11:04,+0158288009,+0782023695,+00022598,07
XQ,+100516,+1229,+0235,+1400,2026/10/08,08:11:05,+0158287891,+0782023623,+00022921,07
XQ,+100512,+1229,+0235,+1401,2026/10/08,08:11:06,+0158287575,+0782023641,+00023318,07
XQ,+100513,+1230,+0235,+1401,2026/10/08,08:11:07,+0158287145,+0782023622,+00024356,07
XQ,+100512,+1227,+0235,+1400,2026/10/08,08:11:08,+0158287063,+0782023655,+00024273,07
XQ,+100516,+1230,+0235,+1400,2026/10/08,08:11:09,+0158286912,+0782023542,+00025114,07
XQ,+100512,+1229,+0235,+1400,2026/10/08,08:11:10,+0158287159,+0782023461,+00025356,07
XQ,+100514,+1229,+0235,+1400,2026/10/08,08:11:11,+0158287180,+0782023464,+00025407,07
XQ,+100516,+1229,+0235,+1400,2026/10/08,08:11:12,+0158287229,+0782023513,+00024704,07
XQ,+100514,+1227,+0236,+1400,2026/10/08,08:11:13,+0158287459,+0782023475,+00024212,07
XQ,+100511,+1229,+0236,+1401,2026/10/08,08:11:14,+0158287500,+0782023404,+00024649,07
XQ,+100515,+1229,+0236,+1400,2026/10/08,08:11:15,+0158287285,+0782023424,+00024918,07
XQ,+100515,+1229,+0236,+1401,2026/10/08,08:11:16,+0158287041,+0782023478,+00024901,07
XQ,+100514,+1228,+0236,+1400,2026/10/08,08:11:17,+0158287080,+0782023467,+00025265,07
XQ,+100519,+1230,+0236,+1400,2026/10/08,08:11:18,+0158287351,+0782023402,+00025733,07
XQ,+100515,+1230,+0236,+1401,2026/10/08,08:11:19,+0158287394,+0782023479,+00025449,07
XQ,+100512,+1230,+0236,+1402,2026/10/08,08:11:20,+0158287313,+0782023417,+00026070,07
XQ,+100513,+1229,+0236,+1400,2026/10/08,08:11:21,+0158287839,+0782023429,+00025401,07
XQ,+100514,+1228,+0236,+1401,2026/10/08,08:11:22,+0158288254,+0782023440,+00024508,07
XQ,+100510,+1229,+0236,+1401,2026/10/08,08:11:23,+0158288563,+0782023525,+00023323,07
XQ,+100513,+1229,+0236,+1401,2026/10/08,08:11:24,+0158288685,+0782023594,+00022691,07
XQ,+100517,+1230,+0236,+1401,2026/10/08,08:11:25,+0158288569,+0782023657,+00022716,07
XQ,+100517,+1229,+0236,+1400,2026/10/08,08:11:26,+0158288698,+0782023707,+00022281,07
XQ,+100512,+1229,+0236,+1401,2026/10/08,08:11:27,+0158288829,+0782023777,+00021549,07
XQ,+100514,+1227,+0236,+1400,2026/10/08,08:11:28,+0158289135,+0782023807,+00020919,07
XQ,+100513,+1229,+0236,+1401,2026/10/08,08:11:29,+0158289484,+0782023880,+00019834,07
XQ,+100512,+1231,+0236,+1400,2026/10/08,08:11:30,+0158289842,+0782024034,+00018161,07
XQ,+100516,+1228,+0236,+1402,2026/10/08,08:11:31,+0158290018,+0782024205,+00016941,07
XQ,+100516,+1228,+0235,+1401,2026/10/08,08:11:32,+0158290202,+0782024322,+00016170,08
XQ,+100511,+1228,+0236,+1402,2026/10/08,08:11:33,+0158290324,+0782024408,+00015477,08
XQ,+100513,+1228,+0236,+1400,2026/10/08,08:11:34,+0158290498,+0782024492,+00014635,07
XQ,+100512,+1229,+0236,+1400,2026/10/08,08:11:35,+0158291003,+0782024619,+00012802,08
XQ,+100515,+1229,+0236,+1400,2026/10/08,08:11:36,+0158291157,+0782024652,+00012505,07
XQ,+100513,+1229,+0236,+1400,2026/10/08,08:11:37,+0158291242,+0782024714,+00012196,07
XQ,+100515,+1227,+0236,+1401,2026/10/08,08:11:38,+0158291735,+0782024823,+00010607,08
XQ,+100512,+1227,+0235,+1401,2026/10/08,08:11:39,+0158291858,+0782024842,+00009701,08
XQ,+100514,+1228,+0235,+1400,2026/10/08,08:11:40,+0158291707,+0782024843,+00009669,08
XQ,+100514,+1228,+0236,+1400,2026/10/08,08:11:41,+0158291989,+0782024905,+00008938,08
XQ,+100512,+1226,+0235,+1402,2026/10/08,08:11:42,+0158292221,+0782024930,+00008438,08
XQ,+100515,+1231,+0235,+1401,2026/10/08,08:11:43,+0158292185,+0782024951,+00008116,07
XQ,+100517,+1231,+0235,+1402,2026/10/08,08:11:44,+0158292116,+0782024992,+00007926,08
XQ,+100515,+1229,+0235,+1401,2026/10/08,08:11:45,+0158292018,+0782025004,+00008208,08
XQ,+100515,+1230,+0235,+1402,2026/10/08,08:11:46,+0158292205,+0782025026,+00008441,08
XQ,+100515,+1230,+0235,+1402,2026/10/08,08:11:47,+0158292307,+0782025036,+00008604,08
XQ,+100514,+1229,+0235,+1401,2026/10/08,08:11:48,+0158292139,+0782025069,+00008509,08
XQ,+100513,+1231,+0235,+1404,2026/10/08,08:11:49,+0158292333,+0782025137,+00007767,07
XQ,+100514,+1231,+0235,+1402,2026/10/08,08:11:50,+0158292319,+0782025126,+00008278,08
XQ,+100514,+1230,+0235,+1402,2026/10/08,08:11:51,+0158292305,+0782025141,+00008542,08
XQ,+100513,+1230,+0235,+1405,2026/10/08,08:11:52,+0158292536,+0782025195,+00007450,08
XQ,+100512,+1232,+0236,+1402,2026/10/08,08:11:53,+0158292693,+0782025200,+00007888,08
XQ,+100516,+1230,+0236,+1402,2026/10/08,08:11:54,+0158292790,+0782025187,+00008788,08
XQ,+100513,+1231,+0236,+1404,2026/10/08,08:11:55,+0158292541,+0782025173,+00009446,08
XQ,+100519,+1233,+0236,+1404,2026/10/08,08:11:56,+0158292858,+0782025219,+00008559,08
XQ,+100514,+1231,+0236,+1404,2026/10/08,08:11:57,+0158293628,+0782025319,+00006929,08
XQ,+100513,+1231,+0236,+1402,2026/10/08,08:11:58,+0158293696,+0782025363,+00006634,08
XQ,+100515,+1231,+0236,+1404,2026/10/08,08:11:59,+0158293626,+0782025428,+00005904,08
XQ,+100513,+1231,+0236,+1405,2026/10/08,08:12:00,+0158293348,+0782025414,+00005531,08
XQ,+100515,+1231,+0236,+1405,2026/10/08,08:12:01,+0158293324,+0782025417,+00004943,08
XQ,+100514,+1231,+0236,+1404,2026/10/08,08:12:02,+0158292908,+0782025351,+00006473,08
XQ,+100515,+1232,+0236,+1405,2026/10/08,08:12:03,+0158292751,+0782025337,+00007717,08
XQ,+100512,+1232,+0236,+1405,2026/10/08,08:12:04,+0158292321,+0782025277,+00009135,08
XQ,+100513,+1232,+0236,+1405,2026/10/08,08:12:05,+0158292359,+0782025231,+00009424,08
XQ,+100516,+1230,+0236,+1405,2026/10/08,08:12:06,+0158292163,+0782025152,+00009870,08
XQ,+100513,+1233,+0236,+1405,2026/10/08,08:12:07,+0158291539,+0782025034,+00011713,08
XQ,+100514,+1233,+0236,+1405,2026/10/08,08:12:08,+0158291356,+0782024962,+00012820,08
XQ,+100515,+1233,+0236,+1407,2026/10/08,08:12:09,+0158290979,+0782024855,+00014723,08
XQ,+100514,+1234,+0236,+1407,2026/10/08,08:12:10,+0158291126,+0782024903,+00014319,08
XQ,+100516,+1235,+0236,+1407,2026/10/08,08:12:11,+0158291067,+0782024935,+00013536,08
XQ,+100514,+1234,+0236,+1407,2026/10/08,08:12:12,+0158290691,+0782024903,+00014008,08
XQ,+100514,+1235,+0236,+1408,2026/10/08,08:12:13,+0158290409,+0782024891,+00014126,08
XQ,+100516,+1236,+0235,+1408,2026/10/08,08:12:14,+0158290458,+0782024900,+00014133,08
XQ,+100515,+1235,+0235,+1408,2026/10/08,08:12:15,+0158290551,+0782024881,+00014629,08
XQ,+100513,+1236,+0235,+1408,2026/10/08,08:12:16,+0158290459,+0782024830,+00015675,08
XQ,+100514,+1237,+0235,+1409,2026/10/08,08:12:17,+0158290635,+0782024850,+00015221,08
XQ,+100517,+1235,+0235,+1411,2026/10/08,08:12:18,+0158290586,+0782024826,+00015361,08
XQ,+100518,+1236,+0235,+1409,2026/10/08,08:12:19,+0158290766,+0782024853,+00014601,08
XQ,+100512,+1238,+0235,+1409,2026/10/08,08:12:20,+0158290450,+0782024824,+00014666,08
XQ,+100513,+1237,+0235,+1411,2026/10/08,08:12:21,+0158290794,+0782024868,+00013801,08
XQ,+100516,+1239,+0235,+1411,2026/10/08,08:12:22,+0158291235,+0782024866,+00013839,08
XQ,+100515,+1237,+0235,+1411,2026/10/08,08:12:23,+0158291052,+0782024819,+00014521,07
XQ,+100516,+1238,+0235,+1411,2026/10/08,08:12:24,+0158290716,+0782024804,+00015325,08
XQ,+100519,+1239,+0235,+1411,2026/10/08,08:12:25,+0158291016,+0782024835,+00015699,08
XQ,+100509,+1238,+0235,+1412,2026/10/08,08:12:26,+0158291044,+0782024796,+00017081,07
XQ,+100511,+1238,+0236,+1412,2026/10/08,08:12:27,+0158290905,+0782024780,+00017564,08
XQ,+100515,+1238,+0236,+1412,2026/10/08,08:12:28,+0158290521,+0782024701,+00018733,08
XQ,+100512,+1241,+0236,+1414,2026/10/08,08:12:29,+0158290311,+0782024660,+00019771,08
XQ,+100516,+1238,+0236,+1414,2026/10/08,08:12:30,+0158290038,+0782024630,+00020778,08
XQ,+100515,+1239,+0236,+1414,2026/10/08,08:12:31,+0158290021,+0782024625,+00021690,08
XQ,+100515,+1239,+0236,+1412,2026/10/08,08:12:32,+0158289739,+0782024588,+00022778,08
XQ,+100517,+1240,+0236,+1412,2026/10/08,08:12:33,+0158289304,+0782024556,+00022967,08
XQ,+100516,+1238,+0236,+1414,2026/10/08,08:12:34,+0158289169,+0782024540,+00023471,08
XQ,+100520,+1240,+0236,+1414,2026/10/08,08:12:35,+0158289280,+0782024530,+00024342,08
XQ,+100521,+1241,+0236,+1415,2026/10/08,08:12:36,+0158289280,+0782024538,+00024102,08
XQ,+100517,+1240,+0236,+1415,2026/10/08,08:12:37,+0158288930,+0782024511,+00024262,08
XQ,+100518,+1241,+0235,+1415,2026/10/08,08:12:38,+0158288753,+0782024521,+00023647,07
XQ,+100515,+1242,+0235,+1415,2026/10/08,08:12:39,+0158288523,+0782024499,+00024210,08
XQ,+100515,+1243,+0235,+1415,2026/10/08,08:12:40,+0158288349,+0782024502,+00024443,08
XQ,+100514,+1240,+0235,+1417,2026/10/08,08:12:41,+0158288584,+0782024539,+00023364,08
XQ,+100516,+1240,+0235,+1417,2026/10/08,08:12:42,+0158288748,+0782024528,+00023071,08
XQ,+100516,+1243,+0235,+1417,2026/10/08,08:12:43,+0158288474,+0782024477,+00023281,08
XQ,+100515,+1240,+0235,+1418,2026/10/08,08:12:44,+0158288548,+0782024509,+00021770,08
XQ,+100511,+1241,+0235,+1418,2026/10/08,08:12:45,+0158288638,+0782024503,+00021371,08
XQ,+100517,+1241,+0235,+1418,2026/10/08,08:12:46,+0158288691,+0782024472,+00022022,08
XQ,+100515,+1241,+0235,+1418,2026/10/08,08:12:47,+0158288496,+0782024441,+00022413,08
XQ,+100513,+1244,+0235,+1419,2026/10/08,08:12:48,+0158288460,+0782024455,+00021940,08
XQ,+100519,+1243,+0235,+1418,2026/10/08,08:12:49,+0158288350,+0782024438,+00021650,08
XQ,+100515,+1242,+0235,+1419,2026/10/08,08:12:50,+0158288311,+0782024465,+00020527,08
XQ,+100518,+1243,+0235,+1421,2026/10/08,08:12:51,+0158288303,+0782024473,+00020221,08
XQ,+100513,+1243,+0235,+1421,2026/10/08,08:12:52,+0158288068,+0782024439,+00021292,08
XQ,+100513,+1243,+0235,+1421,2026/10/08,08:12:53,+0158288542,+0782024529,+00020673,08
XQ,+100517,+1243,+0235,+1419,2026/10/08,08:12:54,+0158288829,+0782024537,+00021197,08
XQ,+100513,+1248,+0235,+1421,2026/10/08,08:12:55,+0158288835,+0782024536,+00021453,08
XQ,+100514,+1245,+0235,+1421,2026/10/08,08:12:56,+0158289116,+0782024574,+00020554,08
XQ,+100515,+1245,+0235,+1421,2026/10/08,08:12:57,+0158288897,+0782024533,+00020791,08
XQ,+100517,+1245,+0234,+1422,2026/10/08,08:12:58,+0158288752,+0782024524,+00020795,08
XQ,+100514,+1246,+0234,+1422,2026/10/08,08:12:59,+0158288864,+0782024558,+00020194,07
XQ,+100513,+1244,+0234,+1421,2026/10/08,08:13:00,+0158288653,+0782024546,+00020156,08
XQ,+100512,+1247,+0234,+1422,2026/10/08,08:13:01,+0158288383,+0782024529,+00019926,08
XQ,+100515,+1244,+0234,+1422,2026/10/08,08:13:02,+0158288106,+0782024511,+00020022,08
XQ,+100517,+1245,+0234,+1424,2026/10/08,08:13:03,+0158288257,+0782024551,+00019289,08
XQ,+100511,+1249,+0234,+1422,2026/10/08,08:13:04,+0158288202,+0782024545,+00018921,08
XQ,+100516,+1246,+0234,+1422,2026/10/08,08:13:05,+0158288216,+0782024534,+00018823,08
XQ,+100516,+1246,+0234,+1425,2026/10/08,08:13:06,+0158288207,+0782024529,+00019012,08
XQ,+100515,+1247,+0234,+1425,2026/10/08,08:13:07,+0158288528,+0782024573,+00018268,08
XQ,+100515,+1248,+0234,+1425,2026/10/08,08:13:08,+0158288818,+0782024604,+00017340,08
XQ,+100513,+1248,+0234,+1425,2026/10/08,08:13:09,+0158288989,+0782024635,+00016586,08
XQ,+100519,+1249,+0234,+1425,2026/10/08,08:13:10,+0158289027,+0782024649,+00015876,08
XQ,+100516,+1249,+0234,+1426,2026/10/08,08:13:11,+0158288802,+0782024605,+00015591,08
XQ,+100513,+1247,+0234,+1426,2026/10/08,08:13:12,+0158288672,+0782024600,+00014945,08
XQ,+100516,+1249,+0234,+1425,2026/10/08,08:13:13,+0158288400,+0782024559,+00015232,08
XQ,+100519,+1249,+0234,+1426,2026/10/08,08:13:14,+0158288085,+0782024518,+00015874,08
XQ,+100515,+1249,+0234,+1428,2026/10/08,08:13:15,+0158287869,+0782024508,+00016137,08
XQ,+100515,+1249,+0234,+1428,2026/10/08,08:13:16,+0158287567,+0782024481,+00016724,08
XQ,+100517,+1250,+0234,+1428,2026/10/08,08:13:17,+0158287170,+0782024426,+00017576,08
XQ,+100524,+1252,+0234,+1428,2026/10/08,08:13:18,+0158287004,+0782024406,+00017666,08
XQ,+100514,+1251,+0234,+1428,2026/10/08,08:13:19,+0158286777,+0782024377,+00017912,08
XQ,+100515,+1251,+0234,+1428,2026/10/08,08:13:20,+0158286678,+0782024366,+00017817,08
XQ,+100514,+1252,+0234,+1430,2026/10/08,08:13:21,+0158286537,+0782024354,+00018124,08
XQ,+100513,+1252,+0234,+1430,2026/10/08,08:13:22,+0158286628,+0782024372,+00017869,08
XQ,+100516,+1253,+0234,+1430,2026/10/08,08:13:23,+0158286497,+0782024358,+00018359,08
XQ,+100517,+1252,+0234,+1432,2026/10/08,08:13:24,+0158286167,+0782024282,+00019456,08
XQ,+100513,+1253,+0234,+1430,2026/10/08,08:13:25,+0158286211,+0782024283,+00019053,08
XQ,+100520,+1251,+0234,+1430,2026/10/08,08:13:26,+0158286030,+0782024230,+00019526,08
XQ,+100523,+1253,+0234,+1432,2026/10/08,08:13:27,+0158286000,+0782024218,+00019898,08
XQ,+100516,+1253,+0234,+1428,2026/10/08,08:13:28,+0158286187,+0782024253,+00019559,07
XQ,+100517,+1253,+0234,+1432,2026/10/08,08:13:29,+0158286317,+0782024291,+00018973,08
XQ,+100519,+1255,+0234,+1432,2026/10/08,08:13:30,+0158286467,+0782024343,+00018454,08
XQ,+100518,+1254,+0234,+1432,2026/10/08,08:13:31,+0158286583,+0782024357,+00018294,07
XQ,+100514,+1256,+0234,+1433,2026/10/08,08:13:32,+0158286932,+0782024411,+00017509,08
XQ,+100513,+1254,+0234,+1433,2026/10/08,08:13:33,+0158287338,+0782024481,+00016295,08
XQ,+100517,+1255,+0234,+1433,2026/10/08,08:13:34,+0158287440,+0782024514,+00015722,08
XQ,+100517,+1255,+0234,+1433,2026/10/08,08:13:35,+0158287255,+0782024509,+00015869,08
XQ,+100516,+1255,+0234,+1434,2026/10/08,08:13:36,+0158287453,+0782024563,+00014857,08
XQ,+100519,+1255,+0234,+1433,2026/10/08,08:13:37,+0158287680,+0782024603,+00014361,07
XQ,+100519,+1257,+0233,+1433,2026/10/08,08:13:38,+0158288051,+0782024667,+00013487,08
XQ,+100518,+1256,+0234,+1436,2026/10/08,08:13:39,+0158288085,+0782024652,+00013722,08
XQ,+100517,+1255,+0233,+1436,2026/10/08,08:13:40,+0158288115,+0782024667,+00013943,08
XQ,+100514,+1256,+0234,+1434,2026/10/08,08:13:41,+0158287990,+0782024681,+00014181,08
XQ,+100516,+1257,+0234,+1434,2026/10/08,08:13:42,+0158287985,+0782024721,+00013502,08
XQ,+100513,+1261,+0233,+1436,2026/10/08,08:13:43,+0158288041,+0782024767,+00012799,07
XQ,+100514,+1256,+0233,+1436,2026/10/08,08:13:44,+0158288097,+0782024781,+00012568,08
XQ,+100516,+1254,+0234,+1434,2026/10/08,08:13:45,+0158288204,+0782024795,+00012634,08
XQ,+100515,+1256,+0233,+1437,2026/10/08,08:13:46,+0158288309,+0782024834,+00012559,08
XQ,+100516,+1258,+0233,+1436,2026/10/08,08:13:47,+0158288773,+0782024939,+00011422,08
XQ,+100512,+1256,+0233,+1437,2026/10/08,08:13:48,+0158288969,+0782024981,+00011127,08
XQ,+100513,+1256,+0233,+1437,2026/10/08,08:13:49,+0158289311,+0782025064,+00010585,07
XQ,+100517,+1257,+0233,+1437,2026/10/08,08:13:50,+0158289359,+0782025092,+00010423,08
XQ,+100521,+1257,+0233,+1436,2026/10/08,08:13:51,+0158289290,+0782025072,+00010610,08
XQ,+100518,+1258,+0233,+1437,2026/10/08,08:13:52,+0158289317,+0782025070,+00010313,07
XQ,+100519,+1258,+0233,+1436,2026/10/08,08:13:53,+0158289650,+0782025097,+00009492,08
XQ,+100517,+1256,+0233,+1439,2026/10/08,08:13:54,+0158289806,+0782025082,+00009164,08
XQ,+100517,+1257,+0233,+1439,2026/10/08,08:13:55,+0158290108,+0782025144,+00007903,07
XQ,+100519,+1260,+0233,+1439,2026/10/08,08:13:56,+0158290362,+0782025193,+00007158,08
XQ,+100518,+1258,+0233,+1439,2026/10/08,08:13:57,+0158290314,+0782025167,+00007733,08
XQ,+100515,+1258,+0233,+1439,2026/10/08,08:13:58,+0158290441,+0782025199,+00007684,08
XQ,+100519,+1259,+0233,+1439,2026/10/08,08:13:59,+0158290803,+0782025289,+00006700,08
XQ,+100516,+1259,+0233,+1439,2026/10/08,08:14:00,+0158290874,+0782025293,+00006506,08
XQ,+100517,+1258,+0233,+1439,2026/10/08,08:14:01,+0158290573,+0782025168,+00008189,08
XQ,+100518,+1259,+0233,+1439,2026/10/08,08:14:02,+0158290366,+0782025055,+00009379,08
XQ,+100515,+1260,+0233,+1440,2026/10/08,08:14:03,+0158290214,+0782024984,+00010043,08
XQ,+100515,+1260,+0233,+1440,2026/10/08,08:14:04,+0158290059,+0782024921,+00010515,08
XQ,+100517,+1260,+0233,+1441,2026/10/08,08:14:05,+0158289949,+0782024848,+00011047,08
XQ,+100517,+1261,+0232,+1441,2026/10/08,08:14:06,+0158289835,+0782024825,+00011186,08
XQ,+100512,+1261,+0232,+1441,2026/10/08,08:14:07,+0158289376,+0782024716,+00012656,08
XQ,+100514,+1263,+0232,+1441,2026/10/08,08:14:08,+0158289365,+0782024677,+00013072,08
XQ,+100515,+1261,+0232,+1441,2026/10/08,08:14:09,+0158289477,+0782024731,+00012351,08
XQ,+100517,+1260,+0232,+1441,2026/10/08,08:14:10,+0158289198,+0782024705,+00012954,08
XQ,+100518,+1261,+0232,+1441,2026/10/08,08:14:11,+0158288706,+0782024567,+00014818,08
XQ,+100519,+1263,+0232,+1441,2026/10/08,08:14:12,+0158288814,+0782024622,+00014072,08
XQ,+100519,+1261,+0232,+1443,2026/10/08,08:14:13,+0158288782,+0782024680,+00013546,08
XQ,+100515,+1261,+0232,+1443,2026/10/08,08:14:14,+0158288685,+0782024644,+00014015,08
XQ,+100517,+1262,+0232,+1443,2026/10/08,08:14:15,+0158288696,+0782024677,+00013899,08
XQ,+100515,+1263,+0232,+1443,2026/10/08,08:14:16,+0158288193,+0782024587,+00015306,08
XQ,+100521,+1262,+0233,+1443,2026/10/08,08:14:17,+0158288119,+0782024545,+00015661,08
XQ,+100515,+1261,+0233,+1443,2026/10/08,08:14:18,+0158288069,+0782024514,+00015690,08
XQ,+100518,+1264,+0233,+1444,2026/10/08,08:14:19,+0158288208,+0782024567,+00014608,08
XQ,+100521,+1259,+0233,+1444,2026/10/08,08:14:20,+0158288087,+0782024544,+00014679,08
XQ,+100515,+1262,+0233,+1444,2026/10/08,08:14:21,+0158288219,+0782024568,+00014452,08
XQ,+100514,+1264,+0233,+1444,2026/10/08,08:14:22,+0158288281,+0782024558,+00014547,08
XQ,+100517,+1263,+0233,+1444,2026/10/08,08:14:23,+0158288490,+0782024561,+00014326,08
XQ,+100516,+1263,+0233,+1444,2026/10/08,08:14:24,+0158288663,+0782024574,+00014255,08
XQ,+100521,+1262,+0232,+1444,2026/10/08,08:14:25,+0158288726,+0782024563,+00014472,07
XQ,+100521,+1264,+0232,+1444,2026/10/08,08:14:26,+0158288783,+0782024555,+00014523,08
XQ,+100517,+1263,+0232,+1443,2026/10/08,08:14:27,+0158288888,+0782024588,+00014578,07
XQ,+100516,+1263,+0232,+1444,2026/10/08,08:14:28,+0158289274,+0782024658,+00014346,08
XQ,+100515,+1262,+0232,+1446,2026/10/08,08:14:29,+0158289464,+0782024667,+00014617,08
XQ,+100513,+1261,+0232,+1444,2026/10/08,08:14:30,+0158289624,+0782024727,+00014125,08
XQ,+100516,+1266,+0232,+1444,2026/10/08,08:14:31,+0158289312,+0782024714,+00014560,08
XQ,+100517,+1265,+0232,+1446,2026/10/08,08:14:32,+0158289136,+0782024739,+00014434,08
XQ,+100515,+1263,+0232,+1444,2026/10/08,08:14:33,+0158289242,+0782024803,+00013874,08
XQ,+100516,+1264,+0232,+1444,2026/10/08,08:14:34,+0158289407,+0782024914,+00013315,08
XQ,+100515,+1264,+0232,+1444,2026/10/08,08:14:35,+0158289454,+0782024973,+00013155,08
XQ,+100515,+1264,+0232,+1446,2026/10/08,08:14:36,+0158289713,+0782025057,+00012715,08
XQ,+100517,+1262,+0232,+1446,2026/10/08,08:14:37,+0158289751,+0782025063,+00013005,08
XQ,+100521,+1264,+0232,+1446,2026/10/08,08:14:38,+0158289829,+0782025039,+00013255,08
XQ,+100517,+1264,+0232,+1446,2026/10/08,08:14:39,+0158290034,+0782025070,+00012883,08
XQ,+100521,+1259,+0232,+1446,2026/10/08,08:14:40,+0158290077,+0782025179,+00012224,08
XQ,+100521,+1266,+0232,+1446,2026/10/08,08:14:41,+0158289819,+0782025160,+00012469,08
XQ,+100513,+1263,+0232,+1446,2026/10/08,08:14:42,+0158289947,+0782025228,+00011623,08
XQ,+100516,+1264,+0232,+1446,2026/10/08,08:14:43,+0158289881,+0782025178,+00012255,08
XQ,+100514,+1264,+0232,+1446,2026/10/08,08:14:44,+0158290019,+0782025089,+00012851,08
XQ,+100513,+1263,+0232,+1444,2026/10/08,08:14:45,+0158290131,+0782025088,+00012763,08
XQ,+100519,+1263,+0232,+1444,2026/10/08,08:14:46,+0158290196,+0782025068,+00012708,08
XQ,+100517,+1263,+0232,+1444,2026/10/08,08:14:47,+0158290438,+0782024937,+00013372,08
XQ,+100519,+1264,+0231,+1446,2026/10/08,08:14:48,+0158290516,+0782024879,+00013443,08
XQ,+100518,+1265,+0231,+1446,2026/10/08,08:14:49,+0158290164,+0782024804,+00013694,08
XQ,+100517,+1261,+0231,+1446,2026/10/08,08:14:50,+0158290622,+0782024972,+00011889,08
XQ,+100522,+1263,+0231,+1446,2026/10/08,08:14:51,+0158290270,+0782024965,+00012452,07
XQ,+100517,+1264,+0232,+1447,2026/10/08,08:14:52,+0158290238,+0782024937,+00012902,08
XQ,+100518,+1263,+0232,+1447,2026/10/08,08:14:53,+0158290143,+0782024930,+00013281,08
XQ,+100516,+1265,+0232,+1447,2026/10/08,08:14:54,+0158290070,+0782024913,+00013389,08
XQ,+100515,+1260,+0232,+1446,2026/10/08,08:14:55,+0158290146,+0782024910,+00013607,08
XQ,+100516,+1264,+0232,+1447,2026/10/08,08:14:56,+0158290215,+0782024988,+00013377,08
XQ,+100516,+1263,+0232,+1447,2026/10/08,08:14:57,+0158290078,+0782025068,+00012904,08
XQ,+100513,+1265,+0232,+1447,2026/10/08,08:14:58,+0158290131,+0782025122,+00012146,08
XQ,+100517,+1264,+0232,+1447,2026/10/08,08:14:59,+0158290464,+0782025163,+00011802,08
XQ,+100517,+1263,+0232,+1447,2026/10/08,08:15:00,+0158290950,+0782025154,+00011462,08
XQ,+100516,+1269,+0232,+1447,2026/10/08,08:15:01,+0158291204,+0782025218,+00011033,08
XQ,+100514,+1266,+0232,+1447,2026/10/08,08:15:02,+0158291220,+0782025320,+00010758,08
XQ,+100519,+1265,+0232,+1447,2026/10/08,08:15:03,+0158290839,+0782025227,+00012109,08
XQ,+100518,+1266,+0232,+1448,2026/10/08,08:15:04,+0158291071,+0782025260,+00011281,08
XQ,+100517,+1264,+0232,+1448,2026/10/08,08:15:05,+0158290968,+0782025193,+00011959,08
XQ,+100518,+1266,+0232,+1448,2026/10/08,08:15:06,+0158291162,+0782025309,+00010730,08
XQ,+100517,+1265,+0232,+1448,2026/10/08,08:15:07,+0158291145,+0782025436,+00009355,08
XQ,+100517,+1266,+0232,+1447,2026/10/08,08:15:08,+0158291067,+0782025476,+00009398,08
XQ,+100515,+1266,+0232,+1450,2026/10/08,08:15:09,+0158291004,+0782025513,+00009310,08
XQ,+100513,+1265,+0232,+1450,2026/10/08,08:15:10,+0158291171,+0782025564,+00008765,08
XQ,+100515,+1266,+0232,+1448,2026/10/08,08:15:11,+0158291198,+0782025591,+00008208,08
XQ,+100517,+1267,+0232,+1450,2026/10/08,08:15:12,+0158291194,+0782025671,+00007172,08
XQ,+100514,+1268,+0232,+1448,2026/10/08,08:15:13,+0158290831,+0782025571,+00008395,08
XQ,+100518,+1265,+0232,+1450,2026/10/08,08:15:14,+0158290651,+0782025502,+00009092,08
XQ,+100523,+1266,+0232,+1450,2026/10/08,08:15:15,+0158290321,+0782025459,+00009220,08
XQ,+100522,+1265,+0232,+1448,2026/10/08,08:15:16,+0158290571,+0782025542,+00008319,08
XQ,+100522,+1266,+0232,+1450,2026/10/08,08:15:17,+0158290499,+0782025489,+00009745,08
XQ,+100513,+1266,+0232,+1450,2026/10/08,08:15:18,+0158290596,+0782025377,+00010888,08
XQ,+100516,+1267,+0232,+1450,2026/10/08,08:15:19,+0158290693,+0782025328,+00011271,08
XQ,+100516,+1267,+0232,+1450,2026/10/08,08:15:20,+0158290664,+0782025317,+00012080,08
XQ,+100519,+1268,+0232,+1448,2026/10/08,08:15:21,+0158290553,+0782025312,+00012243,08
XQ,+100517,+1268,+0232,+1450,2026/10/08,08:15:22,+0158290419,+0782025276,+00012745,08
XQ,+100521,+1268,+0232,+1450,2026/10/08,08:15:23,+0158290231,+0782025214,+00013709,08
XQ,+100516,+1267,+0232,+1448,2026/10/08,08:15:24,+0158289840,+0782025245,+00014205,08
XQ,+100518,+1269,+0232,+1450,2026/10/08,08:15:25,+0158289604,+0782025304,+00015014,08
XQ,+100521,+1267,+0232,+1450,2026/10/08,08:15:26,+0158289641,+0782025335,+00015076,08
XQ,+100522,+1270,+0233,+1450,2026/10/08,08:15:27,+0158289851,+0782025365,+00014738,08
XQ,+100520,+1269,+0233,+1450,2026/10/08,08:15:28,+0158289650,+0782025342,+00015343,08
XQ,+100519,+1268,+0233,+1450,2026/10/08,08:15:29,+0158289386,+0782025369,+00015740,08
XQ,+100517,+1268,+0233,+1448,2026/10/08,08:15:30,+0158289204,+0782025330,+00015959,07
XQ,+100517,+1270,+0233,+1448,2026/10/08,08:15:31,+0158288909,+0782025265,+00016038,08
XQ,+100519,+1268,+0233,+1448,2026/10/08,08:15:32,+0158289086,+0782025222,+00015431,08
XQ,+100520,+1269,+0233,+1448,2026/10/08,08:15:33,+0158289117,+0782025132,+00015787,08
XQ,+100518,+1267,+0233,+1448,2026/10/08,08:15:34,+0158289376,+0782025167,+00015119,08
XQ,+100518,+1268,+0233,+1448,2026/10/08,08:15:35,+0158289760,+0782025186,+00014062,08
XQ,+100519,+1267,+0233,+1448,2026/10/08,08:15:36,+0158290008,+0782025216,+00013039,08
XQ,+100517,+1264,+0233,+1448,2026/10/08,08:15:37,+0158290147,+0782025340,+00012003,08
XQ,+100517,+1266,+0233,+1448,2026/10/08,08:15:38,+0158289668,+0782025354,+00012802,08
XQ,+100517,+1267,+0233,+1448,2026/10/08,08:15:39,+0158289390,+0782025399,+00013200,07
XQ,+100519,+1267,+0233,+1447,2026/10/08,08:15:40,+0158289080,+0782025455,+00013392,07
XQ,+100518,+1266,+0233,+1447,2026/10/08,08:15:41,+0158289144,+0782025486,+00012336,07
XQ,+100520,+1265,+0233,+1448,2026/10/08,08:15:42,+0158289063,+0782025436,+00012135,07
XQ,+100519,+1267,+0233,+1448,2026/10/08,08:15:43,+0158289285,+0782025429,+00011469,07
XQ,+100515,+1266,+0233,+1448,2026/10/08,08:15:44,+0158289600,+0782025353,+00011040,07
XQ,+100520,+1266,+0233,+1448,2026/10/08,08:15:45,+0158289859,+0782025331,+00010504,07
XQ,+100520,+1266,+0233,+1448,2026/10/08,08:15:46,+0158289963,+0782025307,+00010255,07
XQ,+100518,+1267,+0233,+1448,2026/10/08,08:15:47,+0158289813,+0782025279,+00010219,07
XQ,+100519,+1267,+0233,+1448,2026/10/08,08:15:48,+0158289550,+0782025211,+00010422,07
XQ,+100517,+1268,+0233,+1448,2026/10/08,08:15:49,+0158289477,+0782025091,+00011190,07
XQ,+100519,+1267,+0233,+1450,2026/10/08,08:15:50,+0158289934,+0782025037,+00010846,07
XQ,+100518,+1271,+0232,+1450,2026/10/08,08:15:51,+0158290254,+0782025002,+00010637,07
XQ,+100519,+1268,+0232,+1450,2026/10/08,08:15:52,+0158290065,+0782024951,+00011393,07
XQ,+100516,+1270,+0232,+1448,2026/10/08,08:15:53,+0158289620,+0782024879,+00012874,07
XQ,+100519,+1268,+0232,+1450,2026/10/08,08:15:54,+0158289476,+0782024866,+00013789,07
XQ,+100519,+1265,+0232,+1448,2026/10/08,08:15:55,+0158289317,+0782024820,+00014682,07
XQ,+100517,+1269,+0232,+1450,2026/10/08,08:15:56,+0158289335,+0782024808,+00014597,07
XQ,+100519,+1267,+0232,+1451,2026/10/08,08:15:57,+0158288561,+0782024687,+00016237,07
XQ,+100516,+1267,+0232,+1450,2026/10/08,08:15:58,+0158288458,+0782024756,+00015756,07
XQ,+100524,+1268,+0232,+1451,2026/10/08,08:15:59,+0158288063,+0782024723,+00016315,07
XQ,+100516,+1268,+0232,+1450,2026/10/08,08:16:00,+0158287399,+0782024515,+00018882,07
XQ,+100518,+1268,+0232,+1451,2026/10/08,08:16:01,+0158287361,+0782024439,+00020028,07
XQ,+100518,+1267,+0232,+1451,2026/10/08,08:16:02,+0158287800,+0782024479,+00019019,07
XQ,+100513,+1269,+0232,+1451,2026/10/08,08:16:03,+0158287488,+0782024408,+00019787,07
XQ,+100518,+1266,+0232,+1451,2026/10/08,08:16:04,+0158287175,+0782024346,+00020059,07
XQ,+100521,+1268,+0232,+1451,2026/10/08,08:16:05,+0158287152,+0782024348,+00019398,07
XQ,+100518,+1269,+0232,+1451,2026/10/08,08:16:06,+0158287226,+0782024291,+00019608,07
XQ,+100518,+1269,+0232,+1451,2026/10/08,08:16:07,+0158287062,+0782024187,+00020365,07
XQ,+100517,+1268,+0232,+1453,2026/10/08,08:16:08,+0158286476,+0782024109,+00021967,07
XQ,+100515,+1267,+0232,+1451,2026/10/08,08:16:09,+0158286263,+0782024112,+00022528,07
XQ,+100512,+1270,+0232,+1451,2026/10/08,08:16:10,+0158286261,+0782024060,+00023351,07
XQ,+100518,+1270,+0231,+1453,2026/10/08,08:16:11,+0158286768,+0782024067,+00023054,07
XQ,+100519,+1270,+0231,+1451,2026/10/08,08:16:12,+0158286502,+0782023991,+00024752,07
XQ,+100517,+1269,+0231,+1451,2026/10/08,08:16:13,+0158286026,+0782023954,+00025698,07
XQ,+100519,+1269,+0231,+1453,2026/10/08,08:16:14,+0158285713,+0782023915,+00026155,07
XQ,+100516,+1271,+0231,+1450,2026/10/08,08:16:15,+0158285522,+0782023827,+00027311,07
XQ,+100520,+1271,+0231,+1451,2026/10/08,08:16:16,+0158285486,+0782023751,+00028493,07
XQ,+100517,+1270,+0231,+1451,2026/10/08,08:16:17,+0158285218,+0782023712,+00029421,07
XQ,+100518,+1268,+0231,+1451,2026/10/08,08:16:18,+0158284545,+0782023572,+00030557,07
XQ,+100523,+1269,+0231,+1453,2026/10/08,08:16:19,+0158284621,+0782023595,+00029877,07
XQ,+100520,+1270,+0231,+1451,2026/10/08,08:16:20,+0158284881,+0782023622,+00029929,07
XQ,+100515,+1273,+0231,+1451,2026/10/08,08:16:21,+0158285176,+0782023683,+00030206,07
XQ,+100519,+1270,+0231,+1453,2026/10/08,08:16:22,+0158285226,+0782023657,+00030133,07
XQ,+100519,+1270,+0231,+1451,2026/10/08,08:16:23,+0158284959,+0782023549,+00030965,07
XQ,+100514,+1270,+0231,+1451,2026/10/08,08:16:24,+0158284724,+0782023534,+00031045,08
XQ,+100551,-0622,+0633,-0471,2026/10/08,08:28:10,+0158303156,+0782026179,+00008155,05
XQ,+100547,-0627,+0633,-0472,2026/10/08,08:28:11,+0158303109,+0782026103,+00009536,05
XQ,+100548,-0633,+0634,-0476,2026/10/08,08:28:12,+0158303381,+0782026222,+00008887,05
XQ,+100548,-0631,+0634,-0479,2026/10/08,08:28:13,+0158303400,+0782026288,+00007868,05
XQ,+100547,-0629,+0636,-0481,2026/10/08,08:28:14,+0158303252,+0782026189,+00009170,05
XQ,+100546,-0621,+0639,-0481,2026/10/08,08:28:15,+0158303251,+0782026191,+00008562,05
XQ,+100548,-0621,+0641,-0483,2026/10/08,08:28:16,+0158303200,+0782026174,+00008659,05
XQ,+100550,-0626,+0641,-0485,2026/10/08,08:28:17,+0158303159,+0782026048,+00009327,05
XQ,+100547,-0631,+0641,-0486,2026/10/08,08:28:18,+0158303172,+0782025959,+00009149,05
XQ,+100548,-0626,+0644,-0488,2026/10/08,08:28:19,+0158303178,+0782025884,+00008862,05
XQ,+100549,-0619,+0647,-0490,2026/10/08,08:28:20,+0158303141,+0782025862,+00009035,05
XQ,+100547,-0610,+0649,-0488,2026/10/08,08:28:21,+0158303154,+0782025863,+00009223,05
XQ,+100545,-0606,+0651,-0488,2026/10/08,08:28:22,+0158303166,+0782025882,+00009640,05
XQ,+100546,-0616,+0652,-0489,2026/10/08,08:28:23,+0158303156,+0782025929,+00009783,05
XQ,+100547,-0619,+0653,-0492,2026/10/08,08:28:24,+0158303136,+0782025923,+00010465,05
XQ,+100547,-0614,+0654,-0493,2026/10/08,08:28:25,+0158303089,+0782025920,+00010864,05
XQ,+100547,-0617,+0655,-0493,2026/10/08,08:28:26,+0158303034,+0782025939,+00011240,05
XQ,+100547,-0619,+0655,-0496,2026/10/08,08:28:27,+0158303000,+0782025941,+00011668,05
XQ,+100547,-0622,+0655,-0496,2026/10/08,08:28:28,+0158302982,+0782025975,+00011555,05
XQ,+100547,-0620,+0656,-0500,2026/10/08,08:28:29,+0158303028,+0782026010,+00011066,05
XQ,+100542,-0622,+0656,-0502,2026/10/08,08:28:30,+0158303033,+0782026046,+00011078,05
XQ,+100545,-0623,+0656,-0503,2026/10/08,08:28:31,+0158303208,+0782026136,+00010344,07
XQ,+100548,-0621,+0656,-0506,2026/10/08,08:28:32,+0158303184,+0782026211,+00010417,07
XQ,+100543,-0614,+0658,-0504,2026/10/08,08:28:33,+0158303197,+0782026251,+00009790,07
XQ,+100545,-0614,+0659,-0507,2026/10/08,08:28:34,+0158303169,+0782026264,+00009751,07
XQ,+100547,-0613,+0660,-0507,2026/10/08,08:28:35,+0158303214,+0782026306,+00009296,07
XQ,+100547,-0611,+0660,-0507,2026/10/08,08:28:36,+0158303219,+0782026304,+00009357,07
XQ,+100541,-0614,+0660,-0510,2026/10/08,08:28:37,+0158303174,+0782026295,+00009275,07
XQ,+100545,-0615,+0659,-0510,2026/10/08,08:28:38,+0158303131,+0782026275,+00009350,07
XQ,+100544,-0617,+0659,-0513,2026/10/08,08:28:39,+0158303053,+0782026316,+00008811,09
XQ,+100546,-0627,+0657,-0516,2026/10/08,08:28:40,+0158302960,+0782026352,+00008461,09
XQ,+100542,-0628,+0658,-0516,2026/10/08,08:28:41,+0158302901,+0782026325,+00008847,09
XQ,+100543,-0629,+0658,-0520,2026/10/08,08:28:42,+0158302904,+0782026312,+00008905,09
XQ,+100539,-0632,+0657,-0521,2026/10/08,08:28:43,+0158302895,+0782026301,+00009119,09
XQ,+100542,-0629,+0658,-0521,2026/10/08,08:28:44,+0158302878,+0782026302,+00009280,09
XQ,+100544,-0629,+0658,-0524,2026/10/08,08:28:45,+0158302897,+0782026324,+00009564,09
XQ,+100544,-0627,+0658,-0524,2026/10/08,08:28:46,+0158302906,+0782026329,+00009922,09
XQ,+100543,-0625,+0659,-0528,2026/10/08,08:28:47,+0158302904,+0782026333,+00009798,09
XQ,+100542,-0622,+0660,-0526,2026/10/08,08:28:48,+0158302916,+0782026339,+00009656,09
XQ,+100541,-0622,+0659,-0528,2026/10/08,08:28:49,+0158302926,+0782026348,+00009528,09
XQ,+100545,-0621,+0660,-0530,2026/10/08,08:28:50,+0158302947,+0782026366,+00009173,09
XQ,+100543,-0619,+0660,-0531,2026/10/08,08:28:51,+0158302937,+0782026381,+00009036,09
XQ,+100542,-0623,+0660,-0531,2026/10/08,08:28:52,+0158302950,+0782026386,+00008946,09
XQ,+100546,-0619,+0662,-0530,2026/10/08,08:28:53,+0158302936,+0782026383,+00008867,09
XQ,+100541,-0621,+0662,-0533,2026/10/08,08:28:54,+0158302898,+0782026374,+00008455,09
XQ,+100541,-0622,+0663,-0533,2026/10/08,08:28:55,+0158302877,+0782026353,+00009029,09
XQ,+100542,-0623,+0663,-0535,2026/10/08,08:28:56,+0158302829,+0782026353,+00009025,09
XQ,+100541,-0623,+0663,-0535,2026/10/08,08:28:57,+0158302805,+0782026351,+00009219,09
XQ,+100542,-0623,+0664,-0537,2026/10/08,08:28:58,+0158302744,+0782026360,+00008522,09
XQ,+100542,-0624,+0665,-0539,2026/10/08,08:28:59,+0158302772,+0782026360,+00007952,09
XQ,+100541,-0624,+0665,-0539,2026/10/08,08:29:00,+0158302765,+0782026366,+00007220,09
XQ,+100544,-0627,+0665,-0541,2026/10/08,08:29:01,+0158302753,+0782026356,+00006819,09
XQ,+100542,-0629,+0665,-0543,2026/10/08,08:29:02,+0158302753,+0782026354,+00006398,09
XQ,+100539,-0629,+0665,-0546,2026/10/08,08:29:03,+0158302720,+0782026367,+00005916,09
XQ,+100540,-0626,+0665,-0543,2026/10/08,08:29:04,+0158302698,+0782026371,+00005839,09
XQ,+100541,-0623,+0667,-0543,2026/10/08,08:29:05,+0158302706,+0782026376,+00005779,09
XQ,+100539,-0622,+0669,-0547,2026/10/08,08:29:06,+0158302677,+0782026398,+00005171,09
XQ,+100540,-0624,+0669,-0549,2026/10/08,08:29:07,+0158302608,+0782026394,+00005196,09
XQ,+100540,-0624,+0670,-0547,2026/10/08,08:29:08,+0158302600,+0782026380,+00005088,09
XQ,+100543,-0626,+0671,-0549,2026/10/08,08:29:09,+0158302582,+0782026367,+00004863,09
XQ,+100539,-0627,+0671,-0549,2026/10/08,08:29:10,+0158302566,+0782026357,+00004795,09
XQ,+100541,-0623,+0673,-0550,2026/10/08,08:29:11,+0158302591,+0782026359,+00004669,09
XQ,+100539,-0618,+0672,-0550,2026/10/08,08:29:12,+0158302589,+0782026359,+00004581,09
XQ,+100539,-0615,+0671,-0553,2026/10/08,08:29:13,+0158302564,+0782026360,+00004583,09
XQ,+100540,-0613,+0671,-0550,2026/10/08,08:29:14,+0158302524,+0782026366,+00004670,09
XQ,+100538,-0613,+0673,-0551,2026/10/08,08:29:15,+0158302516,+0782026365,+00004889,09
XQ,+100537,-0609,+0676,-0550,2026/10/08,08:29:16,+0158302498,+0782026377,+00004500,09
XQ,+100542,-0608,+0678,-0553,2026/10/08,08:29:17,+0158302501,+0782026387,+00004109,09
XQ,+100540,-0613,+0679,-0551,2026/10/08,08:29:18,+0158302512,+0782026401,+00003634,09
XQ,+100539,-0622,+0678,-0553,2026/10/08,08:29:19,+0158302545,+0782026410,+00003425,09
XQ,+100537,-0623,+0678,-0554,2026/10/08,08:29:20,+0158302577,+0782026417,+00003339,09
XQ,+100538,-0622,+0679,-0554,2026/10/08,08:29:21,+0158302611,+0782026421,+00003378,09
XQ,+100540,-0622,+0678,-0554,2026/10/08,08:29:22,+0158302624,+0782026419,+00003608,09
XQ,+100537,-0622,+0678,-0556,2026/10/08,08:29:23,+0158302611,+0782026423,+00003704,09
XQ,+100537,-0623,+0678,-0557,2026/10/08,08:29:24,+0158302596,+0782026426,+00003523,09
XQ,+100542,-0620,+0680,-0558,2026/10/08,08:29:25,+0158302608,+0782026408,+00003944,09
XQ,+100538,-0622,+0681,-0558,2026/10/08,08:29:26,+0158302636,+0782026417,+00003949,09
XQ,+100541,-0625,+0681,-0558,2026/10/08,08:29:27,+0158302646,+0782026421,+00003959,09
XQ,+100537,-0623,+0683,-0560,2026/10/08,08:29:28,+0158302629,+0782026434,+00003887,09
XQ,+100535,-0618,+0684,-0560,2026/10/08,08:29:29,+0158302615,+0782026446,+00003981,09
XQ,+100535,-0618,+0686,-0560,2026/10/08,08:29:30,+0158302614,+0782026451,+00004114,09
XQ,+100531,-0617,+0686,-0560,2026/10/08,08:29:31,+0158302609,+0782026457,+00004142,09
XQ,+100534,-0619,+0687,-0563,2026/10/08,08:29:32,+0158302629,+0782026457,+00004129,09
XQ,+100539,-0622,+0687,-0563,2026/10/08,08:29:33,+0158302621,+0782026461,+00004045,09
XQ,+100535,-0621,+0688,-0563,2026/10/08,08:29:34,+0158302585,+0782026478,+00003804,09
XQ,+100535,-0621,+0689,-0564,2026/10/08,08:29:35,+0158302571,+0782026470,+00004193,09
XQ,+100537,-0628,+0687,-0564,2026/10/08,08:29:36,+0158302556,+0782026489,+00003991,09
XQ,+100534,-0629,+0688,-0567,2026/10/08,08:29:37,+0158302568,+0782026509,+00003773,09
XQ,+100535,-0628,+0689,-0567,2026/10/08,08:29:38,+0158302626,+0782026499,+00004014,09
XQ,+100534,-0624,+0689,-0564,2026/10/08,08:29:39,+0158302654,+0782026482,+00004193,09
XQ,+100537,-0624,+0690,-0566,2026/10/08,08:29:40,+0158302675,+0782026477,+00004516,09
XQ,+100532,-0618,+0692,-0566,2026/10/08,08:29:41,+0158302721,+0782026476,+00004710,09
XQ,+100537,-0618,+0693,-0567,2026/10/08,08:29:42,+0158302712,+0782026462,+00005217,09
XQ,+100535,-0613,+0696,-0567,2026/10/08,08:29:43,+0158302716,+0782026472,+00005329,09
XQ,+100535,-0607,+0699,-0564,2026/10/08,08:29:44,+0158302729,+0782026469,+00005273,09
XQ,+100533,-0613,+0700,-0567,2026/10/08,08:29:45,+0158302809,+0782026452,+00005374,09
XQ,+100535,-0617,+0700,-0566,2026/10/08,08:29:46,+0158302867,+0782026444,+00004949,09
XQ,+100537,-0618,+0700,-0568,2026/10/08,08:29:47,+0158302834,+0782026438,+00004684,09
XQ,+100532,-0623,+0700,-0568,2026/10/08,08:29:48,+0158302762,+0782026460,+00004657,09
XQ,+100536,-0623,+0700,-0570,2026/10/08,08:29:49,+0158302663,+0782026463,+00004871,09
XQ,+100531,-0619,+0702,-0571,2026/10/08,08:29:50,+0158302664,+0782026444,+00005137,09
XQ,+100533,-0617,+0703,-0568,2026/10/08,08:29:51,+0158302670,+0782026436,+00005115,09
XQ,+100534,-0621,+0703,-0571,2026/10/08,08:29:52,+0158302706,+0782026444,+00005243,09
XQ,+100529,-0624,+0703,-0571,2026/10/08,08:29:53,+0158302713,+0782026443,+00005209,09
XQ,+100532,-0620,+0705,-0573,2026/10/08,08:29:54,+0158302619,+0782026457,+00004975,09
XQ,+100534,-0622,+0704,-0574,2026/10/08,08:29:55,+0158302615,+0782026459,+00004987,11
XQ,+100533,-0618,+0706,-0573,2026/10/08,08:29:56,+0158302638,+0782026472,+00004942,11
XQ,+100533,-0617,+0707,-0574,2026/10/08,08:29:57,+0158302656,+0782026482,+00005103,11
XQ,+100531,-0615,+0707,-0574,2026/10/08,08:29:58,+0158302647,+0782026494,+00005044,11
XQ,+100531,-0613,+0709,-0574,2026/10/08,08:29:59,+0158302647,+0782026501,+00005185,11
XQ,+100534,-0607,+0711,-0574,2026/10/08,08:30:00,+0158302637,+0782026515,+00005078,11
XQ,+100528,-0602,+0713,-0573,2026/10/08,08:30:01,+0158302612,+0782026523,+00004980,11
XQ,+100531,-0602,+0714,-0573,2026/10/08,08:30:02,+0158302618,+0782026531,+00004899,11
XQ,+100532,-0602,+0715,-0574,2026/10/08,08:30:03,+0158302621,+0782026529,+00004952,11
XQ,+100529,-0605,+0715,-0575,2026/10/08,08:30:04,+0158302621,+0782026531,+00004743,11
XQ,+100533,-0607,+0715,-0574,2026/10/08,08:30:05,+0158302652,+0782026529,+00004915,11
XQ,+100528,-0604,+0716,-0574,2026/10/08,08:30:06,+0158302654,+0782026535,+00004660,11
XQ,+100532,-0598,+0717,-0574,2026/10/08,08:30:07,+0158302646,+0782026530,+00004729,11
XQ,+100530,-0588,+0720,-0573,2026/10/08,08:30:08,+0158302641,+0782026540,+00004446,11
XQ,+100531,-0590,+0721,-0571,2026/10/08,08:30:09,+0158302580,+0782026551,+00004413,12
XQ,+100534,-0544,+0722,-0564,2026/10/08,08:30:10,+0158302539,+0782026562,+00004379,12
XQ,+100529,-0505,+0722,-0553,2026/10/08,08:30:11,+0158302515,+0782026563,+00004545,12
XQ,+100533,-0510,+0720,-0549,2026/10/08,08:30:12,+0158302483,+0782026567,+00004753,12
XQ,+100520,-0539,+0715,-0551,2026/10/08,08:30:13,+0158302438,+0782026589,+00004474,12
XQ,+100512,-0579,+0711,-0556,2026/10/08,08:30:14,+0158302346,+0782026600,+00003830,12
XQ,+100502,-0603,+0707,-0561,2026/10/08,08:30:15,+0158302348,+0782026572,+00004461,12
XQ,+100485,-0615,+0704,-0570,2026/10/08,08:30:16,+0158302287,+0782026580,+00004465,12
XQ,+100476,-0618,+0700,-0574,2026/10/08,08:30:17,+0158302428,+0782026560,+00004687,12
XQ,+100471,-0617,+0697,-0577,2026/10/08,08:30:18,+0158303020,+0782026463,+00004954,12
XQ,+100461,-0620,+0695,-0584,2026/10/08,08:30:19,+0158303869,+0782026347,+00005164,12
XQ,+100461,-0619,+0693,-0588,2026/10/08,08:30:20,+0158304237,+0782026294,+00005479,12
XQ,+100466,-0618,+0693,-0589,2026/10/08,08:30:21,+0158304243,+0782026265,+00006087,12
XQ,+100467,-0623,+0694,-0595,2026/10/08,08:30:22,+0158304245,+0782026249,+00006215,12
XQ,+100465,-0621,+0694,-0596,2026/10/08,08:30:23,+0158304239,+0782026187,+00008926,12
XQ,+100457,-0619,+0693,-0596,2026/10/08,08:30:24,+0158304126,+0782026211,+00010052,12
XQ,+100443,-0617,+0693,-0596,2026/10/08,08:30:25,+0158304164,+0782026272,+00011225,12
XQ,+100438,-0618,+0693,-0599,2026/10/08,08:30:26,+0158304404,+0782026176,+00011798,12
XQ,+100434,-0616,+0691,-0599,2026/10/08,08:30:27,+0158304899,+0782026022,+00011807,12
XQ,+100438,-0615,+0691,-0603,2026/10/08,08:30:28,+0158305181,+0782025848,+00012352,12
XQ,+100435,-0616,+0691,-0601,2026/10/08,08:30:29,+0158305397,+0782025622,+00013185,12
XQ,+100436,-0618,+0692,-0604,2026/10/08,08:30:30,+0158305124,+0782025306,+00013843,12
XQ,+100421,-0620,+0692,-0606,2026/10/08,08:30:31,+0158304349,+0782024931,+00014239,12
XQ,+100437,-0617,+0693,-0606,2026/10/08,08:30:32,+0158303950,+0782024738,+00016241,12
XQ,+100408,-0619,+0693,-0607,2026/10/08,08:30:33,+0158303981,+0782024790,+00018367,12
XQ,+100393,-0622,+0692,-0606,2026/10/08,08:30:34,+0158304139,+0782024828,+00019696,12
XQ,+100388,-0618,+0691,-0606,2026/10/08,08:30:35,+0158304024,+0782024876,+00020378,12
XQ,+100387,-0618,+0691,-0606,2026/10/08,08:30:36,+0158304056,+0782025054,+00020587,12
XQ,+100368,-0619,+0690,-0607,2026/10/08,08:30:37,+0158304822,+0782025388,+00021423,12
XQ,+100365,-0617,+0690,-0604,2026/10/08,08:30:38,+0158306637,+0782025821,+00022902,12
XQ,+100346,-0617,+0689,-0606,2026/10/08,08:30:39,+0158309749,+0782026174,+00025555,12
XQ,+100328,-0617,+0688,-0606,2026/10/08,08:30:40,+0158313075,+0782026308,+00024333,12
XQ,+100343,-0614,+0687,-0607,2026/10/08,08:30:41,+0158316636,+0782026138,+00022966,12
XQ,+100313,-0612,+0685,-0607,2026/10/08,08:30:42,+0158320427,+0782025762,+00024192,12
XQ,+100280,-0608,+0680,-0604,2026/10/08,08:30:43,+0158324361,+0782025239,+00026124,12
XQ,+100241,-0596,+0678,-0603,2026/10/08,08:30:44,+0158328612,+0782024559,+00029597,12
XQ,+100212,-0600,+0669,-0601,2026/10/08,08:30:45,+0158332855,+0782023910,+00031980,12
XQ,+100181,-0575,+0663,-0594,2026/10/08,08:30:46,+0158336204,+0782023396,+00031844,12
XQ,+100183,-0571,+0657,-0587,2026/10/08,08:30:47,+0158338073,+0782022944,+00033046,12
XQ,+100197,-0560,+0652,-0582,2026/10/08,08:30:48,+0158338315,+0782022722,+00032750,12
XQ,+100211,-0554,+0648,-0580,2026/10/08,08:30:49,+0158337983,+0782022783,+00032984,12
XQ,+100202,-0556,+0646,-0577,2026/10/08,08:30:50,+0158338250,+0782023096,+00033609,12
XQ,+100194,-0553,+0643,-0574,2026/10/08,08:30:51,+0158339239,+0782023355,+00032450,11
XQ,+100212,-0554,+0639,-0571,2026/10/08,08:30:52,+0158338530,+0782023543,+00025113,12
XQ,+100219,-0556,+0637,-0570,2026/10/08,08:30:53,+0158338995,+0782023503,+00026630,12
XQ,+100223,-0558,+0634,-0570,2026/10/08,08:30:54,+0158338733,+0782023529,+00026553,12
XQ,+100225,-0556,+0632,-0568,2026/10/08,08:30:55,+0158338215,+0782023633,+00026284,12
XQ,+100211,-0557,+0631,-0568,2026/10/08,08:30:56,+0158336793,+0782023866,+00026080,12
XQ,+100224,-0559,+0629,-0567,2026/10/08,08:30:57,+0158335599,+0782024073,+00026192,12
XQ,+100216,-0556,+0628,-0564,2026/10/08,08:30:58,+0158335330,+0782024179,+00026015,12
XQ,+100225,-0558,+0626,-0564,2026/10/08,08:30:59,+0158334815,+0782024295,+00025657,12
XQ,+100214,-0561,+0625,-0566,2026/10/08,08:31:00,+0158333713,+0782024513,+00026143,12
XQ,+100210,-0565,+0624,-0566,2026/10/08,08:31:01,+0158332070,+0782024823,+00026149,12
XQ,+100212,-0563,+0623,-0567,2026/10/08,08:31:02,+0158330475,+0782025103,+00026301,12
XQ,+100225,-0559,+0622,-0563,2026/10/08,08:31:03,+0158329117,+0782025352,+00027070,12
XQ,+100228,-0558,+0621,-0563,2026/10/08,08:31:04,+0158327847,+0782025573,+00026933,12
XQ,+100232,-0560,+0621,-0563,2026/10/08,08:31:05,+0158326871,+0782025759,+00026977,12
XQ,+100238,-0561,+0620,-0564,2026/10/08,08:31:06,+0158326141,+0782025925,+00028069,12
XQ,+100238,-0563,+0620,-0566,2026/10/08,08:31:07,+0158325303,+0782026048,+00027675,12
XQ,+100247,-0565,+0619,-0564,2026/10/08,08:31:08,+0158324437,+0782026179,+00027800,12
XQ,+100252,-0575,+0617,-0567,2026/10/08,08:31:09,+0158323410,+0782026363,+00027663,13
XQ,+100254,-0582,+0616,-0567,2026/10/08,08:31:10,+0158322450,+0782026530,+00028813,13
XQ,+100249,-0584,+0616,-0570,2026/10/08,08:31:11,+0158321496,+0782026706,+00029506,13
XQ,+100251,-0586,+0615,-0571,2026/10/08,08:31:12,+0158320432,+0782026878,+00029717,13
XQ,+100254,-0585,+0615,-0570,2026/10/08,08:31:13,+0158319529,+0782027038,+00030171,12
XQ,+100259,-0585,+0615,-0571,2026/10/08,08:31:14,+0158318720,+0782027187,+00029380,13
XQ,+100278,-0588,+0614,-0573,2026/10/08,08:31:15,+0158317767,+0782027328,+00028255,13
XQ,+100292,-0591,+0613,-0575,2026/10/08,08:31:16,+0158316937,+0782027476,+00028230,13
XQ,+100298,-0597,+0613,-0578,2026/10/08,08:31:17,+0158316212,+0782027622,+00027530,13
XQ,+100302,-0599,+0612,-0577,2026/10/08,08:31:18,+0158315344,+0782027736,+00026683,13
XQ,+100300,-0599,+0612,-0580,2026/10/08,08:31:19,+0158314324,+0782027798,+00025819,13
XQ,+100301,-0597,+0612,-0581,2026/10/08,08:31:20,+0158313291,+0782027804,+00024187,13
XQ,+100321,-0612,+0619,-0587,2026/10/08,08:31:21,+0158312227,+0782027728,+00021866,13
XQ,+100339,-0620,+0625,-0589,2026/10/08,08:31:22,+0158311159,+0782027573,+00019695,13
XQ,+100365,-0625,+0631,-0594,2026/10/08,08:31:23,+0158310160,+0782027437,+00016981,13
XQ,+100388,-0624,+0636,-0598,2026/10/08,08:31:24,+0158309416,+0782027269,+00015494,13
XQ,+100422,-0618,+0640,-0603,2026/10/08,08:31:25,+0158309102,+0782027171,+00014259,13
XQ,+100433,-0619,+0644,-0603,2026/10/08,08:31:26,+0158308930,+0782027109,+00012656,13
XQ,+100435,-0618,+0648,-0603,2026/10/08,08:31:27,+0158308480,+0782027096,+00012260,13
XQ,+100428,-0618,+0650,-0603,2026/10/08,08:31:28,+0158308173,+0782027025,+00011388,13
XQ,+100421,-0620,+0652,-0606,2026/10/08,08:31:29,+0158307777,+0782026948,+00010874,13
XQ,+100421,-0621,+0655,-0604,2026/10/08,08:31:30,+0158307422,+0782026835,+00011438,13
XQ,+100423,-0625,+0657,-0604,2026/10/08,08:31:31,+0158307179,+0782026716,+00012413,13
XQ,+100420,-0627,+0659,-0609,2026/10/08,08:31:32,+0158306763,+0782026636,+00011356,13
XQ,+100427,-0627,+0660,-0612,2026/10/08,08:31:33,+0158306663,+0782026621,+00011544,13
XQ,+100425,-0629,+0661,-0613,2026/10/08,08:31:34,+0158306509,+0782026654,+00011673,12
XQ,+100427,-0630,+0663,-0614,2026/10/08,08:31:35,+0158305994,+0782026712,+00011561,13
XQ,+100425,-0630,+0664,-0616,2026/10/08,08:31:36,+0158305684,+0782026719,+00011941,13
XQ,+100424,-0630,+0664,-0617,2026/10/08,08:31:37,+0158305591,+0782026729,+00013266,13
XQ,+100428,-0630,+0665,-0617,2026/10/08,08:31:38,+0158305618,+0782026713,+00013165,13
XQ,+100428,-0629,+0666,-0619,2026/10/08,08:31:39,+0158305595,+0782026722,+00013639,13
XQ,+100429,-0630,+0666,-0620,2026/10/08,08:31:40,+0158305538,+0782026750,+00013407,13
XQ,+100425,-0630,+0668,-0620,2026/10/08,08:31:41,+0158305462,+0782026772,+00013674,13
XQ,+100427,-0630,+0670,-0621,2026/10/08,08:31:42,+0158305413,+0782026789,+00013544,13
XQ,+100424,-0628,+0671,-0620,2026/10/08,08:31:43,+0158305362,+0782026800,+00013446,13
XQ,+100422,-0626,+0671,-0620,2026/10/08,08:31:44,+0158305332,+0782026790,+00012752,13
XQ,+100421,-0624,+0670,-0621,2026/10/08,08:31:45,+0158305333,+0782026777,+00012788,13
XQ,+100417,-0626,+0672,-0621,2026/10/08,08:31:46,+0158305412,+0782026775,+00013264,13
XQ,+100418,-0631,+0673,-0624,2026/10/08,08:31:47,+0158305599,+0782026722,+00013221,13
XQ,+100419,-0632,+0675,-0624,2026/10/08,08:31:48,+0158305923,+0782026656,+00013236,13
XQ,+100414,-0633,+0676,-0624,2026/10/08,08:31:49,+0158306298,+0782026597,+00013174,13
XQ,+100418,-0633,+0677,-0626,2026/10/08,08:31:50,+0158306683,+0782026536,+00012492,13
XQ,+100410,-0633,+0678,-0623,2026/10/08,08:31:51,+0158307083,+0782026499,+00012092,13
XQ,+100415,-0633,+0679,-0624,2026/10/08,08:31:52,+0158307536,+0782026461,+00011837,13
XQ,+100420,-0633,+0679,-0627,2026/10/08,08:31:53,+0158308003,+0782026461,+00011782,13
XQ,+100424,-0632,+0679,-0627,2026/10/08,08:31:54,+0158308458,+0782026493,+00011550,13
XQ,+100425,-0630,+0681,-0627,2026/10/08,08:31:55,+0158308776,+0782026558,+00011424,13
XQ,+100430,-0624,+0681,-0626,2026/10/08,08:31:56,+0158308933,+0782026632,+00011691,13
XQ,+100434,-0619,+0678,-0623,2026/10/08,08:31:57,+0158308893,+0782026718,+00011764,13
XQ,+100430,-0621,+0678,-0624,2026/10/08,08:31:58,+0158308671,+0782026793,+00011861,13
XQ,+100417,-0620,+0676,-0623,2026/10/08,08:31:59,+0158308579,+0782026839,+00012841,13
XQ,+100406,-0617,+0677,-0621,2026/10/08,08:32:00,+0158308646,+0782026868,+00013679,13
XQ,+100400,-0617,+0676,-0620,2026/10/08,08:32:01,+0158308640,+0782026886,+00013136,13
XQ,+100399,-0619,+0675,-0620,2026/10/08,08:32:02,+0158308854,+0782026884,+00013981,13
XQ,+100390,-0618,+0676,-0620,2026/10/08,08:32:03,+0158308804,+0782026906,+00015134,13
XQ,+100380,-0619,+0677,-0620,2026/10/08,08:32:04,+0158308748,+0782026877,+00016513,13
XQ,+100365,-0620,+0678,-0620,2026/10/08,08:32:05,+0158308719,+0782026885,+00017536,13
XQ,+100348,-0620,+0679,-0619,2026/10/08,08:32:06,+0158308681,+0782026857,+00019326,13
XQ,+100333,-0613,+0672,-0619,2026/10/08,08:32:07,+0158308636,+0782026821,+00021371,13
XQ,+100315,-0612,+0671,-0619,2026/10/08,08:32:08,+0158308614,+0782026811,+00022676,13
XQ,+100295,-0616,+0671,-0617,2026/10/08,08:32:09,+0158308569,+0782026804,+00024150,13
XQ,+100286,-0615,+0668,-0619,2026/10/08,08:32:10,+0158308487,+0782026802,+00025153,13
XQ,+100277,-0604,+0664,-0616,2026/10/08,08:32:11,+0158308343,+0782026772,+00026638,13
XQ,+100259,-0594,+0660,-0613,2026/10/08,08:32:12,+0158308319,+0782026722,+00027989,13
XQ,+100246,-0583,+0657,-0610,2026/10/08,08:32:13,+0158308440,+0782026674,+00028100,12
XQ,+100232,-0573,+0654,-0606,2026/10/08,08:32:14,+0158308512,+0782026661,+00028530,13
XQ,+100215,-0564,+0652,-0599,2026/10/08,08:32:15,+0158308526,+0782026664,+00029633,13
XQ,+100204,-0560,+0650,-0596,2026/10/08,08:32:16,+0158308512,+0782026692,+00029973,13
XQ,+100187,-0556,+0648,-0592,2026/10/08,08:32:17,+0158308405,+0782026718,+00030501,13
XQ,+100172,-0550,+0647,-0588,2026/10/08,08:32:18,+0158308106,+0782026692,+00030602,13
XQ,+100158,-0542,+0646,-0588,2026/10/08,08:32:19,+0158307978,+0782026677,+00031361,13
XQ,+100139,-0533,+0645,-0580,2026/10/08,08:32:20,+0158307995,+0782026649,+00033127,13
XQ,+100130,-0516,+0645,-0574,2026/10/08,08:32:21,+0158308003,+0782026619,+00033828,13
XQ,+100134,-0505,+0643,-0561,2026/10/08,08:32:22,+0158307991,+0782026596,+00033254,13
XQ,+100146,-0498,+0640,-0553,2026/10/08,08:32:23,+0158307933,+0782026596,+00032008,13
XQ,+100168,-0503,+0638,-0546,2026/10/08,08:32:24,+0158307965,+0782026603,+00030417,12
XQ,+100167,-0524,+0635,-0546,2026/10/08,08:32:25,+0158308003,+0782026598,+00029839,13
XQ,+100192,-0545,+0631,-0549,2026/10/08,08:32:26,+0158307998,+0782026588,+00029592,13
XQ,+100208,-0555,+0628,-0551,2026/10/08,08:32:27,+0158308020,+0782026603,+00030225,13
XQ,+100208,-0554,+0626,-0553,2026/10/08,08:32:28,+0158307979,+0782026627,+00030902,13
XQ,+100213,-0555,+0624,-0554,2026/10/08,08:32:29,+0158308105,+0782026645,+00029556,12
XQ,+100264,-0569,+0621,-0556,2026/10/08,08:32:30,+0158308126,+0782026693,+00027077,13
XQ,+100294,-0587,+0619,-0563,2026/10/08,08:32:31,+0158308161,+0782026701,+00023831,13
XQ,+100326,-0591,+0621,-0567,2026/10/08,08:32:32,+0158308185,+0782026651,+00021299,13
XQ,+100373,-0598,+0628,-0570,2026/10/08,08:32:33,+0158308070,+0782026617,+00019443,13
XQ,+100381,-0602,+0634,-0575,2026/10/08,08:32:34,+0158308028,+0782026607,+00018682,13
XQ,+100385,-0608,+0639,-0577,2026/10/08,08:32:35,+0158307912,+0782026618,+00018533,13
XQ,+100385,-0609,+0644,-0582,2026/10/08,08:32:36,+0158307694,+0782026560,+00018728,13
XQ,+100394,-0614,+0650,-0584,2026/10/08,08:32:37,+0158307536,+0782026449,+00016933,13
XQ,+100403,-0616,+0656,-0588,2026/10/08,08:32:38,+0158307210,+0782026462,+00016189,13
XQ,+100409,-0621,+0660,-0592,2026/10/08,08:32:39,+0158306730,+0782026510,+00015775,13
XQ,+100417,-0625,+0663,-0595,2026/10/08,08:32:40,+0158306647,+0782026518,+00014136,13
XQ,+100419,-0626,+0666,-0598,2026/10/08,08:32:41,+0158306594,+0782026525,+00013106,13
XQ,+100432,-0628,+0668,-0601,2026/10/08,08:32:42,+0158306493,+0782026490,+00011577,13
XQ,+100438,-0629,+0672,-0604,2026/10/08,08:32:43,+0158306331,+0782026468,+00011021,13
XQ,+100448,-0631,+0674,-0606,2026/10/08,08:32:44,+0158305872,+0782026504,+00010715,13
XQ,+100444,-0632,+0677,-0609,2026/10/08,08:32:45,+0158305542,+0782026524,+00009476,13
XQ,+100448,-0633,+0679,-0610,2026/10/08,08:32:46,+0158305546,+0782026518,+00009388,13
XQ,+100449,-0634,+0684,-0614,2026/10/08,08:32:47,+0158305599,+0782026507,+00009061,13
XQ,+100458,-0637,+0687,-0616,2026/10/08,08:32:48,+0158305686,+0782026436,+00007243,13
XQ,+100461,-0633,+0691,-0617,2026/10/08,08:32:49,+0158305655,+0782026400,+00005391,13
XQ,+100460,-0632,+0694,-0617,2026/10/08,08:32:50,+0158305641,+0782026410,+00005071,13
XQ,+100464,-0628,+0697,-0614,2026/10/08,08:32:51,+0158305714,+0782026375,+00003965,13
XQ,+100478,-0613,+0701,-0616,2026/10/08,08:32:52,+0158305694,+0782026367,+00003412,13
XQ,+100469,-0586,+0704,-0609,2026/10/08,08:32:53,+0158305635,+0782026375,+00002928,13
XQ,+100476,-0582,+0705,-0604,2026/10/08,08:32:54,+0158305600,+0782026383,+00002301,13
XQ,+100474,-0598,+0706,-0604,2026/10/08,08:32:55,+0158305589,+0782026386,+00002039,13
XQ,+100475,-0610,+0707,-0607,2026/10/08,08:32:56,+0158305569,+0782026394,+00001653,13
XQ,+100477,-0618,+0707,-0609,2026/10/08,08:32:57,+0158305582,+0782026388,+00001837,13
XQ,+100473,-0619,+0707,-0607,2026/10/08,08:32:58,+0158305564,+0782026383,+00001739,13
XQ,+100471,-0621,+0709,-0607,2026/10/08,08:32:59,+0158305558,+0782026381,+00001679,13
XQ,+100473,-0618,+0712,-0607,2026/10/08,08:33:00,+0158305560,+0782026375,+00001904,13
XQ,+100472,-0618,+0713,-0609,2026/10/08,08:33:01,+0158305535,+0782026382,+00001692,13
XQ,+100478,-0621,+0714,-0609,2026/10/08,08:33:02,+0158305547,+0782026381,+00001556,13
XQ,+100475,-0619,+0715,-0610,2026/10/08,08:33:03,+0158305568,+0782026373,+00001404,13
XQ,+100473,-0619,+0716,-0609,2026/10/08,08:33:04,+0158305588,+0782026367,+00001440,13
XQ,+100477,-0623,+0717,-0609,2026/10/08,08:33:05,+0158305596,+0782026372,+00001357,13
XQ,+100474,-0623,+0716,-0610,2026/10/08,08:33:06,+0158305617,+0782026368,+00001354,13
XQ,+100477,-0624,+0717,-0610,2026/10/08,08:33:07,+0158305600,+0782026362,+00001327,13
XQ,+100474,-0625,+0717,-0610,2026/10/08,08:33:08,+0158305573,+0782026361,+00001373,13
XQ,+100476,-0624,+0717,-0612,2026/10/08,08:33:09,+0158305564,+0782026368,+00001274,13
XQ,+100474,-0620,+0718,-0610,2026/10/08,08:33:10,+0158305587,+0782026366,+00001429,13
XQ,+100472,-0622,+0719,-0610,2026/10/08,08:33:11,+0158305599,+0782026364,+00001277,13
XQ,+100473,-0623,+0719,-0613,2026/10/08,08:33:12,+0158305599,+0782026365,+00001038,13
XQ,+100474,-0626,+0719,-0613,2026/10/08,08:33:13,+0158305596,+0782026367,+00000953,13
XQ,+100469,-0626,+0719,-0613,2026/10/08,08:33:14,+0158305610,+0782026363,+00001161,13
XQ,+100473,-0629,+0718,-0614,2026/10/08,08:33:15,+0158305583,+0782026363,+00001075,13
XQ,+100473,-0630,+0717,-0614,2026/10/08,08:33:16,+0158305545,+0782026370,+00001134,13
XQ,+100474,-0629,+0717,-0616,2026/10/08,08:33:17,+0158305514,+0782026382,+00001116,13
XQ,+100477,-0628,+0718,-0617,2026/10/08,08:33:18,+0158305512,+0782026387,+00001201,13
XQ,+100476,-0627,+0718,-0613,2026/10/08,08:33:19,+0158305514,+0782026390,+00001041,14
XQ,+100470,-0628,+0718,-0616,2026/10/08,08:33:20,+0158305538,+0782026369,+00001555,14
XQ,+100475,-0628,+0719,-0614,2026/10/08,08:33:21,+0158305531,+0782026371,+00001442,14
XQ,+100476,-0630,+0718,-0617,2026/10/08,08:33:22,+0158305517,+0782026374,+00001463,14
XQ,+100469,-0631,+0718,-0616,2026/10/08,08:33:23,+0158305483,+0782026376,+00001473,14
XQ,+100473,-0627,+0720,-0619,2026/10/08,08:33:24,+0158305470,+0782026378,+00001562,14
XQ,+100473,-0626,+0720,-0617,2026/10/08,08:33:25,+0158305475,+0782026379,+00001483,15
XQ,+100471,-0624,+0721,-0617,2026/10/08,08:33:26,+0158305465,+0782026375,+00001584,15
XQ,+100476,-0626,+0723,-0619,2026/10/08,08:33:27,+0158305456,+0782026370,+00001591,15
XQ,+100471,-0625,+0724,-0616,2026/10/08,08:33:28,+0158305449,+0782026368,+00001625,15
XQ,+100471,-0626,+0725,-0619,2026/10/08,08:33:29,+0158305453,+0782026364,+00001662,15
XQ,+100475,-0627,+0725,-0617,2026/10/08,08:33:30,+0158305471,+0782026350,+00001970,15
XQ,+100474,-0627,+0726,-0617,2026/10/08,08:33:31,+0158305470,+0782026344,+00002042,15
XQ,+100474,-0628,+0726,-0617,2026/10/08,08:33:32,+0158305457,+0782026342,+00002009,15
XQ,+100474,-0628,+0726,-0619,2026/10/08,08:33:33,+0158305461,+0782026342,+00001925,15
XQ,+100473,-0626,+0727,-0619,2026/10/08,08:33:34,+0158305460,+0782026342,+00001783,15
XQ,+100473,-0626,+0727,-0617,2026/10/08,08:33:35,+0158305460,+0782026339,+00001785,15
XQ,+100469,-0624,+0728,-0616,2026/10/08,08:33:36,+0158305452,+0782026332,+00001855,15
XQ,+100467,-0625,+0728,-0617,2026/10/08,08:33:37,+0158305449,+0782026326,+00001857,15
XQ,+100471,-0625,+0728,-0617,2026/10/08,08:33:38,+0158305437,+0782026320,+00001839,15
XQ,+100469,-0622,+0727,-0619,2026/10/08,08:33:39,+0158305424,+0782026319,+00001692,15
XQ,+100471,-0621,+0725,-0617,2026/10/08,08:33:40,+0158305442,+0782026308,+00002072,15
XQ,+100470,-0619,+0725,-0617,2026/10/08,08:33:41,+0158305450,+0782026304,+00002243,15
XQ,+100473,-0617,+0726,-0617,2026/10/08,08:33:42,+0158305465,+0782026302,+00002151,15
XQ,+100471,-0616,+0726,-0616,2026/10/08,08:33:43,+0158305482,+0782026301,+00002101,15
XQ,+100476,-0619,+0725,-0617,2026/10/08,08:33:44,+0158305477,+0782026305,+00002002,15
XQ,+100476,-0619,+0725,-0617,2026/10/08,08:33:45,+0158305482,+0782026304,+00001949,15
XQ,+100471,-0622,+0725,-0617,2026/10/08,08:33:46,+0158305481,+0782026309,+00001813,15
XQ,+100472,-0623,+0724,-0619,2026/10/08,08:33:47,+0158305469,+0782026315,+00001802,15
XQ,+100470,-0624,+0724,-0617,2026/10/08,08:33:48,+0158305458,+0782026314,+00002001,15
XQ,+100469,-0625,+0724,-0619,2026/10/08,08:33:49,+0158305446,+0782026315,+00001878,15
XQ,+100474,-0625,+0725,-0619,2026/10/08,08:33:50,+0158305472,+0782026301,+00002278,15
XQ,+100470,-0624,+0724,-0620,2026/10/08,08:33:51,+0158305471,+0782026298,+00002177,15
XQ,+100472,-0625,+0723,-0619,2026/10/08,08:33:52,+0158305485,+0782026296,+00002046,15
XQ,+100476,-0623,+0724,-0620,2026/10/08,08:33:53,+0158305498,+0782026296,+00001906,15
XQ,+100473,-0623,+0723,-0619,2026/10/08,08:33:54,+0158305522,+0782026288,+00001929,15
XQ,+100473,-0622,+0723,-0619,2026/10/08,08:33:55,+0158305531,+0782026285,+00001863,15
XQ,+100468,-0619,+0725,-0617,2026/10/08,08:33:56,+0158305546,+0782026280,+00001988,15
XQ,+100466,-0618,+0726,-0616,2026/10/08,08:33:57,+0158305548,+0782026287,+00001889,15
XQ,+100471,-0620,+0726,-0617,2026/10/08,08:33:58,+0158305511,+0782026295,+00001929,15
XQ,+100466,-0618,+0727,-0617,2026/10/08,08:33:59,+0158305488,+0782026299,+00001822,15
XQ,+100473,-0617,+0728,-0616,2026/10/08,08:34:00,+0158305516,+0782026291,+00002122,15
XQ,+100470,-0618,+0727,-0616,2026/10/08,08:34:01,+0158305531,+0782026291,+00002040,15
XQ,+100467,-0621,+0727,-0617,2026/10/08,08:34:02,+0158305522,+0782026291,+00001889,15
XQ,+100469,-0620,+0727,-0617,2026/10/08,08:34:03,+0158305501,+0782026289,+00001912,15
XQ,+100469,-0621,+0727,-0617,2026/10/08,08:34:04,+0158305503,+0782026286,+00001890,15
XQ,+100468,-0618,+0727,-0619,2026/10/08,08:34:05,+0158305509,+0782026285,+00001870,15
XQ,+100467,-0621,+0727,-0617,2026/10/08,08:34:06,+0158305507,+0782026288,+00001778,15
XQ,+100469,-0618,+0728,-0617,2026/10/08,08:34:07,+0158305502,+0782026293,+00001767,15
XQ,+100470,-0620,+0728,-0617,2026/10/08,08:34:08,+0158305503,+0782026294,+00001846,15
XQ,+100474,-0621,+0729,-0617,2026/10/08,08:34:09,+0158305488,+0782026297,+00001683,15
XQ,+100469,-0621,+0728,-0614,2026/10/08,08:34:10,+0158305519,+0782026285,+00002158,15
XQ,+100469,-0621,+0729,-0617,2026/10/08,08:34:11,+0158305518,+0782026288,+00002142,15
XQ,+100469,-0625,+0729,-0617,2026/10/08,08:34:12,+0158305528,+0782026295,+00001917,15
XQ,+100468,-0626,+0729,-0619,2026/10/08,08:34:13,+0158305517,+0782026290,+00001864,15
XQ,+100471,-0626,+0729,-0619,2026/10/08,08:34:14,+0158305509,+0782026282,+00001981,15
XQ,+100469,-0626,+0729,-0616,2026/10/08,08:34:15,+0158305497,+0782026275,+00001898,15
XQ,+100467,-0624,+0730,-0616,2026/10/08,08:34:16,+0158305471,+0782026269,+00001940,15
XQ,+100468,-0622,+0731,-0616,2026/10/08,08:34:17,+0158305467,+0782026260,+00002102,15
XQ,+100467,-0623,+0731,-0617,2026/10/08,08:34:18,+0158305474,+0782026256,+00002194,15
XQ,+100467,-0620,+0731,-0617,2026/10/08,08:34:19,+0158305470,+0782026251,+00002199,15
XQ,+100472,-0623,+0731,-0614,2026/10/08,08:34:20,+0158305502,+0782026238,+00002547,15
XQ,+100469,-0621,+0731,-0617,2026/10/08,08:34:21,+0158305509,+0782026237,+00002488,15
XQ,+100468,-0620,+0731,-0617,2026/10/08,08:34:22,+0158305485,+0782026242,+00002286,15
XQ,+100469,-0621,+0730,-0616,2026/10/08,08:34:23,+0158305482,+0782026244,+00002112,14
XQ,+100471,-0620,+0730,-0616,2026/10/08,08:34:24,+0158305459,+0782026249,+00001876,15
XQ,+100474,-0620,+0730,-0614,2026/10/08,08:34:25,+0158305439,+0782026253,+00001882,15
XQ,+100470,-0618,+0731,-0616,2026/10/08,08:34:26,+0158305434,+0782026258,+00001944,14
XQ,+100470,-0615,+0733,-0616,2026/10/08,08:34:27,+0158305430,+0782026257,+00001977,15
XQ,+100473,-0614,+0734,-0613,2026/10/08,08:34:28,+0158305452,+0782026254,+00002044,15
XQ,+100468,-0614,+0735,-0614,2026/10/08,08:34:29,+0158305459,+0782026259,+00002048,15
XQ,+100469,-0613,+0736,-0614,2026/10/08,08:34:30,+0158305470,+0782026257,+00002354,15
XQ,+100466,-0611,+0737,-0614,2026/10/08,08:34:31,+0158305455,+0782026257,+00002271,15
XQ,+100471,-0611,+0738,-0613,2026/10/08,08:34:32,+0158305445,+0782026254,+00002125,15
XQ,+100470,-0609,+0738,-0613,2026/10/08,08:34:33,+0158305444,+0782026256,+00002075,15
XQ,+100467,-0610,+0739,-0613,2026/10/08,08:34:34,+0158305424,+0782026264,+00001993,15
XQ,+100467,-0609,+0740,-0612,2026/10/08,08:34:35,+0158305428,+0782026264,+00002066,15
XQ,+100472,-0610,+0740,-0610,2026/10/08,08:34:36,+0158305444,+0782026256,+00001986,15
XQ,+100465,-0610,+0740,-0610,2026/10/08,08:34:37,+0158305438,+0782026258,+00002174,15
XQ,+100472,-0611,+0738,-0610,2026/10/08,08:34:38,+0158305407,+0782026256,+00002095,14
XQ,+100467,-0610,+0738,-0612,2026/10/08,08:34:39,+0158305375,+0782026256,+00001872,15
XQ,+100469,-0610,+0737,-0610,2026/10/08,08:34:40,+0158305318,+0782026261,+00001999,15
XQ,+100472,-0607,+0737,-0610,2026/10/08,08:34:41,+0158305252,+0782026267,+00002129,15
XQ,+100467,-0606,+0738,-0610,2026/10/08,08:34:42,+0158305207,+0782026278,+00001918,15
XQ,+100470,-0605,+0738,-0609,2026/10/08,08:34:43,+0158305193,+0782026286,+00001846,15
XQ,+100467,-0608,+0738,-0609,2026/10/08,08:34:44,+0158305161,+0782026292,+00001662,15
XQ,+100468,-0605,+0738,-0606,2026/10/08,08:34:45,+0158305187,+0782026289,+00001558,15
XQ,+100465,-0605,+0739,-0601,2026/10/08,08:34:46,+0158305215,+0782026286,+00001374,15
XQ,+100473,-0605,+0738,-0598,2026/10/08,08:34:47,+0158305192,+0782026295,+00000829,15
XQ,+100469,-0604,+0738,-0594,2026/10/08,08:34:48,+0158305215,+0782026301,+00000412,15
XQ,+100468,-0606,+0738,-0594,2026/10/08,08:34:49,+0158305205,+0782026305,+00000179,15
XQ,+100471,-0604,+0738,-0592,2026/10/08,08:34:50,+0158305294,+0782026292,+00000448,15
XQ,+100471,-0603,+0739,-0595,2026/10/08,08:34:51,+0158305358,+0782026287,+00000445,15
XQ,+100470,-0604,+0739,-0594,2026/10/08,08:34:52,+0158305373,+0782026291,+00000234,16
XQ,+100468,-0605,+0739,-0594,2026/10/08,08:34:53,+0158305405,+0782026297,-00000034,16
XQ,+100466,-0602,+0740,-0594,2026/10/08,08:34:54,+0158305440,+0782026301,-00000125,16
XQ,+100468,-0603,+0741,-0595,2026/10/08,08:34:55,+0158305491,+0782026296,+00000005,16
XQ,+100468,-0600,+0741,-0594,2026/10/08,08:34:56,+0158305513,+0782026289,+00000150,16
XQ,+100468,-0601,+0741,-0592,2026/10/08,08:34:57,+0158305544,+0782026289,+00000162,16
XQ,+100467,-0589,+0742,-0591,2026/10/08,08:34:58,+0158305529,+0782026292,-00000123,16
XQ,+100468,-0579,+0742,-0591,2026/10/08,08:34:59,+0158305507,+0782026289,-00000207,16
XQ,+100467,-0569,+0742,-0585,2026/10/08,08:35:00,+0158305562,+0782026288,+00000096,16
XQ,+100464,-0553,+0742,-0582,2026/10/08,08:35:01,+0158305560,+0782026295,-00000097,16
XQ,+100460,-0561,+0740,-0580,2026/10/08,08:35:02,+0158305575,+0782026294,-00000191,16
XQ,+100457,-0577,+0737,-0581,2026/10/08,08:35:03,+0158305531,+0782026290,+00000157,16
XQ,+100443,-0593,+0734,-0582,2026/10/08,08:35:04,+0158305507,+0782026286,+00001288,16
XQ,+100427,-0599,+0731,-0587,2026/10/08,08:35:05,+0158305554,+0782026280,+00002198,16
XQ,+100417,-0608,+0725,-0591,2026/10/08,08:35:06,+0158305597,+0782026304,+00002994,16
XQ,+100407,-0605,+0721,-0594,2026/10/08,08:35:07,+0158305599,+0782026366,+00003206,16
XQ,+100407,-0608,+0718,-0596,2026/10/08,08:35:08,+0158305686,+0782026405,+00002682,16
XQ,+100404,-0612,+0714,-0598,2026/10/08,08:35:09,+0158306014,+0782026356,+00001880,16
XQ,+100402,-0610,+0712,-0599,2026/10/08,08:35:10,+0158306558,+0782026321,+00002689,16
XQ,+100399,-0605,+0712,-0598,2026/10/08,08:35:11,+0158307223,+0782026251,+00002419,16
XQ,+100403,-0605,+0713,-0599,2026/10/08,08:35:12,+0158307453,+0782026249,+00002687,16
XQ,+100405,-0603,+0713,-0601,2026/10/08,08:35:13,+0158307416,+0782026250,+00003021,16
XQ,+100396,-0608,+0711,-0603,2026/10/08,08:35:14,+0158307413,+0782026245,+00003392,16
XQ,+100397,-0601,+0712,-0601,2026/10/08,08:35:15,+0158307385,+0782026222,+00003974,16
XQ,+100379,-0600,+0713,-0599,2026/10/08,08:35:16,+0158307372,+0782026202,+00004013,16
XQ,+100382,-0592,+0715,-0595,2026/10/08,08:35:17,+0158307363,+0782026182,+00004500,16
XQ,+100377,-0592,+0716,-0595,2026/10/08,08:35:18,+0158307482,+0782026164,+00004967,16
XQ,+100369,-0592,+0717,-0594,2026/10/08,08:35:19,+0158307880,+0782026167,+00004829,16
XQ,+100374,-0598,+0714,-0596,2026/10/08,08:35:20,+0158308478,+0782026162,+00005392,16
XQ,+100378,-0605,+0712,-0596,2026/10/08,08:35:21,+0158309039,+0782026117,+00005104,16
XQ,+100371,-0607,+0709,-0601,2026/10/08,08:35:22,+0158309573,+0782026045,+00005014,16
XQ,+100375,-0608,+0707,-0601,2026/10/08,08:35:23,+0158309938,+0782026030,+00004564,16
XQ,+100371,-0611,+0704,-0604,2026/10/08,08:35:24,+0158310244,+0782026079,+00004953,16
XQ,+100372,-0614,+0703,-0606,2026/10/08,08:35:25,+0158310431,+0782026127,+00005448,16
XQ,+100357,-0614,+0702,-0607,2026/10/08,08:35:26,+0158310643,+0782026163,+00006777,16
XQ,+100351,-0615,+0700,-0607,2026/10/08,08:35:27,+0158310784,+0782026172,+00007246,16
XQ,+100348,-0615,+0698,-0609,2026/10/08,08:35:28,+0158310866,+0782026153,+00007316,15
XQ,+100348,-0614,+0697,-0609,2026/10/08,08:35:29,+0158310875,+0782026119,+00007740,16
XQ,+100353,-0614,+0696,-0609,2026/10/08,08:35:30,+0158310823,+0782026069,+00009001,16
XQ,+100348,-0615,+0696,-0610,2026/10/08,08:35:31,+0158310742,+0782026059,+00010240,16
XQ,+100352,-0617,+0696,-0612,2026/10/08,08:35:32,+0158310496,+0782026050,+00010578,16
XQ,+100350,-0617,+0694,-0613,2026/10/08,08:35:33,+0158310272,+0782026033,+00010467,15
XQ,+100357,-0617,+0693,-0613,2026/10/08,08:35:34,+0158309541,+0782026051,+00010856,16
XQ,+100352,-0617,+0691,-0613,2026/10/08,08:35:35,+0158308863,+0782026053,+00011320,16
XQ,+100349,-0615,+0689,-0613,2026/10/08,08:35:36,+0158309440,+0782026044,+00011326,16
XQ,+100347,-0617,+0688,-0613,2026/10/08,08:35:37,+0158310771,+0782026074,+00011788,16
XQ,+100340,-0619,+0687,-0616,2026/10/08,08:35:38,+0158311503,+0782026093,+00012015,16
XQ,+100346,-0614,+0687,-0613,2026/10/08,08:35:39,+0158311443,+0782026075,+00011133,16
XQ,+100345,-0615,+0687,-0616,2026/10/08,08:35:40,+0158311438,+0782026060,+00011283,16
XQ,+100346,-0615,+0690,-0614,2026/10/08,08:35:41,+0158311434,+0782026042,+00011236,15
XQ,+100358,-0616,+0688,-0616,2026/10/08,08:35:42,+0158311623,+0782026010,+00011147,16
XQ,+100360,-0615,+0691,-0613,2026/10/08,08:35:43,+0158311770,+0782026008,+00011291,16
XQ,+100357,-0608,+0693,-0613,2026/10/08,08:35:44,+0158311891,+0782026030,+00010895,16
XQ,+100351,-0610,+0694,-0612,2026/10/08,08:35:45,+0158312004,+0782026037,+00011033,16
XQ,+100343,-0613,+0694,-0612,2026/10/08,08:35:46,+0158311950,+0782026034,+00011487,16
XQ,+100343,-0611,+0695,-0609,2026/10/08,08:35:47,+0158311965,+0782026039,+00012098,16
XQ,+100343,-0613,+0693,-0613,2026/10/08,08:35:48,+0158311903,+0782026045,+00011901,16
XQ,+100338,-0611,+0695,-0612,2026/10/08,08:35:49,+0158311832,+0782026056,+00011960,16
XQ,+100338,-0610,+0694,-0612,2026/10/08,08:35:50,+0158311808,+0782026051,+00012295,16
XQ,+100340,-0608,+0694,-0610,2026/10/08,08:35:51,+0158311741,+0782026030,+00012117,16
XQ,+100340,-0608,+0694,-0610,2026/10/08,08:35:52,+0158311721,+0782025978,+00011339,16
XQ,+100330,-0611,+0695,-0612,2026/10/08,08:35:53,+0158311691,+0782025983,+00012324,16
XQ,+100319,-0612,+0694,-0610,2026/10/08,08:35:54,+0158311727,+0782025979,+00013315,16
XQ,+100318,-0611,+0694,-0610,2026/10/08,08:35:55,+0158311765,+0782025978,+00013417,16
XQ,+100322,-0612,+0695,-0610,2026/10/08,08:35:56,+0158311766,+0782025988,+00013681,15
XQ,+100311,-0615,+0695,-0613,2026/10/08,08:35:57,+0158311711,+0782026030,+00014443,16
XQ,+100310,-0614,+0696,-0610,2026/10/08,08:35:58,+0158311631,+0782026102,+00015470,16
XQ,+100309,-0613,+0692,-0610,2026/10/08,08:35:59,+0158311593,+0782026133,+00015396,14
XQ,+100311,-0611,+0689,-0609,2026/10/08,08:36:00,+0158311550,+0782026183,+00016235,16
XQ,+100308,-0611,+0688,-0612,2026/10/08,08:36:01,+0158311542,+0782026203,+00016452,16
XQ,+100312,-0611,+0687,-0609,2026/10/08,08:36:02,+0158311541,+0782026210,+00016186,14
XQ,+100308,-0608,+0687,-0612,2026/10/08,08:36:03,+0158311472,+0782026246,+00016401,15
XQ,+100314,-0606,+0685,-0610,2026/10/08,08:36:04,+0158311376,+0782026284,+00016849,15
XQ,+100308,-0609,+0683,-0610,2026/10/08,08:36:05,+0158311346,+0782026286,+00017511,16
XQ,+100312,-0609,+0685,-0609,2026/10/08,08:36:06,+0158311345,+0782026311,+00018392,16
XQ,+100311,-0612,+0685,-0610,2026/10/08,08:36:07,+0158311323,+0782026328,+00018841,16
XQ,+100303,-0604,+0690,-0607,2026/10/08,08:36:08,+0158311311,+0782026339,+00019053,16
XQ,+100305,-0609,+0691,-0606,2026/10/08,08:36:09,+0158311267,+0782026347,+00019234,16
XQ,+100311,-0612,+0686,-0609,2026/10/08,08:36:10,+0158311295,+0782026346,+00019566,15
XQ,+100311,-0611,+0684,-0609,2026/10/08,08:36:11,+0158311321,+0782026325,+00019416,16
XQ,+100310,-0610,+0683,-0609,2026/10/08,08:36:12,+0158311308,+0782026325,+00019293,16
XQ,+100303,-0609,+0682,-0609,2026/10/08,08:36:13,+0158311329,+0782026324,+00019450,16
XQ,+100283,-0610,+0683,-0609,2026/10/08,08:36:14,+0158311274,+0782026315,+00019934,16
XQ,+100263,-0609,+0685,-0609,2026/10/08,08:36:15,+0158311277,+0782026314,+00020621,15
XQ,+100260,-0609,+0689,-0609,2026/10/08,08:36:16,+0158311870,+0782026286,+00019829,16
XQ,+100263,-0605,+0693,-0606,2026/10/08,08:36:17,+0158313849,+0782026185,+00019553,15
XQ,+100254,-0607,+0694,-0606,2026/10/08,08:36:18,+0158316128,+0782026061,+00019631,15
XQ,+100251,-0606,+0686,-0607,2026/10/08,08:36:19,+0158317178,+0782025918,+00018329,16
XQ,+100255,-0606,+0682,-0607,2026/10/08,08:36:20,+0158316987,+0782025726,+00017607,16
XQ,+100257,-0610,+0681,-0607,2026/10/08,08:36:21,+0158316540,+0782025434,+00018016,16
XQ,+100255,-0613,+0681,-0609,2026/10/08,08:36:22,+0158316195,+0782025199,+00017469,16
XQ,+100259,-0614,+0680,-0610,2026/10/08,08:36:23,+0158316037,+0782025129,+00017424,16
XQ,+100261,-0615,+0682,-0610,2026/10/08,08:36:24,+0158315853,+0782025048,+00016743,16
XQ,+100259,-0617,+0683,-0610,2026/10/08,08:36:25,+0158315615,+0782024902,+00016290,16
XQ,+100257,-0613,+0681,-0612,2026/10/08,08:36:26,+0158315380,+0782024719,+00015788,16
XQ,+100254,-0607,+0677,-0609,2026/10/08,08:36:27,+0158315217,+0782024619,+00015293,16
XQ,+100262,-0603,+0672,-0609,2026/10/08,08:36:28,+0158315119,+0782024609,+00014714,16
XQ,+100261,-0598,+0669,-0607,2026/10/08,08:36:29,+0158315150,+0782024605,+00014460,16
XQ,+100270,-0594,+0665,-0606,2026/10/08,08:36:30,+0158315227,+0782024597,+00014760,16
XQ,+100265,-0598,+0666,-0606,2026/10/08,08:36:31,+0158315197,+0782024610,+00014904,16
XQ,+100265,-0603,+0667,-0606,2026/10/08,08:36:32,+0158315696,+0782024714,+00014577,16
XQ,+100261,-0607,+0670,-0607,2026/10/08,08:36:33,+0158317339,+0782024958,+00013924,16
XQ,+100256,-0611,+0670,-0607,2026/10/08,08:36:34,+0158319818,+0782025306,+00013774,16
XQ,+100248,-0614,+0671,-0607,2026/10/08,08:36:35,+0158322550,+0782025792,+00014785,15
XQ,+100221,-0617,+0670,-0609,2026/10/08,08:36:36,+0158324933,+0782026430,+00017025,15
XQ,+100204,-0609,+0665,-0609,2026/10/08,08:36:37,+0158326930,+0782027134,+00020162,16
XQ,+100185,-0592,+0660,-0606,2026/10/08,08:36:38,+0158328411,+0782027778,+00021956,16
XQ,+100184,-0587,+0654,-0603,2026/10/08,08:36:39,+0158329497,+0782028127,+00023739,16
XQ,+100190,-0587,+0650,-0603,2026/10/08,08:36:40,+0158329748,+0782028169,+00024320,16
XQ,+100176,-0581,+0647,-0598,2026/10/08,08:36:41,+0158329932,+0782028139,+00025106,16
XQ,+100186,-0571,+0644,-0594,2026/10/08,08:36:42,+0158330069,+0782028145,+00025232,16
XQ,+100180,-0570,+0641,-0592,2026/10/08,08:36:43,+0158330101,+0782028148,+00024536,16
XQ,+100195,-0571,+0639,-0591,2026/10/08,08:36:44,+0158329864,+0782028180,+00025422,16
XQ,+100198,-0576,+0637,-0589,2026/10/08,08:36:45,+0158329261,+0782028321,+00025702,16
XQ,+100193,-0580,+0635,-0592,2026/10/08,08:36:46,+0158327719,+0782028569,+00026494,15
XQ,+100190,-0583,+0633,-0589,2026/10/08,08:36:47,+0158325739,+0782028916,+00027274,15
XQ,+100192,-0584,+0631,-0588,2026/10/08,08:36:48,+0158323463,+0782029312,+00027289,16
XQ,+100186,-0585,+0630,-0588,2026/10/08,08:36:49,+0158321005,+0782029724,+00027056,15
XQ,+100185,-0585,+0629,-0588,2026/10/08,08:36:50,+0158318244,+0782030112,+00026601,16
XQ,+100183,-0585,+0628,-0589,2026/10/08,08:36:51,+0158315330,+0782030453,+00026696,15
XQ,+100184,-0585,+0627,-0587,2026/10/08,08:36:52,+0158312272,+0782030695,+00026038,16
XQ,+100183,-0586,+0626,-0588,2026/10/08,08:36:53,+0158309140,+0782030796,+00024647,16
XQ,+100179,-0586,+0626,-0585,2026/10/08,08:36:54,+0158306012,+0782030758,+00023906,15
XQ,+100165,-0586,+0624,-0587,2026/10/08,08:36:55,+0158303223,+0782030678,+00024531,16
XQ,+100186,-0586,+0623,-0585,2026/10/08,08:36:56,+0158301614,+0782030603,+00025209,15
XQ,+100186,-0587,+0622,-0587,2026/10/08,08:36:57,+0158301187,+0782030604,+00026016,16
XQ,+100191,-0586,+0622,-0585,2026/10/08,08:36:58,+0158300479,+0782030617,+00021625,16
XQ,+100184,-0584,+0621,-0585,2026/10/08,08:36:59,+0158299218,+0782030376,+00021066,16
XQ,+100178,-0582,+0622,-0585,2026/10/08,08:37:00,+0158297040,+0782030039,+00020760,16
XQ,+100181,-0583,+0621,-0585,2026/10/08,08:37:01,+0158294147,+0782029759,+00020509,16
XQ,+100187,-0582,+0620,-0585,2026/10/08,08:37:02,+0158291797,+0782029676,+00020031,16
XQ,+100193,-0584,+0620,-0585,2026/10/08,08:37:03,+0158290904,+0782029688,+00019854,16
XQ,+100184,-0588,+0620,-0585,2026/10/08,08:37:04,+0158291007,+0782029701,+00021261,16
XQ,+100154,-0590,+0620,-0587,2026/10/08,08:37:05,+0158291309,+0782029683,+00024677,15
XQ,+100108,-0585,+0620,-0585,2026/10/08,08:37:06,+0158291428,+0782029689,+00027538,14
XQ,+100080,-0580,+0622,-0584,2026/10/08,08:37:07,+0158291551,+0782029701,+00031887,14
XQ,+100044,-0577,+0623,-0582,2026/10/08,08:37:08,+0158291729,+0782029702,+00035031,15
XQ,+100022,-0573,+0624,-0582,2026/10/08,08:37:09,+0158291733,+0782029661,+00038098,16
XQ,+099993,-0551,+0626,-0578,2026/10/08,08:37:10,+0158291664,+0782029660,+00041134,15
XQ,+099982,-0529,+0628,-0574,2026/10/08,08:37:11,+0158291720,+0782029628,+00043600,15
XQ,+099948,-0516,+0629,-0566,2026/10/08,08:37:12,+0158291797,+0782029616,+00045965,13
XQ,+099910,-0505,+0629,-0561,2026/10/08,08:37:13,+0158291890,+0782029637,+00049942,13
XQ,+099871,-0501,+0628,-0554,2026/10/08,08:37:14,+0158291899,+0782029676,+00053731,14
XQ,+099827,-0500,+0628,-0551,2026/10/08,08:37:15,+0158291960,+0782029676,+00058736,14
XQ,+099775,-0499,+0626,-0543,2026/10/08,08:37:16,+0158292006,+0782029683,+00062229,15
XQ,+099724,-0498,+0623,-0542,2026/10/08,08:37:17,+0158292307,+0782029641,+00066528,16
XQ,+099689,-0497,+0621,-0535,2026/10/08,08:37:18,+0158292532,+0782029574,+00071194,14
XQ,+099659,-0497,+0618,-0534,2026/10/08,08:37:19,+0158292663,+0782029601,+00075433,13
XQ,+099601,-0493,+0613,-0530,2026/10/08,08:37:20,+0158292743,+0782029686,+00080016,15
XQ,+099555,-0491,+0609,-0527,2026/10/08,08:37:21,+0158292692,+0782029720,+00084696,13
XQ,+099521,-0490,+0605,-0524,2026/10/08,08:37:22,+0158293070,+0782029651,+00088644,16
XQ,+099504,-0489,+0601,-0520,2026/10/08,08:37:23,+0158293474,+0782029560,+00089654,15
XQ,+099506,-0488,+0597,-0518,2026/10/08,08:37:24,+0158293145,+0782029622,+00088539,13
XQ,+099495,-0489,+0595,-0517,2026/10/08,08:37:25,+0158293297,+0782029832,+00088513,14
XQ,+099496,-0489,+0593,-0514,2026/10/08,08:37:26,+0158293162,+0782030183,+00087572,14
XQ,+099491,-0490,+0590,-0511,2026/10/08,08:37:27,+0158292996,+0782030541,+00086368,15
XQ,+099491,-0489,+0588,-0507,2026/10/08,08:37:28,+0158293178,+0782030811,+00085836,16
XQ,+099493,-0490,+0587,-0507,2026/10/08,08:37:29,+0158293935,+0782031017,+00085189,14
XQ,+099494,-0488,+0585,-0506,2026/10/08,08:37:30,+0158295205,+0782031216,+00085448,14
XQ,+099492,-0488,+0584,-0503,2026/10/08,08:37:31,+0158296727,+0782031403,+00086009,16
XQ,+099493,-0487,+0581,-0500,2026/10/08,08:37:32,+0158298423,+0782031541,+00087043,13
XQ,+099489,-0486,+0579,-0500,2026/10/08,08:37:33,+0158300528,+0782031723,+00086846,14
XQ,+099494,-0486,+0578,-0499,2026/10/08,08:37:34,+0158302950,+0782031897,+00087778,15
XQ,+099489,-0485,+0576,-0497,2026/10/08,08:37:35,+0158304796,+0782031889,+00089085,13
XQ,+099489,-0483,+0575,-0495,2026/10/08,08:37:36,+0158307372,+0782032129,+00089754,13
XQ,+099488,-0485,+0574,-0495,2026/10/08,08:37:37,+0158310010,+0782032367,+00089655,15
XQ,+099462,-0485,+0573,-0493,2026/10/08,08:37:38,+0158312441,+0782032677,+00088773,15
XQ,+099470,-0485,+0572,-0495,2026/10/08,08:37:39,+0158314303,+0782033091,+00088152,14
XQ,+099485,-0483,+0571,-0490,2026/10/08,08:37:40,+0158315377,+0782033556,+00087959,14
XQ,+099487,-0485,+0570,-0490,2026/10/08,08:37:41,+0158315844,+0782034115,+00084105,16
XQ,+099488,-0484,+0569,-0489,2026/10/08,08:37:42,+0158316417,+0782034660,+00081669,15
XQ,+099486,-0485,+0568,-0488,2026/10/08,08:37:43,+0158317587,+0782035022,+00080114,13
XQ,+099492,-0484,+0567,-0489,2026/10/08,08:37:44,+0158319125,+0782035409,+00071020,15
XQ,+099493,-0482,+0566,-0488,2026/10/08,08:37:45,+0158321222,+0782035485,+00068640,15
XQ,+099486,-0480,+0566,-0488,2026/10/08,08:37:46,+0158323840,+0782035382,+00068099,12
XQ,+099475,-0481,+0565,-0486,2026/10/08,08:37:47,+0158326545,+0782035252,+00063888,14
XQ,+099481,-0480,+0565,-0485,2026/10/08,08:37:48,+0158329323,+0782035115,+00059695,13
XQ,+099484,-0481,+0564,-0485,2026/10/08,08:37:49,+0158332210,+0782035032,+00052962,14
XQ,+099482,-0481,+0564,-0485,2026/10/08,08:37:50,+0158335086,+0782034886,+00048636,15
XQ,+099484,-0481,+0564,-0485,2026/10/08,08:37:51,+0158337943,+0782034708,+00047977,14
XQ,+099469,-0483,+0563,-0485,2026/10/08,08:37:52,+0158340585,+0782034346,+00048390,15
XQ,+099480,-0484,+0563,-0485,2026/10/08,08:37:53,+0158341957,+0782034324,+00030434,16
XQ,+099485,-0486,+0563,-0485,2026/10/08,08:37:54,+0158343169,+0782033902,+00024571,15
XQ,+099481,-0487,+0564,-0485,2026/10/08,08:37:55,+0158344118,+0782033376,+00021189,14
XQ,+099477,-0486,+0566,-0483,2026/10/08,08:37:56,+0158345059,+0782032729,+00020233,13
XQ,+099472,-0489,+0566,-0483,2026/10/08,08:37:57,+0158345703,+0782032250,+00012816,14
XQ,+099475,-0488,+0567,-0485,2026/10/08,08:37:58,+0158345899,+0782031979,-00003520,13
XQ,+099469,-0488,+0567,-0485,2026/10/08,08:37:59,+0158346333,+0782031396,-00008572,12
XQ,+099469,-0488,+0567,-0483,2026/10/08,08:38:00,+0158347020,+0782030750,-00012864,12
XQ,+099460,-0489,+0569,-0486,2026/10/08,08:38:01,+0158347949,+0782030000,-00012028,12
XQ,+099460,-0489,+0568,-0485,2026/10/08,08:38:02,+0158349421,+0782029268,-00010285,12
XQ,+099451,-0489,+0568,-0486,2026/10/08,08:38:03,+0158350753,+0782028651,-00010134,12
XQ,+099454,-0490,+0568,-0488,2026/10/08,08:38:04,+0158351664,+0782028328,-00006486,15
XQ,+099463,-0492,+0567,-0489,2026/10/08,08:38:05,+0158351774,+0782028268,-00006022,14
XQ,+099486,-0487,+0567,-0488,2026/10/08,08:38:06,+0158351698,+0782028285,-00007044,13
XQ,+099507,-0480,+0566,-0485,2026/10/08,08:38:07,+0158351842,+0782028224,-00006877,14
XQ,+099525,-0481,+0566,-0485,2026/10/08,08:38:08,+0158351925,+0782028209,-00006505,12
XQ,+099556,-0484,+0565,-0486,2026/10/08,08:38:09,+0158352159,+0782028086,-00005195,15
XQ,+099572,-0487,+0566,-0485,2026/10/08,08:38:10,+0158352212,+0782028083,-00004811,14
XQ,+099594,-0488,+0569,-0485,2026/10/08,08:38:11,+0158352382,+0782028025,-00005121,12
XQ,+099608,-0493,+0571,-0485,2026/10/08,08:38:12,+0158352483,+0782027931,-00004301,15
XQ,+099646,-0495,+0573,-0486,2026/10/08,08:38:13,+0158352566,+0782027818,-00003847,12
XQ,+099673,-0489,+0574,-0488,2026/10/08,08:38:14,+0158352701,+0782027725,-00003471,14
XQ,+099705,-0485,+0575,-0486,2026/10/08,08:38:15,+0158352781,+0782027611,-00002789,14
XQ,+099748,-0478,+0576,-0485,2026/10/08,08:38:16,+0158352710,+0782027524,-00002226,14
XQ,+099766,-0483,+0576,-0483,2026/10/08,08:38:17,+0158352824,+0782027405,+00000390,14
XQ,+099774,-0491,+0577,-0486,2026/10/08,08:38:18,+0158352444,+0782027270,+00002798,16
XQ,+099786,-0492,+0578,-0486,2026/10/08,08:38:19,+0158350930,+0782027285,+00004333,16
XQ,+099786,-0485,+0578,-0483,2026/10/08,08:38:20,+0158348573,+0782027524,+00007422,16
XQ,+099748,-0472,+0579,-0481,2026/10/08,08:38:21,+0158346008,+0782027795,+00009242,16
XQ,+099773,-0480,+0579,-0482,2026/10/08,08:38:22,+0158344359,+0782027969,+00011019,15
XQ,+099772,-0488,+0579,-0483,2026/10/08,08:38:23,+0158343137,+0782028016,+00012458,16
XQ,+099769,-0489,+0579,-0482,2026/10/08,08:38:24,+0158341684,+0782028203,+00013432,16
XQ,+099768,-0493,+0579,-0485,2026/10/08,08:38:25,+0158340309,+0782028380,+00014443,15
XQ,+099767,-0488,+0579,-0483,2026/10/08,08:38:26,+0158338250,+0782028691,+00016300,14
XQ,+099750,-0477,+0580,-0481,2026/10/08,08:38:27,+0158335988,+0782028997,+00016920,15
XQ,+099793,-0477,+0580,-0479,2026/10/08,08:38:28,+0158334443,+0782029218,+00016747,15
XQ,+099821,-0487,+0580,-0482,2026/10/08,08:38:29,+0158334040,+0782029282,+00016226,15
XQ,+099867,-0490,+0581,-0482,2026/10/08,08:38:30,+0158334076,+0782029248,+00014843,16
XQ,+099901,-0489,+0582,-0482,2026/10/08,08:38:31,+0158334344,+0782029238,+00013690,16
XQ,+099931,-0488,+0582,-0482,2026/10/08,08:38:32,+0158334406,+0782029266,+00012617,16
XQ,+099963,-0485,+0583,-0482,2026/10/08,08:38:33,+0158334459,+0782029269,+00010554,16
XQ,+100013,-0488,+0583,-0483,2026/10/08,08:38:34,+0158334457,+0782029257,+00009139,16
XQ,+100051,-0491,+0584,-0483,2026/10/08,08:38:35,+0158334357,+0782029247,+00007007,16
XQ,+100074,-0503,+0584,-0488,2026/10/08,08:38:36,+0158333971,+0782029267,+00006839,16
XQ,+100087,-0514,+0585,-0490,2026/10/08,08:38:37,+0158332737,+0782029417,+00006876,16
XQ,+100082,-0510,+0586,-0490,2026/10/08,08:38:38,+0158331920,+0782029572,+00007517,16
XQ,+100075,-0516,+0587,-0493,2026/10/08,08:38:39,+0158331885,+0782029611,+00008328,16
XQ,+100072,-0521,+0588,-0496,2026/10/08,08:38:40,+0158332602,+0782029540,+00008352,16
XQ,+100070,-0524,+0588,-0500,2026/10/08,08:38:41,+0158333259,+0782029428,+00008703,16
XQ,+100076,-0527,+0590,-0504,2026/10/08,08:38:42,+0158333270,+0782029400,+00008984,16
XQ,+100065,-0525,+0590,-0504,2026/10/08,08:38:43,+0158333277,+0782029398,+00009488,16
XQ,+100073,-0522,+0591,-0510,2026/10/08,08:38:44,+0158333287,+0782029406,+00009809,16
XQ,+100069,-0526,+0592,-0510,2026/10/08,08:38:45,+0158334267,+0782029454,+00009265,16
XQ,+100065,-0529,+0593,-0510,2026/10/08,08:38:46,+0158336374,+0782029599,+00010160,16
XQ,+100060,-0524,+0595,-0511,2026/10/08,08:38:47,+0158338443,+0782029728,+00012023,16
XQ,+100048,-0522,+0595,-0510,2026/10/08,08:38:48,+0158340748,+0782029834,+00012374,15
XQ,+100047,-0514,+0596,-0510,2026/10/08,08:38:49,+0158344005,+0782030019,+00012760,16
XQ,+100019,-0515,+0597,-0509,2026/10/08,08:38:50,+0158346412,+0782030155,+00013363,16
XQ,+100069,-0518,+0597,-0511,2026/10/08,08:38:51,+0158346901,+0782030190,+00013563,16
XQ,+100075,-0520,+0598,-0511,2026/10/08,08:38:52,+0158346727,+0782030206,+00013578,16
XQ,+100075,-0525,+0599,-0511,2026/10/08,08:38:53,+0158347452,+0782030255,+00011856,16
XQ,+100077,-0540,+0599,-0516,2026/10/08,08:38:54,+0158349742,+0782030378,+00011518,16
XQ,+100076,-0539,+0600,-0517,2026/10/08,08:38:55,+0158353055,+0782030645,+00012214,15
XQ,+100068,-0528,+0601,-0518,2026/10/08,08:38:56,+0158357442,+0782030980,+00013382,15
XQ,+100064,-0528,+0602,-0517,2026/10/08,08:38:57,+0158361541,+0782031267,+00015061,16
XQ,+100056,-0532,+0603,-0521,2026/10/08,08:38:58,+0158363674,+0782031414,+00016127,16
XQ,+100078,-0536,+0603,-0524,2026/10/08,08:38:59,+0158364351,+0782031426,+00017004,16
XQ,+100085,-0539,+0604,-0524,2026/10/08,08:39:00,+0158364546,+0782031401,+00017447,16
XQ,+100091,-0540,+0606,-0526,2026/10/08,08:39:01,+0158364876,+0782031418,+00018453,16
XQ,+100092,-0539,+0607,-0528,2026/10/08,08:39:02,+0158365242,+0782031408,+00019237,16
XQ,+100088,-0541,+0607,-0527,2026/10/08,08:39:03,+0158365466,+0782031425,+00018984,16
XQ,+100081,-0548,+0607,-0530,2026/10/08,08:39:04,+0158365766,+0782031692,+00020043,16
XQ,+100072,-0552,+0608,-0531,2026/10/08,08:39:05,+0158365845,+0782032286,+00021401,16
XQ,+100069,-0550,+0609,-0534,2026/10/08,08:39:06,+0158364637,+0782032942,+00022161,16
XQ,+100069,-0547,+0610,-0534,2026/10/08,08:39:07,+0158363029,+0782033619,+00022543,16
XQ,+100066,-0542,+0610,-0533,2026/10/08,08:39:08,+0158362244,+0782034379,+00022207,16
XQ,+100074,-0539,+0611,-0534,2026/10/08,08:39:09,+0158362963,+0782035184,+00022796,16
XQ,+100069,-0534,+0611,-0533,2026/10/08,08:39:10,+0158365077,+0782035933,+00023789,16
XQ,+100050,-0528,+0611,-0531,2026/10/08,08:39:11,+0158366935,+0782036487,+00024061,16
XQ,+100072,-0541,+0611,-0531,2026/10/08,08:39:12,+0158367704,+0782036668,+00024866,16
XQ,+100076,-0538,+0611,-0534,2026/10/08,08:39:13,+0158367750,+0782036649,+00025344,16
XQ,+100079,-0546,+0611,-0535,2026/10/08,08:39:14,+0158367729,+0782036614,+00025851,16
XQ,+100082,-0555,+0611,-0537,2026/10/08,08:39:15,+0158367754,+0782036596,+00025913,16
XQ,+100086,-0558,+0611,-0541,2026/10/08,08:39:16,+0158367753,+0782036608,+00026168,16
XQ,+100083,-0554,+0612,-0542,2026/10/08,08:39:17,+0158367565,+0782036603,+00025243,16
XQ,+100088,-0540,+0612,-0542,2026/10/08,08:39:18,+0158367400,+0782036603,+00026366,16
XQ,+100089,-0536,+0613,-0539,2026/10/08,08:39:19,+0158367075,+0782036547,+00024717,16
XQ,+100088,-0533,+0613,-0535,2026/10/08,08:39:20,+0158366919,+0782036536,+00024568,16
XQ,+100085,-0526,+0613,-0535,2026/10/08,08:39:21,+0158366756,+0782036547,+00025598,16
XQ,+100085,-0523,+0613,-0533,2026/10/08,08:39:22,+0158366580,+0782036547,+00025311,16
XQ,+100085,-0523,+0613,-0534,2026/10/08,08:39:23,+0158366356,+0782036545,+00024427,16
XQ,+100084,-0525,+0613,-0531,2026/10/08,08:39:24,+0158366128,+0782036541,+00024925,16
XQ,+100081,-0526,+0613,-0531,2026/10/08,08:39:25,+0158366009,+0782036567,+00024980,16
XQ,+100083,-0529,+0613,-0530,2026/10/08,08:39:26,+0158365875,+0782036591,+00023950,16
XQ,+100088,-0528,+0612,-0530,2026/10/08,08:39:27,+0158365934,+0782036585,+00023496,16
XQ,+100086,-0533,+0612,-0530,2026/10/08,08:39:28,+0158365627,+0782036608,+00023882,16
XQ,+100078,-0541,+0612,-0531,2026/10/08,08:39:29,+0158364450,+0782036524,+00023249,16
XQ,+100076,-0537,+0612,-0531,2026/10/08,08:39:30,+0158362791,+0782036264,+00022971,14
XQ,+100073,-0530,+0612,-0531,2026/10/08,08:39:31,+0158360412,+0782035847,+00023146,16
XQ,+100072,-0533,+0612,-0531,2026/10/08,08:39:32,+0158357648,+0782035385,+00021868,16
XQ,+100058,-0536,+0612,-0531,2026/10/08,08:39:33,+0158354463,+0782034867,+00020726,16
XQ,+100054,-0543,+0612,-0534,2026/10/08,08:39:34,+0158350907,+0782034279,+00020244,15
XQ,+100048,-0543,+0612,-0533,2026/10/08,08:39:35,+0158347148,+0782033687,+00019612,16
XQ,+100052,-0542,+0613,-0535,2026/10/08,08:39:36,+0158343146,+0782033119,+00016241,16
XQ,+100055,-0531,+0613,-0533,2026/10/08,08:39:37,+0158339189,+0782032496,+00013436,16
XQ,+100051,-0526,+0613,-0530,2026/10/08,08:39:38,+0158335148,+0782031882,+00008945,16
XQ,+100057,-0524,+0612,-0530,2026/10/08,08:39:39,+0158331191,+0782031193,+00006770,16
XQ,+100058,-0540,+0612,-0531,2026/10/08,08:39:40,+0158327153,+0782030492,+00007183,16
XQ,+100051,-0550,+0611,-0534,2026/10/08,08:39:41,+0158323108,+0782029848,+00005827,16
XQ,+100042,-0549,+0611,-0535,2026/10/08,08:39:42,+0158319539,+0782029249,+00007260,16
XQ,+100039,-0548,+0611,-0539,2026/10/08,08:39:43,+0158316539,+0782028709,+00008537,16
XQ,+100042,-0553,+0611,-0541,2026/10/08,08:39:44,+0158313835,+0782028255,+00010612,16
XQ,+100035,-0557,+0611,-0546,2026/10/08,08:39:45,+0158311408,+0782027853,+00011924,16
XQ,+100039,-0562,+0611,-0547,2026/10/08,08:39:46,+0158309321,+0782027511,+00012693,16
XQ,+100038,-0560,+0612,-0549,2026/10/08,08:39:47,+0158307675,+0782027228,+00013245,16
XQ,+100042,-0559,+0612,-0550,2026/10/08,08:39:48,+0158306447,+0782027005,+00013843,16
XQ,+100059,-0563,+0612,-0553,2026/10/08,08:39:49,+0158305463,+0782026855,+00013887,16
XQ,+100073,-0565,+0613,-0556,2026/10/08,08:39:50,+0158304924,+0782026742,+00014256,16
XQ,+100080,-0566,+0613,-0553,2026/10/08,08:39:51,+0158304736,+0782026700,+00015203,16
XQ,+100079,-0565,+0614,-0554,2026/10/08,08:39:52,+0158304571,+0782026704,+00016090,16
XQ,+100075,-0566,+0615,-0556,2026/10/08,08:39:53,+0158304335,+0782026716,+00015887,16
XQ,+100079,-0567,+0615,-0556,2026/10/08,08:39:54,+0158304212,+0782026694,+00016578,16
XQ,+100078,-0569,+0615,-0558,2026/10/08,08:39:55,+0158304091,+0782026686,+00016692,16
XQ,+100084,-0565,+0616,-0557,2026/10/08,08:39:56,+0158304082,+0782026670,+00017247,16
XQ,+100079,-0565,+0616,-0560,2026/10/08,08:39:57,+0158304118,+0782026654,+00017671,16
XQ,+100076,-0564,+0617,-0558,2026/10/08,08:39:58,+0158304090,+0782026640,+00017495,16
XQ,+100070,-0560,+0617,-0558,2026/10/08,08:39:59,+0158304125,+0782026616,+00017683,16
XQ,+100065,-0556,+0618,-0557,2026/10/08,08:40:00,+0158304276,+0782026563,+00017598,16
XQ,+100066,-0554,+0618,-0557,2026/10/08,08:40:01,+0158304284,+0782026508,+00018545,16
XQ,+100074,-0556,+0618,-0556,2026/10/08,08:40:02,+0158304356,+0782026492,+00018463,16
XQ,+100095,-0563,+0618,-0557,2026/10/08,08:40:03,+0158304475,+0782026475,+00016491,16
XQ,+100117,-0568,+0617,-0560,2026/10/08,08:40:04,+0158304555,+0782026477,+00015095,16
XQ,+100141,-0571,+0616,-0561,2026/10/08,08:40:05,+0158304633,+0782026481,+00013528,16
XQ,+100165,-0569,+0615,-0561,2026/10/08,08:40:06,+0158304684,+0782026469,+00011703,16
XQ,+100194,-0570,+0614,-0561,2026/10/08,08:40:07,+0158304681,+0782026421,+00007854,16
XQ,+100213,-0572,+0613,-0564,2026/10/08,08:40:08,+0158304742,+0782026396,+00006957,16
XQ,+100221,-0581,+0615,-0566,2026/10/08,08:40:09,+0158304872,+0782026412,+00003276,16
XQ,+100257,-0588,+0618,-0567,2026/10/08,08:40:10,+0158305068,+0782026420,+00002503,16
XQ,+100269,-0595,+0622,-0573,2026/10/08,08:40:11,+0158305090,+0782026385,+00001168,16
XQ,+100285,-0602,+0627,-0574,2026/10/08,08:40:12,+0158305220,+0782026354,+00000570,16
XQ,+100302,-0607,+0631,-0578,2026/10/08,08:40:13,+0158305275,+0782026359,+00000529,16
XQ,+100327,-0608,+0635,-0581,2026/10/08,08:40:14,+0158305246,+0782026378,-00000489,16
XQ,+100340,-0610,+0639,-0584,2026/10/08,08:40:15,+0158305332,+0782026350,-00000847,16
XQ,+100358,-0612,+0642,-0585,2026/10/08,08:40:16,+0158305362,+0782026358,-00000933,16
XQ,+100373,-0612,+0647,-0587,2026/10/08,08:40:17,+0158305233,+0782026364,-00002181,16
XQ,+100382,-0605,+0654,-0587,2026/10/08,08:40:18,+0158305274,+0782026319,-00002307,16
XQ,+100409,-0611,+0656,-0589,2026/10/08,08:40:19,+0158305300,+0782026270,-00003420,16
XQ,+100410,-0614,+0658,-0592,2026/10/08,08:40:20,+0158305289,+0782026233,-00003366,16
XQ,+100412,-0611,+0664,-0594,2026/10/08,08:40:21,+0158305249,+0782026211,-00003884,16
XQ,+100416,-0612,+0669,-0595,2026/10/08,08:40:22,+0158305254,+0782026172,-00002870,16
XQ,+100418,-0611,+0676,-0595,2026/10/08,08:40:23,+0158305268,+0782026149,-00002954,16
XQ,+100418,-0613,+0680,-0596,2026/10/08,08:40:24,+0158305261,+0782026138,-00002585,16
XQ,+100421,-0614,+0684,-0596,2026/10/08,08:40:25,+0158305204,+0782026119,-00002465,16
XQ,+100421,-0613,+0688,-0599,2026/10/08,08:40:26,+0158305211,+0782026094,-00002800,16
XQ,+100425,-0613,+0689,-0599,2026/10/08,08:40:27,+0158305223,+0782026061,-00002747,16
XQ,+100427,-0609,+0691,-0599,2026/10/08,08:40:28,+0158305235,+0782026037,-00002509,16
XQ,+100441,-0597,+0693,-0598,2026/10/08,08:40:29,+0158305210,+0782026025,-00002824,16
XQ,+100438,-0593,+0695,-0596,2026/10/08,08:40:30,+0158305168,+0782026036,-00002916,16
XQ,+100436,-0588,+0698,-0594,2026/10/08,08:40:31,+0158305129,+0782026037,-00003037,16
XQ,+100443,-0592,+0700,-0595,2026/10/08,08:40:32,+0158305077,+0782026040,-00003099,16
XQ,+100442,-0598,+0703,-0596,2026/10/08,08:40:33,+0158305022,+0782026040,-00003379,16
XQ,+100440,-0603,+0704,-0596,2026/10/08,08:40:34,+0158304995,+0782026034,-00003433,16
XQ,+100437,-0605,+0706,-0596,2026/10/08,08:40:35,+0158304939,+0782026024,-00003493,16
XQ,+100438,-0605,+0708,-0598,2026/10/08,08:40:36,+0158304868,+0782026015,-00003623,16
XQ,+100444,-0606,+0709,-0598,2026/10/08,08:40:37,+0158304810,+0782026014,-00003730,16
XQ,+100439,-0607,+0710,-0596,2026/10/08,08:40:38,+0158304759,+0782026012,-00003783,16
XQ,+100442,-0607,+0712,-0598,2026/10/08,08:40:39,+0158304717,+0782026006,-00003727,16
XQ,+100439,-0608,+0713,-0598,2026/10/08,08:40:40,+0158304661,+0782026000,-00003905,16
XQ,+100438,-0607,+0715,-0598,2026/10/08,08:40:41,+0158304604,+0782026000,-00004048,16
XQ,+100442,-0606,+0717,-0599,2026/10/08,08:40:42,+0158304596,+0782025997,-00003835,16
XQ,+100444,-0602,+0720,-0596,2026/10/08,08:40:43,+0158304618,+0782025989,-00003582,16
XQ,+100440,-0606,+0720,-0596,2026/10/08,08:40:44,+0158304622,+0782025988,-00003548,16
XQ,+100442,-0606,+0721,-0599,2026/10/08,08:40:45,+0158304622,+0782025980,-00003319,16
XQ,+100441,-0607,+0722,-0599,2026/10/08,08:40:46,+0158304582,+0782025976,-00003177,16
XQ,+100442,-0606,+0723,-0598,2026/10/08,08:40:47,+0158304534,+0782025978,-00003194,16
XQ,+100441,-0600,+0723,-0596,2026/10/08,08:40:48,+0158304503,+0782025977,-00003119,16
XQ,+100437,-0587,+0720,-0595,2026/10/08,08:40:49,+0158304473,+0782025981,-00002953,16
XQ,+100416,-0597,+0715,-0595,2026/10/08,08:40:50,+0158304328,+0782025971,-00000080,16
XQ,+100358,-0610,+0706,-0599,2026/10/08,08:40:51,+0158304128,+0782025990,+00003880,16
XQ,+100311,-0613,+0699,-0601,2026/10/08,08:40:52,+0158304088,+0782026012,+00008923,16
XQ,+100263,-0610,+0696,-0603,2026/10/08,08:40:53,+0158303955,+0782026022,+00011621,16
XQ,+100250,-0607,+0695,-0601,2026/10/08,08:40:54,+0158303899,+0782026004,+00011878,16
XQ,+100248,-0605,+0696,-0603,2026/10/08,08:40:55,+0158303878,+0782025973,+00012195,16
XQ,+100248,-0612,+0691,-0606,2026/10/08,08:40:56,+0158303880,+0782025981,+00012955,16
XQ,+100251,-0610,+0689,-0606,2026/10/08,08:40:57,+0158303951,+0782025986,+00013483,16
XQ,+100252,-0613,+0687,-0609,2026/10/08,08:40:58,+0158304024,+0782025987,+00013368,16
XQ,+100250,-0609,+0686,-0607,2026/10/08,08:40:59,+0158304113,+0782025973,+00013724,16
XQ,+100250,-0602,+0686,-0607,2026/10/08,08:41:00,+0158304118,+0782025957,+00013892,16
XQ,+100250,-0604,+0684,-0604,2026/10/08,08:41:01,+0158304148,+0782025944,+00014253,16
XQ,+100250,-0609,+0682,-0604,2026/10/08,08:41:02,+0158304211,+0782025926,+00014903,16
XQ,+100247,-0611,+0680,-0606,2026/10/08,08:41:03,+0158304244,+0782025921,+00015056,16
XQ,+100248,-0613,+0679,-0609,2026/10/08,08:41:04,+0158304252,+0782025909,+00015311,16
XQ,+100251,-0616,+0681,-0607,2026/10/08,08:41:05,+0158304266,+0782025900,+00015499,16
XQ,+100249,-0615,+0682,-0609,2026/10/08,08:41:06,+0158304315,+0782025894,+00015686,16
XQ,+100247,-0615,+0681,-0609,2026/10/08,08:41:07,+0158304394,+0782025886,+00015963,16
XQ,+100252,-0615,+0681,-0610,2026/10/08,08:41:08,+0158304639,+0782025919,+00015942,16
XQ,+100247,-0615,+0680,-0612,2026/10/08,08:41:09,+0158305835,+0782026065,+00015761,16
XQ,+100232,-0613,+0685,-0609,2026/10/08,08:41:10,+0158308129,+0782026353,+00015894,16
XQ,+100221,-0615,+0690,-0610,2026/10/08,08:41:11,+0158310796,+0782026869,+00015992,16
XQ,+100233,-0615,+0694,-0610,2026/10/08,08:41:12,+0158313228,+0782027654,+00016941,16
XQ,+100243,-0611,+0692,-0607,2026/10/08,08:41:13,+0158315001,+0782028627,+00017236,16
XQ,+100247,-0611,+0692,-0607,2026/10/08,08:41:14,+0158316198,+0782029490,+00017361,16
XQ,+100246,-0608,+0690,-0607,2026/10/08,08:41:15,+0158316695,+0782029939,+00016877,16
XQ,+100264,-0608,+0688,-0609,2026/10/08,08:41:16,+0158316879,+0782030024,+00016287,16
XQ,+100270,-0604,+0686,-0609,2026/10/08,08:41:17,+0158316894,+0782030063,+00015382,16
XQ,+100264,-0608,+0685,-0607,2026/10/08,08:41:18,+0158316279,+0782030396,+00015138,16
XQ,+100265,-0610,+0684,-0607,2026/10/08,08:41:19,+0158314620,+0782031167,+00013907,16
XQ,+100262,-0609,+0681,-0607,2026/10/08,08:41:20,+0158312252,+0782032305,+00012356,16
XQ,+100247,-0607,+0679,-0607,2026/10/08,08:41:21,+0158310305,+0782033331,+00012168,16
XQ,+100282,-0610,+0680,-0606,2026/10/08,08:41:22,+0158309179,+0782033804,+00011139,16
XQ,+100269,-0612,+0681,-0606,2026/10/08,08:41:23,+0158308901,+0782033677,+00010686,16
XQ,+100257,-0614,+0679,-0606,2026/10/08,08:41:24,+0158308562,+0782033075,+00008076,16
XQ,+100241,-0608,+0677,-0606,2026/10/08,08:41:25,+0158308093,+0782032098,+00006777,16
XQ,+100237,-0606,+0678,-0606,2026/10/08,08:41:26,+0158308002,+0782030875,+00005408,16
XQ,+100237,-0605,+0678,-0601,2026/10/08,08:41:27,+0158308529,+0782029512,+00005725,16
XQ,+100236,-0597,+0683,-0598,2026/10/08,08:41:28,+0158309637,+0782028078,+00005400,16
XQ,+100234,-0599,+0686,-0598,2026/10/08,08:41:29,+0158310632,+0782026905,+00006196,16
XQ,+100238,-0603,+0689,-0598,2026/10/08,08:41:30,+0158311080,+0782026420,+00006446,16
XQ,+100262,-0610,+0688,-0599,2026/10/08,08:41:31,+0158311262,+0782026342,+00006592,16
XQ,+100258,-0613,+0687,-0603,2026/10/08,08:41:32,+0158311373,+0782026336,+00006816,16
XQ,+100264,-0613,+0689,-0604,2026/10/08,08:41:33,+0158311616,+0782026400,+00007069,16
XQ,+100255,-0608,+0694,-0603,2026/10/08,08:41:34,+0158312174,+0782026773,+00007944,16
XQ,+100246,-0609,+0696,-0604,2026/10/08,08:41:35,+0158313393,+0782027592,+00008087,16
XQ,+100231,-0610,+0692,-0606,2026/10/08,08:41:36,+0158315158,+0782028744,+00009738,16
XQ,+100199,-0608,+0686,-0606,2026/10/08,08:41:37,+0158316961,+0782030164,+00010514,16
XQ,+100178,-0607,+0684,-0606,2026/10/08,08:41:38,+0158317260,+0782031679,+00010661,16
XQ,+100182,-0594,+0682,-0603,2026/10/08,08:41:39,+0158314739,+0782032974,+00009112,16
XQ,+100192,-0591,+0683,-0596,2026/10/08,08:41:40,+0158310483,+0782033708,+00008637,16
XQ,+100225,-0604,+0687,-0598,2026/10/08,08:41:41,+0158306420,+0782033970,+00004179,16
XQ,+100232,-0608,+0680,-0599,2026/10/08,08:41:42,+0158303929,+0782033684,+00003056,16
XQ,+100232,-0609,+0676,-0601,2026/10/08,08:41:43,+0158302735,+0782033042,+00003493,16
XQ,+100227,-0611,+0674,-0601,2026/10/08,08:41:44,+0158302580,+0782032070,+00004234,16
XQ,+100233,-0606,+0673,-0601,2026/10/08,08:41:45,+0158303258,+0782030891,+00003025,16
XQ,+100228,-0604,+0676,-0598,2026/10/08,08:41:46,+0158304392,+0782029585,+00003476,16
XQ,+100236,-0608,+0680,-0598,2026/10/08,08:41:47,+0158305334,+0782028511,+00004569,16
XQ,+100222,-0606,+0678,-0603,2026/10/08,08:41:48,+0158305620,+0782028044,+00005337,16
XQ,+100243,-0600,+0678,-0601,2026/10/08,08:41:49,+0158305601,+0782028007,+00005177,16
XQ,+100256,-0603,+0676,-0601,2026/10/08,08:41:50,+0158305606,+0782027991,+00005529,16
XQ,+100258,-0601,+0675,-0601,2026/10/08,08:41:51,+0158305674,+0782027973,+00006102,16
XQ,+100262,-0603,+0673,-0601,2026/10/08,08:41:52,+0158305664,+0782027944,+00007993,16
XQ,+100258,-0608,+0673,-0601,2026/10/08,08:41:53,+0158305681,+0782027918,+00009742,16
XQ,+100259,-0613,+0676,-0603,2026/10/08,08:41:54,+0158305587,+0782027906,+00010702,16
XQ,+100250,-0611,+0680,-0606,2026/10/08,08:41:55,+0158305470,+0782027874,+00010998,16
XQ,+100253,-0614,+0681,-0606,2026/10/08,08:41:56,+0158305399,+0782027874,+00010999,16
XQ,+100247,-0617,+0683,-0607,2026/10/08,08:41:57,+0158305427,+0782027879,+00011720,16
XQ,+100249,-0620,+0685,-0607,2026/10/08,08:41:58,+0158305366,+0782027881,+00011736,16
XQ,+100255,-0620,+0687,-0610,2026/10/08,08:41:59,+0158305338,+0782027911,+00012084,16
XQ,+100250,-0621,+0687,-0610,2026/10/08,08:42:00,+0158305284,+0782027931,+00011896,16
XQ,+100253,-0616,+0691,-0613,2026/10/08,08:42:01,+0158305258,+0782027937,+00011665,16
XQ,+100250,-0616,+0693,-0612,2026/10/08,08:42:02,+0158305321,+0782027961,+00010455,16
XQ,+100275,-0618,+0691,-0612,2026/10/08,08:42:03,+0158305311,+0782027968,+00007785,16
XQ,+100326,-0614,+0690,-0612,2026/10/08,08:42:04,+0158305126,+0782027983,+00004129,16
XQ,+100352,-0608,+0691,-0610,2026/10/08,08:42:05,+0158305166,+0782027892,+00002427,16
XQ,+100354,-0609,+0693,-0609,2026/10/08,08:42:06,+0158305575,+0782027570,+00002059,16
XQ,+100356,-0610,+0696,-0607,2026/10/08,08:42:07,+0158306057,+0782027173,+00001988,16
XQ,+100352,-0612,+0697,-0607,2026/10/08,08:42:08,+0158306445,+0782026886,+00002280,16
XQ,+100349,-0611,+0699,-0607,2026/10/08,08:42:09,+0158306732,+0782026717,+00002443,16
XQ,+100376,-0609,+0699,-0609,2026/10/08,08:42:10,+0158306871,+0782026703,+00000906,16
XQ,+100391,-0607,+0699,-0607,2026/10/08,08:42:11,+0158306930,+0782026716,-00000320,16
XQ,+100401,-0613,+0699,-0609,2026/10/08,08:42:12,+0158306873,+0782026718,-00000662,16
XQ,+100404,-0614,+0700,-0607,2026/10/08,08:42:13,+0158306597,+0782026694,-00000935,16
XQ,+100404,-0613,+0701,-0609,2026/10/08,08:42:14,+0158306294,+0782026692,-00000721,16
XQ,+100402,-0611,+0702,-0609,2026/10/08,08:42:15,+0158306097,+0782026668,-00001328,16
XQ,+100401,-0614,+0703,-0610,2026/10/08,08:42:16,+0158306019,+0782026643,-00001138,16
XQ,+100403,-0617,+0705,-0610,2026/10/08,08:42:17,+0158305999,+0782026639,-00001251,16
XQ,+100415,-0618,+0707,-0612,2026/10/08,08:42:18,+0158306069,+0782026630,-00000542,16
XQ,+100402,-0618,+0708,-0612,2026/10/08,08:42:19,+0158306104,+0782026614,-00000028,16
XQ,+100410,-0619,+0710,-0612,2026/10/08,08:42:20,+0158306109,+0782026597,+00000371,16
XQ,+100389,-0617,+0712,-0610,2026/10/08,08:42:21,+0158305989,+0782026545,+00002856,16
XQ,+100352,-0612,+0713,-0612,2026/10/08,08:42:22,+0158305926,+0782026521,+00005012,16
XQ,+100347,-0611,+0714,-0610,2026/10/08,08:42:23,+0158305983,+0782026557,+00005276,16
XQ,+100329,-0607,+0716,-0610,2026/10/08,08:42:24,+0158306618,+0782026832,+00005325,16
XQ,+100330,-0610,+0714,-0610,2026/10/08,08:42:25,+0158308660,+0782027388,+00005181,16
XQ,+100325,-0616,+0712,-0612,2026/10/08,08:42:26,+0158311739,+0782027798,+00004858,16
XQ,+100325,-0617,+0709,-0612,2026/10/08,08:42:27,+0158314444,+0782027653,+00005538,16
XQ,+100269,-0614,+0706,-0612,2026/10/08,08:42:28,+0158315614,+0782027357,+00009973,16
XQ,+100224,-0613,+0705,-0612,2026/10/08,08:42:29,+0158315529,+0782027239,+00016991,16
XQ,+100159,-0607,+0697,-0612,2026/10/08,08:42:30,+0158315231,+0782027129,+00025320,16
XQ,+100092,-0575,+0688,-0604,2026/10/08,08:42:31,+0158314957,+0782027014,+00032964,16
XQ,+100028,-0547,+0680,-0598,2026/10/08,08:42:32,+0158314731,+0782026946,+00040057,16
XQ,+099972,-0508,+0673,-0585,2026/10/08,08:42:33,+0158314576,+0782026894,+00049839,16
XQ,+099913,-0489,+0664,-0575,2026/10/08,08:42:34,+0158314489,+0782026903,+00057318,16
XQ,+099854,-0485,+0657,-0568,2026/10/08,08:42:35,+0158314291,+0782026866,+00065403,16
XQ,+099791,-0484,+0648,-0558,2026/10/08,08:42:36,+0158314075,+0782026814,+00070957,16
XQ,+099729,-0483,+0640,-0550,2026/10/08,08:42:37,+0158314046,+0782026789,+00077580,16
XQ,+099664,-0486,+0632,-0546,2026/10/08,08:42:38,+0158314054,+0782026793,+00084228,16
XQ,+099602,-0487,+0625,-0541,2026/10/08,08:42:39,+0158313988,+0782026784,+00089907,16
XQ,+099543,-0488,+0618,-0534,2026/10/08,08:42:40,+0158313853,+0782026753,+00096750,16
XQ,+099487,-0487,+0612,-0530,2026/10/08,08:42:41,+0158313750,+0782026735,+00103056,16
XQ,+099421,-0488,+0607,-0528,2026/10/08,08:42:42,+0158313707,+0782026727,+00109081,16
XQ,+099359,-0483,+0603,-0523,2026/10/08,08:42:43,+0158313668,+0782026754,+00114139,15
XQ,+099303,-0483,+0600,-0523,2026/10/08,08:42:44,+0158313503,+0782026748,+00121404,15
XQ,+099239,-0485,+0599,-0520,2026/10/08,08:42:45,+0158313308,+0782026730,+00127279,15
XQ,+099178,-0485,+0599,-0516,2026/10/08,08:42:46,+0158313140,+0782026707,+00132691,15
XQ,+099120,-0480,+0599,-0513,2026/10/08,08:42:47,+0158313101,+0782026696,+00138303,14
XQ,+099062,-0472,+0600,-0510,2026/10/08,08:42:48,+0158313164,+0782026662,+00143148,16
XQ,+099034,-0471,+0600,-0509,2026/10/08,08:42:49,+0158313183,+0782026643,+00144667,16
XQ,+099038,-0471,+0600,-0503,2026/10/08,08:42:50,+0158313132,+0782026610,+00144321,16
XQ,+099036,-0471,+0600,-0499,2026/10/08,08:42:51,+0158312940,+0782026579,+00144008,15
XQ,+099037,-0470,+0599,-0497,2026/10/08,08:42:52,+0158312828,+0782026550,+00144374,15
XQ,+099034,-0469,+0599,-0497,2026/10/08,08:42:53,+0158312754,+0782026514,+00144641,15
XQ,+099041,-0470,+0599,-0493,2026/10/08,08:42:54,+0158312873,+0782026501,+00142708,15
XQ,+099058,-0465,+0598,-0488,2026/10/08,08:42:55,+0158312805,+0782026511,+00140377,16
XQ,+099100,-0459,+0597,-0486,2026/10/08,08:42:56,+0158312828,+0782026513,+00136686,16
XQ,+099135,-0456,+0596,-0483,2026/10/08,08:42:57,+0158312773,+0782026461,+00133011,16
XQ,+099180,-0459,+0594,-0481,2026/10/08,08:42:58,+0158312922,+0782026501,+00128918,16
XQ,+099222,-0468,+0591,-0479,2026/10/08,08:42:59,+0158313007,+0782026543,+00125003,16
XQ,+099250,-0474,+0588,-0479,2026/10/08,08:43:00,+0158313074,+0782026578,+00121655,14
XQ,+099286,-0474,+0584,-0481,2026/10/08,08:43:01,+0158313052,+0782026615,+00117895,16
XQ,+099329,-0474,+0581,-0479,2026/10/08,08:43:02,+0158313040,+0782026654,+00114520,15
XQ,+099364,-0474,+0578,-0481,2026/10/08,08:43:03,+0158313040,+0782026719,+00111580,15
XQ,+099400,-0474,+0575,-0478,2026/10/08,08:43:04,+0158313067,+0782026750,+00108609,15
XQ,+099432,-0480,+0572,-0481,2026/10/08,08:43:05,+0158313133,+0782026782,+00104989,16
XQ,+099462,-0483,+0571,-0479,2026/10/08,08:43:06,+0158313292,+0782026816,+00101320,16
XQ,+099503,-0484,+0571,-0483,2026/10/08,08:43:07,+0158313455,+0782026835,+00097853,16
XQ,+099540,-0484,+0572,-0482,2026/10/08,08:43:08,+0158313635,+0782026849,+00094820,15
XQ,+099575,-0486,+0573,-0482,2026/10/08,08:43:09,+0158313675,+0782026869,+00091530,15
XQ,+099606,-0487,+0575,-0483,2026/10/08,08:43:10,+0158313774,+0782026882,+00087806,16
XQ,+099641,-0486,+0575,-0482,2026/10/08,08:43:11,+0158313887,+0782026880,+00083875,16
XQ,+099679,-0482,+0576,-0482,2026/10/08,08:43:12,+0158313944,+0782026902,+00079948,16
XQ,+099713,-0481,+0577,-0481,2026/10/08,08:43:13,+0158313913,+0782026902,+00076467,16
XQ,+099758,-0480,+0577,-0479,2026/10/08,08:43:14,+0158313963,+0782026931,+00072581,16
XQ,+099798,-0477,+0578,-0478,2026/10/08,08:43:15,+0158314111,+0782026976,+00068712,16
XQ,+099836,-0477,+0579,-0478,2026/10/08,08:43:16,+0158314234,+0782027016,+00064761,16
XQ,+099880,-0475,+0580,-0476,2026/10/08,08:43:17,+0158314197,+0782027070,+00060367,16
XQ,+099922,-0480,+0581,-0478,2026/10/08,08:43:18,+0158314138,+0782027126,+00056007,16
XQ,+099955,-0505,+0582,-0485,2026/10/08,08:43:19,+0158314138,+0782027184,+00051692,16
XQ,+099987,-0533,+0583,-0493,2026/10/08,08:43:20,+0158314252,+0782027238,+00047229,16
XQ,+100030,-0543,+0585,-0500,2026/10/08,08:43:21,+0158314295,+0782027271,+00043708,16
XQ,+100086,-0559,+0590,-0510,2026/10/08,08:43:22,+0158314189,+0782027252,+00040589,16
XQ,+100117,-0583,+0600,-0517,2026/10/08,08:43:23,+0158313505,+0782027316,+00038805,16
XQ,+100105,-0595,+0609,-0526,2026/10/08,08:43:24,+0158311748,+0782027532,+00037163,16
XQ,+100099,-0599,+0614,-0533,2026/10/08,08:43:25,+0158308794,+0782027668,+00036485,16
XQ,+100093,-0599,+0619,-0539,2026/10/08,08:43:26,+0158306165,+0782027531,+00036874,16
XQ,+100091,-0598,+0627,-0549,2026/10/08,08:43:27,+0158304971,+0782027181,+00036075,16
XQ,+100085,-0596,+0630,-0553,2026/10/08,08:43:28,+0158305494,+0782026853,+00036869,16
XQ,+100085,-0600,+0636,-0557,2026/10/08,08:43:29,+0158307291,+0782026491,+00036895,16
XQ,+100076,-0607,+0643,-0563,2026/10/08,08:43:30,+0158310382,+0782026220,+00036736,16
XQ,+100070,-0610,+0649,-0567,2026/10/08,08:43:31,+0158314305,+0782026036,+00036916,16
XQ,+100070,-0607,+0655,-0570,2026/10/08,08:43:32,+0158318881,+0782025876,+00037068,16
XQ,+100059,-0608,+0660,-0575,2026/10/08,08:43:33,+0158323998,+0782025721,+00037401,16
XQ,+100010,-0600,+0670,-0577,2026/10/08,08:43:34,+0158329525,+0782025618,+00037348,16
XQ,+100062,-0606,+0675,-0577,2026/10/08,08:43:35,+0158334922,+0782025701,+00036222,16
XQ,+100037,-0612,+0678,-0584,2026/10/08,08:43:36,+0158339935,+0782025751,+00034150,16
XQ,+100016,-0616,+0680,-0587,2026/10/08,08:43:37,+0158343589,+0782025537,+00032017,16
XQ,+100066,-0609,+0683,-0589,2026/10/08,08:43:38,+0158345147,+0782025260,+00030366,16
XQ,+100074,-0616,+0683,-0591,2026/10/08,08:43:39,+0158344680,+0782025145,+00028743,16
XQ,+100076,-0618,+0685,-0594,2026/10/08,08:43:40,+0158342841,+0782025222,+00026629,16
XQ,+100098,-0621,+0686,-0598,2026/10/08,08:43:41,+0158339855,+0782025425,+00024537,16
XQ,+100144,-0618,+0687,-0599,2026/10/08,08:43:42,+0158335905,+0782025698,+00022220,16
XQ,+100175,-0609,+0689,-0599,2026/10/08,08:43:43,+0158331209,+0782026145,+00019988,16
XQ,+100188,-0588,+0697,-0592,2026/10/08,08:43:44,+0158326022,+0782026632,+00018215,16
XQ,+100190,-0590,+0700,-0592,2026/10/08,08:43:45,+0158320673,+0782026911,+00016695,16
XQ,+100205,-0605,+0699,-0594,2026/10/08,08:43:46,+0158315560,+0782026827,+00015234,16
XQ,+100219,-0610,+0697,-0598,2026/10/08,08:43:47,+0158311842,+0782026557,+00015037,16
XQ,+100228,-0612,+0696,-0598,2026/10/08,08:43:48,+0158309647,+0782026305,+00011977,16
XQ,+100285,-0604,+0695,-0598,2026/10/08,08:43:49,+0158308732,+0782026192,+00008877,16
XQ,+100319,-0604,+0694,-0598,2026/10/08,08:43:50,+0158308542,+0782026198,+00005414,16
XQ,+100356,-0597,+0695,-0596,2026/10/08,08:43:51,+0158308582,+0782026201,+00002570,16
XQ,+100383,-0604,+0696,-0598,2026/10/08,08:43:52,+0158308661,+0782026194,+00001873,16
XQ,+100390,-0610,+0696,-0601,2026/10/08,08:43:53,+0158308792,+0782026203,+00001565,16
XQ,+100384,-0613,+0696,-0599,2026/10/08,08:43:54,+0158308842,+0782026215,+00002005,16
XQ,+100385,-0613,+0697,-0599,2026/10/08,08:43:55,+0158308797,+0782026238,+00002207,16
XQ,+100387,-0612,+0698,-0604,2026/10/08,08:43:56,+0158308864,+0782026278,+00002309,16
XQ,+100384,-0611,+0699,-0601,2026/10/08,08:43:57,+0158308849,+0782026303,+00003064,16
XQ,+100375,-0608,+0700,-0604,2026/10/08,08:43:58,+0158308993,+0782026320,+00003250,16
XQ,+100380,-0610,+0702,-0604,2026/10/08,08:43:59,+0158309176,+0782026409,+00003238,16
XQ,+100368,-0612,+0702,-0604,2026/10/08,08:44:00,+0158309357,+0782026743,+00003417,16
XQ,+100374,-0612,+0703,-0603,2026/10/08,08:44:01,+0158309803,+0782027365,+00004440,16
XQ,+100366,-0608,+0705,-0603,2026/10/08,08:44:02,+0158311104,+0782027990,+00005510,16
XQ,+100354,-0608,+0704,-0603,2026/10/08,08:44:03,+0158313198,+0782028261,+00005956,16
XQ,+100337,-0609,+0702,-0603,2026/10/08,08:44:04,+0158314556,+0782028179,+00006656,16
XQ,+100304,-0611,+0702,-0601,2026/10/08,08:44:05,+0158314194,+0782028026,+00008375,16
XQ,+100280,-0613,+0701,-0603,2026/10/08,08:44:06,+0158313238,+0782028127,+00009311,16
XQ,+100241,-0616,+0701,-0604,2026/10/08,08:44:07,+0158313169,+0782028436,+00011844,16
XQ,+100213,-0617,+0700,-0604,2026/10/08,08:44:08,+0158314603,+0782028718,+00014268,16
XQ,+100185,-0619,+0698,-0606,2026/10/08,08:44:09,+0158316655,+0782028743,+00015791,16
XQ,+100150,-0614,+0700,-0606,2026/10/08,08:44:10,+0158317640,+0782028476,+00016781,16
XQ,+100124,-0617,+0698,-0607,2026/10/08,08:44:11,+0158316934,+0782028085,+00017973,16
XQ,+100114,-0620,+0698,-0609,2026/10/08,08:44:12,+0158314792,+0782027790,+00019008,16
XQ,+100109,-0621,+0698,-0610,2026/10/08,08:44:13,+0158311495,+0782027604,+00019109,16
XQ,+100089,-0622,+0700,-0612,2026/10/08,08:44:14,+0158308697,+0782027460,+00019407,16
XQ,+100099,-0622,+0701,-0612,2026/10/08,08:44:15,+0158307981,+0782027392,+00019374,16
XQ,+100108,-0625,+0702,-0613,2026/10/08,08:44:16,+0158307900,+0782027403,+00019872,16
XQ,+100110,-0625,+0703,-0614,2026/10/08,08:44:17,+0158307707,+0782027378,+00020278,16
XQ,+100111,-0625,+0703,-0616,2026/10/08,08:44:18,+0158307359,+0782027366,+00020126,16
XQ,+100106,-0625,+0704,-0616,2026/10/08,08:44:19,+0158307216,+0782027303,+00020270,16
XQ,+100103,-0626,+0705,-0616,2026/10/08,08:44:20,+0158307200,+0782027246,+00020915,16
XQ,+100104,-0628,+0705,-0619,2026/10/08,08:44:21,+0158307136,+0782027216,+00020190,16
XQ,+100101,-0627,+0706,-0619,2026/10/08,08:44:22,+0158307214,+0782027218,+00020054,16
XQ,+100131,-0623,+0707,-0619,2026/10/08,08:44:23,+0158307299,+0782027279,+00018107,16
XQ,+100176,-0615,+0709,-0614,2026/10/08,08:44:24,+0158307265,+0782027337,+00015250,16
XQ,+100210,-0605,+0711,-0613,2026/10/08,08:44:25,+0158307105,+0782027342,+00012411,16
XQ,+100248,-0602,+0712,-0610,2026/10/08,08:44:26,+0158307018,+0782027348,+00008555,16
XQ,+100298,-0598,+0714,-0607,2026/10/08,08:44:27,+0158307189,+0782027386,+00004518,16
XQ,+100316,-0593,+0715,-0604,2026/10/08,08:44:28,+0158307275,+0782027451,+00003444,16
XQ,+100331,-0601,+0716,-0606,2026/10/08,08:44:29,+0158307131,+0782027547,+00004274,16
XQ,+100330,-0607,+0717,-0604,2026/10/08,08:44:30,+0158307075,+0782027549,+00004342,16
XQ,+100334,-0611,+0717,-0607,2026/10/08,08:44:31,+0158307150,+0782027552,+00003342,16
XQ,+100335,-0610,+0718,-0606,2026/10/08,08:44:32,+0158307199,+0782027542,+00003189,16
XQ,+100329,-0609,+0718,-0609,2026/10/08,08:44:33,+0158307207,+0782027522,+00003630,16
XQ,+100319,-0609,+0719,-0607,2026/10/08,08:44:34,+0158307173,+0782027539,+00003799,16
XQ,+100316,-0613,+0719,-0609,2026/10/08,08:44:35,+0158307262,+0782027527,+00004410,16
XQ,+100310,-0613,+0719,-0607,2026/10/08,08:44:36,+0158307786,+0782027362,+00005114,16
XQ,+100298,-0613,+0719,-0609,2026/10/08,08:44:37,+0158308622,+0782027102,+00006213,16
XQ,+100312,-0614,+0719,-0609,2026/10/08,08:44:38,+0158309053,+0782027018,+00006766,16
XQ,+100309,-0619,+0718,-0610,2026/10/08,08:44:39,+0158309002,+0782026996,+00006583,16
XQ,+100312,-0619,+0718,-0612,2026/10/08,08:44:40,+0158308625,+0782026887,+00006419,16
XQ,+100310,-0620,+0718,-0612,2026/10/08,08:44:41,+0158308290,+0782026775,+00006267,16
XQ,+100312,-0621,+0719,-0612,2026/10/08,08:44:42,+0158308172,+0782026673,+00006233,16
XQ,+100302,-0620,+0718,-0613,2026/10/08,08:44:43,+0158307926,+0782026514,+00006107,16
XQ,+100310,-0620,+0718,-0614,2026/10/08,08:44:44,+0158307764,+0782026454,+00004861,16
XQ,+100327,-0617,+0717,-0613,2026/10/08,08:44:45,+0158307627,+0782026431,+00003814,16
XQ,+100354,-0616,+0718,-0617,2026/10/08,08:44:46,+0158307507,+0782026414,+00003297,16
XQ,+100365,-0618,+0718,-0614,2026/10/08,08:44:47,+0158307497,+0782026412,+00003501,16
XQ,+100376,-0620,+0719,-0614,2026/10/08,08:44:48,+0158307401,+0782026407,+00003539,16
XQ,+100379,-0620,+0719,-0616,2026/10/08,08:44:49,+0158307344,+0782026402,+00003234,16
XQ,+100371,-0619,+0719,-0614,2026/10/08,08:44:50,+0158307385,+0782026380,+00003242,16
XQ,+100377,-0620,+0719,-0616,2026/10/08,08:44:51,+0158307411,+0782026378,+00003642,16
XQ,+100376,-0620,+0720,-0613,2026/10/08,08:44:52,+0158307494,+0782026383,+00004508,16
XQ,+100376,-0621,+0721,-0616,2026/10/08,08:44:53,+0158307521,+0782026383,+00004813,16
XQ,+100375,-0622,+0721,-0617,2026/10/08,08:44:54,+0158307505,+0782026381,+00005525,16
XQ,+100373,-0622,+0722,-0616,2026/10/08,08:44:55,+0158307477,+0782026374,+00005509,16
XQ,+100374,-0622,+0722,-0617,2026/10/08,08:44:56,+0158307494,+0782026372,+00005861,16
XQ,+100374,-0623,+0722,-0619,2026/10/08,08:44:57,+0158307498,+0782026364,+00006749,16
XQ,+100369,-0621,+0721,-0617,2026/10/08,08:44:58,+0158307569,+0782026336,+00006464,16
XQ,+100370,-0620,+0721,-0619,2026/10/08,08:44:59,+0158307583,+0782026332,+00006590,16
XQ,+100367,-0620,+0721,-0619,2026/10/08,08:45:00,+0158307600,+0782026336,+00006504,16
XQ,+100376,-0621,+0722,-0617,2026/10/08,08:45:01,+0158307611,+0782026339,+00006231,16
XQ,+100375,-0622,+0722,-0617,2026/10/08,08:45:02,+0158307611,+0782026350,+00005882,16
XQ,+100372,-0623,+0723,-0617,2026/10/08,08:45:03,+0158307630,+0782026356,+00005727,16
XQ,+100373,-0624,+0724,-0620,2026/10/08,08:45:04,+0158307662,+0782026365,+00005566,16
XQ,+100384,-0624,+0724,-0620,2026/10/08,08:45:05,+0158307777,+0782026377,+00004914,16
XQ,+100384,-0622,+0723,-0617,2026/10/08,08:45:06,+0158307827,+0782026386,+00003920,16
XQ,+100388,-0621,+0723,-0619,2026/10/08,08:45:07,+0158307814,+0782026381,+00003722,16
XQ,+100389,-0621,+0723,-0619,2026/10/08,08:45:08,+0158307768,+0782026373,+00003416,16
XQ,+100388,-0622,+0724,-0617,2026/10/08,08:45:09,+0158307704,+0782026368,+00003225,16
XQ,+100392,-0623,+0724,-0620,2026/10/08,08:45:10,+0158307671,+0782026344,+00003081,16
XQ,+100395,-0624,+0726,-0620,2026/10/08,08:45:11,+0158307705,+0782026358,+00003439,16
XQ,+100406,-0626,+0727,-0621,2026/10/08,08:45:12,+0158307745,+0782026370,+00003386,16
XQ,+100401,-0627,+0727,-0621,2026/10/08,08:45:13,+0158307765,+0782026387,+00003514,16
XQ,+100404,-0626,+0728,-0620,2026/10/08,08:45:14,+0158307639,+0782026393,+00003531,16
XQ,+100408,-0626,+0729,-0620,2026/10/08,08:45:15,+0158307366,+0782026409,+00003577,16
XQ,+100407,-0626,+0729,-0623,2026/10/08,08:45:16,+0158307078,+0782026427,+00003676,16
XQ,+100403,-0626,+0729,-0623,2026/10/08,08:45:17,+0158306901,+0782026424,+00003761,16
XQ,+100411,-0625,+0728,-0621,2026/10/08,08:45:18,+0158306762,+0782026402,+00003507,16
XQ,+100413,-0624,+0728,-0621,2026/10/08,08:45:19,+0158306661,+0782026406,+00002830,16
XQ,+100417,-0624,+0731,-0620,2026/10/08,08:45:20,+0158306620,+0782026405,+00002335,16
XQ,+100417,-0623,+0731,-0621,2026/10/08,08:45:21,+0158306621,+0782026399,+00002190,16
XQ,+100423,-0620,+0734,-0620,2026/10/08,08:45:22,+0158306628,+0782026404,+00001714,16
XQ,+100430,-0608,+0736,-0616,2026/10/08,08:45:23,+0158306599,+0782026395,+00001163,16
XQ,+100428,-0601,+0739,-0614,2026/10/08,08:45:24,+0158306553,+0782026389,+00001139,16
XQ,+100430,-0587,+0741,-0610,2026/10/08,08:45:25,+0158306522,+0782026389,+00001150,16
XQ,+100435,-0596,+0742,-0610,2026/10/08,08:45:26,+0158306500,+0782026396,+00001349,16
XQ,+100432,-0603,+0743,-0612,2026/10/08,08:45:27,+0158306461,+0782026395,+00001597,16
XQ,+100433,-0608,+0743,-0613,2026/10/08,08:45:28,+0158306448,+0782026395,+00001705,16
XQ,+100432,-0612,+0743,-0612,2026/10/08,08:45:29,+0158306434,+0782026387,+00001819,16
XQ,+100439,-0616,+0743,-0613,2026/10/08,08:45:30,+0158306388,+0782026382,+00001848,16
XQ,+100433,-0618,+0743,-0614,2026/10/08,08:45:31,+0158306355,+0782026380,+00001972,16
XQ,+100436,-0618,+0743,-0614,2026/10/08,08:45:32,+0158306358,+0782026380,+00001966,16
XQ,+100438,-0618,+0744,-0614,2026/10/08,08:45:33,+0158306390,+0782026378,+00001927,16
XQ,+100435,-0620,+0745,-0614,2026/10/08,08:45:34,+0158306391,+0782026379,+00001987,16
XQ,+100433,-0622,+0744,-0614,2026/10/08,08:45:35,+0158306364,+0782026382,+00001937,16
XQ,+100431,-0621,+0744,-0616,2026/10/08,08:45:36,+0158306350,+0782026388,+00001768,16
XQ,+100437,-0621,+0745,-0616,2026/10/08,08:45:37,+0158306344,+0782026389,+00001805,16
XQ,+100434,-0617,+0746,-0616,2026/10/08,08:45:38,+0158306324,+0782026396,+00001520,16
XQ,+100435,-0617,+0747,-0616,2026/10/08,08:45:39,+0158306321,+0782026395,+00001607,16
XQ,+100437,-0620,+0747,-0616,2026/10/08,08:45:40,+0158306318,+0782026396,+00001513,16
XQ,+100435,-0622,+0748,-0617,2026/10/08,08:45:41,+0158306304,+0782026397,+00001360,16
XQ,+100436,-0620,+0749,-0616,2026/10/08,08:45:42,+0158306286,+0782026400,+00001435,16
XQ,+100437,-0620,+0750,-0616,2026/10/08,08:45:43,+0158306268,+0782026395,+00001316,16
XQ,+100436,-0619,+0751,-0617,2026/10/08,08:45:44,+0158306285,+0782026385,+00001181,16
XQ,+100431,-0619,+0753,-0619,2026/10/08,08:45:45,+0158306273,+0782026383,+00000721,16
XQ,+100435,-0618,+0754,-0616,2026/10/08,08:45:46,+0158306232,+0782026372,+00000821,16
XQ,+100437,-0618,+0755,-0617,2026/10/08,08:45:47,+0158306205,+0782026364,+00000849,16
XQ,+100433,-0622,+0754,-0616,2026/10/08,08:45:48,+0158306164,+0782026359,+00000646,16
XQ,+100433,-0623,+0754,-0617,2026/10/08,08:45:49,+0158306125,+0782026360,+00000323,16
XQ,+100428,-0628,+0752,-0619,2026/10/08,08:45:50,+0158306122,+0782026358,+00000324,16
XQ,+100432,-0626,+0752,-0617,2026/10/08,08:45:51,+0158306124,+0782026366,-00000087,16
XQ,+100435,-0627,+0752,-0619,2026/10/08,08:45:52,+0158306130,+0782026368,-00000338,16
XQ,+100433,-0626,+0752,-0619,2026/10/08,08:45:53,+0158306007,+0782026367,-00000542,16
XQ,+100436,-0617,+0751,-0619,2026/10/08,08:45:54,+0158306054,+0782026359,+00000031,16
XQ,+100437,-0588,+0750,-0613,2026/10/08,08:45:55,+0158306141,+0782026370,-00000093,16
XQ,+100432,-0550,+0749,-0607,2026/10/08,08:45:56,+0158306168,+0782026370,-00000101,16
XQ,+100439,-0536,+0749,-0606,2026/10/08,08:45:57,+0158306229,+0782026374,-00000112,16
XQ,+100433,-0534,+0747,-0601,2026/10/08,08:45:58,+0158306281,+0782026381,-00000033,16
XQ,+100432,-0527,+0747,-0599,2026/10/08,08:45:59,+0158306280,+0782026390,+00000226,16
XQ,+100430,-0515,+0748,-0595,2026/10/08,08:46:00,+0158306331,+0782026395,+00000719,16
XQ,+100431,-0505,+0747,-0591,2026/10/08,08:46:01,+0158306336,+0782026412,+00000800,16
XQ,+100437,-0504,+0747,-0588,2026/10/08,08:46:02,+0158306346,+0782026450,+00000988,16
XQ,+100434,-0499,+0747,-0585,2026/10/08,08:46:03,+0158306526,+0782026549,+00001580,16
XQ,+100439,-0508,+0745,-0584,2026/10/08,08:46:04,+0158306567,+0782026604,+00001039,16
XQ,+100442,-0518,+0744,-0582,2026/10/08,08:46:05,+0158306618,+0782026634,+00000645,16
XQ,+100430,-0506,+0743,-0578,2026/10/08,08:46:06,+0158306638,+0782026653,+00000325,16
XQ,+100435,-0503,+0742,-0574,2026/10/08,08:46:07,+0158306606,+0782026654,-00000137,16
XQ,+100436,-0509,+0740,-0573,2026/10/08,08:46:08,+0158306643,+0782026650,-00000099,16
XQ,+100439,-0526,+0738,-0573,2026/10/08,08:46:09,+0158306651,+0782026647,+00000086,16
XQ,+100433,-0497,+0741,-0563,2026/10/08,08:46:10,+0158306694,+0782026648,+00000036,16
XQ,+100440,-0461,+0739,-0554,2026/10/08,08:46:11,+0158306713,+0782026651,+00000032,16
XQ,+100436,-0473,+0738,-0468,2026/10/08,08:46:12,+0158306701,+0782026646,+00000354,16
XQ,+100434,-0455,+0736,-0375,2026/10/08,08:46:13,+0158306702,+0782026640,+00000817,16
XQ,+100440,-0461,+0724,-0292,2026/10/08,08:46:14,+0158306720,+0782026641,+00001002,16
XQ,+100438,-0453,+0709,-0220,2026/10/08,08:46:15,+0158306730,+0782026639,+00001124,16
XQ,+100440,-0465,+0695,-0158,2026/10/08,08:46:16,+0158306704,+0782026635,+00001060,16
XQ,+100437,-0433,+0681,-0097,2026/10/08,08:46:17,+0158306652,+0782026630,+00001007,16
XQ,+100437,-0434,+0663,-0049,2026/10/08,08:46:18,+0158306633,+0782026637,+00000918,16
XQ,+100438,-0380,+0657,-0002,2026/10/08,08:46:19,+0158306624,+0782026633,+00001050,16
XQ,+100436,-0338,+0642,+0043,2026/10/08,08:46:20,+0158306624,+0782026626,+00001380,16
XQ,+100438,-0638,+0647,-0492,2026/10/08,08:47:24,+0158307863,+0782026358,-00006789,04
XQ,+100440,-0637,+0649,-0497,2026/10/08,08:47:25,+0158308298,+0782026241,-00006249,04
XQ,+100437,-0636,+0652,-0500,2026/10/08,08:47:26,+0158307893,+0782026313,-00005639,04
XQ,+100439,-0636,+0655,-0506,2026/10/08,08:47:27,+0158307846,+0782026331,-00005832,04
XQ,+100438,-0632,+0657,-0509,2026/10/08,08:47:28,+0158307872,+0782026344,-00006597,04
XQ,+100439,-0636,+0660,-0511,2026/10/08,08:47:29,+0158308089,+0782026336,-00007857,04
XQ,+100439,-0635,+0662,-0516,2026/10/08,08:47:30,+0158308427,+0782026300,-00009330,04
XQ,+100439,-0641,+0663,-0521,2026/10/08,08:47:31,+0158307657,+0782026430,-00006284,06
XQ,+100443,-0639,+0665,-0526,2026/10/08,08:47:32,+0158307465,+0782026476,-00005603,06
XQ,+100439,-0636,+0667,-0528,2026/10/08,08:47:33,+0158307351,+0782026499,-00005240,06
XQ,+100446,-0637,+0669,-0531,2026/10/08,08:47:34,+0158307485,+0782026488,-00006088,06
XQ,+100439,-0638,+0670,-0534,2026/10/08,08:47:35,+0158307633,+0782026480,-00007427,06
XQ,+100439,-0641,+0671,-0539,2026/10/08,08:47:36,+0158307639,+0782026488,-00007219,06
XQ,+100437,-0643,+0671,-0543,2026/10/08,08:47:37,+0158307419,+0782026528,-00004957,06
XQ,+100435,-0640,+0673,-0549,2026/10/08,08:47:38,+0158307381,+0782026536,-00005009,06
XQ,+100434,-0641,+0674,-0550,2026/10/08,08:47:39,+0158307394,+0782026540,-00005727,08
XQ,+100435,-0643,+0676,-0553,2026/10/08,08:47:40,+0158307453,+0782026543,-00006039,08
XQ,+100433,-0643,+0677,-0560,2026/10/08,08:47:41,+0158307484,+0782026542,-00005333,08
XQ,+100438,-0642,+0677,-0560,2026/10/08,08:47:42,+0158307437,+0782026538,-00004857,08
XQ,+100438,-0644,+0677,-0563,2026/10/08,08:47:43,+0158307419,+0782026537,-00004356,08
XQ,+100439,-0644,+0678,-0566,2026/10/08,08:47:44,+0158307377,+0782026540,-00004164,08
XQ,+100437,-0645,+0679,-0568,2026/10/08,08:47:45,+0158307261,+0782026548,-00004210,08
XQ,+100439,-0641,+0681,-0571,2026/10/08,08:47:46,+0158307207,+0782026552,-00004261,08
XQ,+100439,-0642,+0683,-0573,2026/10/08,08:47:47,+0158307273,+0782026542,-00003990,08
XQ,+100434,-0643,+0685,-0575,2026/10/08,08:47:48,+0158307313,+0782026534,-00003797,08
XQ,+100438,-0641,+0687,-0575,2026/10/08,08:47:49,+0158307282,+0782026529,-00003836,08
XQ,+100441,-0643,+0689,-0580,2026/10/08,08:47:50,+0158307218,+0782026533,-00003990,08
XQ,+100441,-0644,+0690,-0582,2026/10/08,08:47:51,+0158307199,+0782026541,-00003971,08
XQ,+100436,-0643,+0693,-0584,2026/10/08,08:47:52,+0158307263,+0782026537,-00004483,08
XQ,+100435,-0642,+0694,-0585,2026/10/08,08:47:53,+0158307306,+0782026534,-00004530,08
XQ,+100435,-0641,+0697,-0588,2026/10/08,08:47:54,+0158307327,+0782026526,-00004000,08
XQ,+100438,-0642,+0698,-0588,2026/10/08,08:47:55,+0158307275,+0782026525,-00003526,08
XQ,+100435,-0643,+0699,-0589,2026/10/08,08:47:56,+0158307196,+0782026522,-00003170,08
XQ,+100438,-0646,+0699,-0591,2026/10/08,08:47:57,+0158307210,+0782026517,-00002606,08
XQ,+100436,-0645,+0700,-0592,2026/10/08,08:47:58,+0158307235,+0782026505,-00001791,08
XQ,+100436,-0642,+0702,-0594,2026/10/08,08:47:59,+0158307208,+0782026510,-00001732,08
XQ,+100441,-0641,+0703,-0592,2026/10/08,08:48:00,+0158307219,+0782026504,-00001575,08
XQ,+100435,-0645,+0703,-0596,2026/10/08,08:48:01,+0158307165,+0782026506,-00001673,09
XQ,+100439,-0646,+0703,-0599,2026/10/08,08:48:02,+0158307147,+0782026505,-00001612,09
XQ,+100438,-0641,+0705,-0599,2026/10/08,08:48:03,+0158307038,+0782026500,-00001316,10
XQ,+100437,-0643,+0705,-0601,2026/10/08,08:48:04,+0158306979,+0782026497,-00001077,10
XQ,+100439,-0644,+0706,-0603,2026/10/08,08:48:05,+0158306973,+0782026492,-00000912,10
XQ,+100441,-0644,+0707,-0603,2026/10/08,08:48:06,+0158306958,+0782026494,-00000804,10
XQ,+100437,-0639,+0710,-0603,2026/10/08,08:48:07,+0158306947,+0782026497,-00000495,11
XQ,+100439,-0638,+0712,-0604,2026/10/08,08:48:08,+0158306934,+0782026490,-00000026,11
XQ,+100436,-0638,+0713,-0606,2026/10/08,08:48:09,+0158306949,+0782026480,+00000472,12
XQ,+100437,-0643,+0714,-0607,2026/10/08,08:48:10,+0158306919,+0782026481,+00000380,12
XQ,+100439,-0645,+0714,-0609,2026/10/08,08:48:11,+0158306942,+0782026474,+00000446,12
XQ,+100436,-0647,+0715,-0610,2026/10/08,08:48:12,+0158306958,+0782026463,+00000686,12
XQ,+100438,-0645,+0716,-0610,2026/10/08,08:48:13,+0158306960,+0782026451,+00000901,12
XQ,+100437,-0644,+0717,-0612,2026/10/08,08:48:14,+0158306983,+0782026439,+00001420,12
XQ,+100442,-0647,+0718,-0612,2026/10/08,08:48:15,+0158307013,+0782026433,+00001712,12
XQ,+100441,-0647,+0718,-0613,2026/10/08,08:48:16,+0158306993,+0782026427,+00001451,12
XQ,+100438,-0648,+0718,-0613,2026/10/08,08:48:17,+0158307001,+0782026429,+00001000,12
XQ,+100436,-0646,+0718,-0613,2026/10/08,08:48:18,+0158306968,+0782026431,+00001055,12
XQ,+100438,-0646,+0719,-0616,2026/10/08,08:48:19,+0158306975,+0782026426,+00001059,12
XQ,+100439,-0649,+0718,-0616,2026/10/08,08:48:20,+0158306975,+0782026421,+00001121,12
XQ,+100435,-0647,+0720,-0617,2026/10/08,08:48:21,+0158307014,+0782026426,+00001354,12
XQ,+100439,-0645,+0720,-0617,2026/10/08,08:48:22,+0158307039,+0782026425,+00001728,12
XQ,+100438,-0648,+0720,-0619,2026/10/08,08:48:23,+0158306990,+0782026421,+00001814,12
XQ,+100431,-0646,+0722,-0619,2026/10/08,08:48:24,+0158306945,+0782026425,+00002019,12
XQ,+100436,-0643,+0724,-0619,2026/10/08,08:48:25,+0158306922,+0782026428,+00002455,12
XQ,+100436,-0641,+0725,-0619,2026/10/08,08:48:26,+0158306870,+0782026435,+00002208,12
XQ,+100443,-0640,+0727,-0620,2026/10/08,08:48:27,+0158306799,+0782026433,+00002111,12
XQ,+100440,-0643,+0727,-0620,2026/10/08,08:48:28,+0158306751,+0782026428,+00002309,12
XQ,+100440,-0646,+0727,-0621,2026/10/08,08:48:29,+0158306759,+0782026426,+00003266,12
XQ,+100439,-0647,+0727,-0621,2026/10/08,08:48:30,+0158306684,+0782026421,+00003055,12
XQ,+100437,-0648,+0727,-0621,2026/10/08,08:48:31,+0158306656,+0782026411,+00002892,12
XQ,+100438,-0650,+0726,-0621,2026/10/08,08:48:32,+0158306658,+0782026405,+00003215,12
XQ,+100439,-0649,+0727,-0624,2026/10/08,08:48:33,+0158306687,+0782026402,+00003137,12
XQ,+100437,-0646,+0728,-0624,2026/10/08,08:48:34,+0158306700,+0782026393,+00003625,12
XQ,+100438,-0645,+0729,-0623,2026/10/08,08:48:35,+0158306674,+0782026391,+00003799,12
XQ,+100437,-0642,+0731,-0623,2026/10/08,08:48:36,+0158306679,+0782026392,+00004208,12
XQ,+100438,-0644,+0731,-0623,2026/10/08,08:48:37,+0158306684,+0782026391,+00004454,12
XQ,+100441,-0647,+0732,-0627,2026/10/08,08:48:38,+0158306620,+0782026395,+00004286,12
XQ,+100438,-0650,+0731,-0624,2026/10/08,08:48:39,+0158306592,+0782026399,+00004132,13
XQ,+100438,-0653,+0731,-0627,2026/10/08,08:48:40,+0158306589,+0782026399,+00003875,13
XQ,+100438,-0654,+0731,-0630,2026/10/08,08:48:41,+0158306557,+0782026401,+00003738,13
XQ,+100439,-0653,+0732,-0630,2026/10/08,08:48:42,+0158306506,+0782026402,+00003691,13
XQ,+100439,-0647,+0732,-0628,2026/10/08,08:48:43,+0158306473,+0782026402,+00003383,13
XQ,+100438,-0628,+0733,-0626,2026/10/08,08:48:44,+0158306521,+0782026398,+00003475,13
XQ,+100438,-0626,+0734,-0623,2026/10/08,08:48:45,+0158306599,+0782026393,+00003647,13
XQ,+100436,-0632,+0736,-0626,2026/10/08,08:48:46,+0158306583,+0782026392,+00003306,13
XQ,+100437,-0639,+0737,-0627,2026/10/08,08:48:47,+0158306556,+0782026387,+00003219,13
XQ,+100435,-0643,+0737,-0626,2026/10/08,08:48:48,+0158306515,+0782026389,+00003178,13
XQ,+100435,-0637,+0738,-0627,2026/10/08,08:48:49,+0158306494,+0782026387,+00003030,13
XQ,+100439,-0645,+0738,-0627,2026/10/08,08:48:50,+0158306495,+0782026388,+00003073,13
XQ,+100437,-0632,+0737,-0627,2026/10/08,08:48:51,+0158306496,+0782026395,+00002878,13
XQ,+100437,-0615,+0737,-0623,2026/10/08,08:48:52,+0158306524,+0782026388,+00002461,13
XQ,+100439,-0613,+0737,-0621,2026/10/08,08:48:53,+0158306476,+0782026384,+00002015,13
XQ,+100439,-0605,+0738,-0620,2026/10/08,08:48:54,+0158306500,+0782026382,+00002247,13
XQ,+100435,-0602,+0737,-0617,2026/10/08,08:48:55,+0158306565,+0782026383,+00002418,13
XQ,+100428,-0616,+0735,-0619,2026/10/08,08:48:56,+0158306602,+0782026377,+00002539,13
XQ,+100417,-0641,+0731,-0623,2026/10/08,08:48:57,+0158306575,+0782026374,+00002735,13
XQ,+100407,-0654,+0727,-0627,2026/10/08,08:48:58,+0158306553,+0782026367,+00003790,13
XQ,+100395,-0660,+0725,-0633,2026/10/08,08:48:59,+0158306450,+0782026373,+00002876,13
XQ,+100396,-0664,+0723,-0640,2026/10/08,08:49:00,+0158306584,+0782026361,+00003425,13
XQ,+100393,-0665,+0722,-0642,2026/10/08,08:49:01,+0158307051,+0782026293,+00003271,13
XQ,+100391,-0666,+0721,-0644,2026/10/08,08:49:02,+0158307829,+0782026208,+00003551,13
XQ,+100385,-0667,+0720,-0647,2026/10/08,08:49:03,+0158308549,+0782026127,+00003662,13
XQ,+100395,-0667,+0718,-0649,2026/10/08,08:49:04,+0158308846,+0782026101,+00003955,13
XQ,+100393,-0667,+0717,-0652,2026/10/08,08:49:05,+0158308931,+0782026130,+00004812,13
XQ,+100395,-0666,+0717,-0654,2026/10/08,08:49:06,+0158308941,+0782026154,+00004648,13
XQ,+100395,-0667,+0717,-0655,2026/10/08,08:49:07,+0158308993,+0782026165,+00004984,13
XQ,+100393,-0668,+0717,-0655,2026/10/08,08:49:08,+0158308940,+0782026147,+00005639,13
XQ,+100388,-0668,+0716,-0657,2026/10/08,08:49:09,+0158308919,+0782026134,+00007149,13
XQ,+100376,-0669,+0715,-0658,2026/10/08,08:49:10,+0158308976,+0782026139,+00009036,13
XQ,+100361,-0669,+0715,-0658,2026/10/08,08:49:11,+0158309001,+0782026125,+00009766,13
XQ,+100351,-0670,+0713,-0658,2026/10/08,08:49:12,+0158309005,+0782026091,+00011359,13
XQ,+100336,-0669,+0712,-0658,2026/10/08,08:49:13,+0158309123,+0782026073,+00013271,13
XQ,+100324,-0666,+0709,-0659,2026/10/08,08:49:14,+0158309189,+0782026071,+00013819,13
XQ,+100312,-0661,+0707,-0658,2026/10/08,08:49:15,+0158309154,+0782026037,+00013579,13
XQ,+100299,-0645,+0704,-0658,2026/10/08,08:49:16,+0158309226,+0782026015,+00014453,13
XQ,+100284,-0630,+0701,-0654,2026/10/08,08:49:17,+0158309312,+0782025993,+00014662,13
XQ,+100268,-0619,+0698,-0648,2026/10/08,08:49:18,+0158309407,+0782025980,+00015909,13
XQ,+100256,-0612,+0694,-0645,2026/10/08,08:49:19,+0158309461,+0782025992,+00016550,13
XQ,+100240,-0610,+0692,-0641,2026/10/08,08:49:20,+0158309460,+0782025984,+00016997,13
XQ,+100225,-0608,+0689,-0638,2026/10/08,08:49:21,+0158309533,+0782025961,+00018356,13
XQ,+100211,-0603,+0687,-0637,2026/10/08,08:49:22,+0158309740,+0782025943,+00019944,13
XQ,+100198,-0600,+0685,-0631,2026/10/08,08:49:23,+0158309825,+0782025913,+00020335,13
XQ,+100184,-0593,+0683,-0631,2026/10/08,08:49:24,+0158309916,+0782025911,+00022026,12
XQ,+100164,-0583,+0681,-0626,2026/10/08,08:49:25,+0158310091,+0782025916,+00024095,13
XQ,+100145,-0569,+0679,-0621,2026/10/08,08:49:26,+0158310148,+0782025928,+00026475,13
XQ,+100134,-0562,+0678,-0616,2026/10/08,08:49:27,+0158310106,+0782025925,+00028258,13
XQ,+100118,-0558,+0677,-0613,2026/10/08,08:49:28,+0158310084,+0782025915,+00029561,13
XQ,+100101,-0556,+0676,-0607,2026/10/08,08:49:29,+0158310145,+0782025897,+00031162,11
XQ,+100089,-0553,+0674,-0601,2026/10/08,08:49:30,+0158310289,+0782025918,+00032138,13
XQ,+100071,-0547,+0673,-0598,2026/10/08,08:49:31,+0158310339,+0782025940,+00033149,13
XQ,+100059,-0546,+0672,-0595,2026/10/08,08:49:32,+0158310442,+0782025937,+00034438,12
XQ,+100043,-0541,+0672,-0591,2026/10/08,08:49:33,+0158310642,+0782025947,+00035599,12
XQ,+100035,-0533,+0671,-0585,2026/10/08,08:49:34,+0158310787,+0782025946,+00037524,13
XQ,+100019,-0529,+0670,-0581,2026/10/08,08:49:35,+0158310833,+0782025918,+00038670,13
XQ,+100009,-0532,+0667,-0575,2026/10/08,08:49:36,+0158310874,+0782025873,+00039053,12
XQ,+099996,-0532,+0666,-0574,2026/10/08,08:49:37,+0158310627,+0782025828,+00040195,12
XQ,+099983,-0530,+0665,-0570,2026/10/08,08:49:38,+0158310517,+0782025785,+00040651,12
XQ,+099972,-0528,+0663,-0567,2026/10/08,08:49:39,+0158310473,+0782025754,+00041511,13
XQ,+099956,-0524,+0662,-0563,2026/10/08,08:49:40,+0158310500,+0782025718,+00042658,13
XQ,+099951,-0518,+0660,-0556,2026/10/08,08:49:41,+0158310560,+0782025675,+00043763,13
XQ,+099940,-0511,+0658,-0554,2026/10/08,08:49:42,+0158310666,+0782025648,+00044929,13
XQ,+099925,-0509,+0656,-0550,2026/10/08,08:49:43,+0158310792,+0782025657,+00046367,12
XQ,+099913,-0507,+0655,-0547,2026/10/08,08:49:44,+0158310826,+0782025681,+00047665,13
XQ,+099900,-0506,+0653,-0542,2026/10/08,08:49:45,+0158310743,+0782025726,+00049714,12
XQ,+099889,-0505,+0652,-0541,2026/10/08,08:49:46,+0158310721,+0782025737,+00051153,12
XQ,+099878,-0507,+0650,-0535,2026/10/08,08:49:47,+0158310687,+0782025738,+00052679,12
XQ,+099866,-0505,+0649,-0533,2026/10/08,08:49:48,+0158310567,+0782025739,+00052819,11
XQ,+099852,-0503,+0647,-0528,2026/10/08,08:49:49,+0158310555,+0782025723,+00053587,10
XQ,+099846,-0502,+0645,-0527,2026/10/08,08:49:50,+0158309989,+0782025626,+00053304,13
XQ,+099835,-0502,+0644,-0526,2026/10/08,08:49:51,+0158309943,+0782025609,+00053856,12
XQ,+099824,-0499,+0642,-0521,2026/10/08,08:49:52,+0158309941,+0782025592,+00054788,11
XQ,+099813,-0496,+0641,-0518,2026/10/08,08:49:53,+0158309955,+0782025572,+00055517,11
XQ,+099797,-0490,+0640,-0516,2026/10/08,08:49:54,+0158310100,+0782025550,+00057723,12
XQ,+099792,-0486,+0639,-0514,2026/10/08,08:49:55,+0158310076,+0782025583,+00059520,11
XQ,+099779,-0482,+0637,-0511,2026/10/08,08:49:56,+0158310048,+0782025548,+00059848,11
XQ,+099769,-0481,+0636,-0509,2026/10/08,08:49:57,+0158309877,+0782025545,+00060441,12
XQ,+099759,-0482,+0633,-0506,2026/10/08,08:49:58,+0158308893,+0782025625,+00059941,11
XQ,+099747,-0482,+0633,-0504,2026/10/08,08:49:59,+0158308575,+0782025640,+00060490,11
XQ,+099735,-0483,+0631,-0502,2026/10/08,08:50:00,+0158308453,+0782025638,+00061108,12
XQ,+099732,-0482,+0630,-0500,2026/10/08,08:50:01,+0158308379,+0782025650,+00061992,11
XQ,+099714,-0481,+0629,-0499,2026/10/08,08:50:02,+0158308446,+0782025683,+00063384,10
XQ,+099704,-0480,+0628,-0497,2026/10/08,08:50:03,+0158308463,+0782025697,+00064107,11
XQ,+099698,-0479,+0627,-0496,2026/10/08,08:50:04,+0158308382,+0782025707,+00063867,12
XQ,+099686,-0478,+0626,-0495,2026/10/08,08:50:05,+0158308411,+0782025709,+00064102,12
XQ,+099677,-0479,+0625,-0493,2026/10/08,08:50:06,+0158308455,+0782025707,+00064531,12
XQ,+099665,-0481,+0624,-0490,2026/10/08,08:50:07,+0158308553,+0782025713,+00065306,12
XQ,+099656,-0481,+0623,-0490,2026/10/08,08:50:08,+0158308651,+0782025680,+00066015,10
XQ,+099643,-0481,+0622,-0492,2026/10/08,08:50:09,+0158308713,+0782025661,+00067095,11
XQ,+099637,-0484,+0621,-0489,2026/10/08,08:50:10,+0158308631,+0782025655,+00068007,10
XQ,+099624,-0481,+0621,-0490,2026/10/08,08:50:11,+0158308502,+0782025628,+00068564,10
XQ,+099610,-0481,+0620,-0490,2026/10/08,08:50:12,+0158308405,+0782025644,+00069339,11
XQ,+099601,-0481,+0620,-0489,2026/10/08,08:50:13,+0158308469,+0782025671,+00069968,10
XQ,+099595,-0477,+0619,-0488,2026/10/08,08:50:14,+0158308591,+0782025666,+00070431,11
XQ,+099586,-0474,+0618,-0486,2026/10/08,08:50:15,+0158308576,+0782025659,+00070703,11
XQ,+099568,-0473,+0618,-0485,2026/10/08,08:50:16,+0158308593,+0782025652,+00071053,10
XQ,+099564,-0471,+0617,-0483,2026/10/08,08:50:17,+0158308083,+0782025655,+00070523,10
XQ,+099559,-0467,+0616,-0482,2026/10/08,08:50:18,+0158307798,+0782025632,+00067987,11
XQ,+099550,-0467,+0616,-0481,2026/10/08,08:50:19,+0158307504,+0782025650,+00067404,12
XQ,+099535,-0465,+0615,-0478,2026/10/08,08:50:20,+0158306915,+0782025616,+00064337,13
XQ,+099523,-0464,+0614,-0476,2026/10/08,08:50:21,+0158306818,+0782025604,+00063792,10
XQ,+099513,-0463,+0614,-0476,2026/10/08,08:50:22,+0158306825,+0782025632,+00066349,12
XQ,+099500,-0461,+0612,-0474,2026/10/08,08:50:23,+0158306920,+0782025642,+00067316,13
XQ,+099487,-0459,+0611,-0472,2026/10/08,08:50:24,+0158306928,+0782025713,+00068695,11
XQ,+099480,-0455,+0610,-0471,2026/10/08,08:50:25,+0158306861,+0782025772,+00069990,12
XQ,+099465,-0449,+0609,-0468,2026/10/08,08:50:26,+0158306925,+0782025782,+00072185,12
XQ,+099453,-0447,+0607,-0467,2026/10/08,08:50:27,+0158307086,+0782025764,+00073739,12
XQ,+099442,-0444,+0606,-0468,2026/10/08,08:50:28,+0158307269,+0782025758,+00074932,12
XQ,+099434,-0444,+0603,-0463,2026/10/08,08:50:29,+0158307415,+0782025764,+00076394,12
XQ,+099421,-0444,+0603,-0464,2026/10/08,08:50:30,+0158307388,+0782025693,+00076283,12
XQ,+099409,-0445,+0601,-0463,2026/10/08,08:50:31,+0158307268,+0782025650,+00076102,11
XQ,+099400,-0447,+0600,-0461,2026/10/08,08:50:32,+0158307248,+0782025613,+00077016,12
XQ,+099392,-0449,+0599,-0461,2026/10/08,08:50:33,+0158307314,+0782025603,+00077971,13
XQ,+099377,-0450,+0598,-0463,2026/10/08,08:50:34,+0158307385,+0782025622,+00078572,12
XQ,+099365,-0452,+0598,-0463,2026/10/08,08:50:35,+0158307275,+0782025624,+00078437,11
XQ,+099356,-0450,+0597,-0463,2026/10/08,08:50:36,+0158307233,+0782025657,+00079668,11
XQ,+099342,-0448,+0596,-0461,2026/10/08,08:50:37,+0158307179,+0782025679,+00080895,11
XQ,+099329,-0446,+0595,-0461,2026/10/08,08:50:38,+0158307021,+0782025646,+00081862,10
XQ,+099319,-0445,+0595,-0461,2026/10/08,08:50:39,+0158306976,+0782025663,+00083134,10
XQ,+099303,-0446,+0594,-0460,2026/10/08,08:50:40,+0158306318,+0782025644,+00080395,10
XQ,+099290,-0448,+0594,-0460,2026/10/08,08:50:41,+0158305071,+0782025426,+00069076,10
XQ,+099284,-0452,+0593,-0461,2026/10/08,08:50:42,+0158304800,+0782025344,+00066568,11
XQ,+099271,-0455,+0593,-0461,2026/10/08,08:50:43,+0158304214,+0782025409,+00067013,11
XQ,+099258,-0455,+0593,-0461,2026/10/08,08:50:44,+0158304106,+0782025415,+00067821,09
XQ,+099249,-0455,+0592,-0461,2026/10/08,08:50:45,+0158304101,+0782025421,+00068993,10
XQ,+099237,-0455,+0592,-0461,2026/10/08,08:50:46,+0158304134,+0782025406,+00069931,10
XQ,+099228,-0454,+0592,-0461,2026/10/08,08:50:47,+0158304161,+0782025391,+00071313,10
XQ,+099210,-0455,+0592,-0461,2026/10/08,08:50:48,+0158304246,+0782025400,+00072138,09
XQ,+099200,-0456,+0592,-0463,2026/10/08,08:50:49,+0158304120,+0782025370,+00071677,09
XQ,+099186,-0456,+0591,-0461,2026/10/08,08:50:50,+0158304147,+0782025360,+00069910,12
XQ,+099178,-0454,+0591,-0464,2026/10/08,08:50:51,+0158304209,+0782025405,+00071315,09
XQ,+099159,-0453,+0591,-0463,2026/10/08,08:50:52,+0158304407,+0782025371,+00071802,13
XQ,+099149,-0454,+0591,-0463,2026/10/08,08:50:53,+0158304452,+0782025353,+00070944,10
XQ,+099131,-0454,+0591,-0461,2026/10/08,08:50:54,+0158304570,+0782025358,+00071986,10
XQ,+099124,-0455,+0591,-0461,2026/10/08,08:50:55,+0158304478,+0782025329,+00071292,11
XQ,+099112,-0456,+0591,-0461,2026/10/08,08:50:56,+0158304364,+0782025276,+00072014,12
XQ,+099101,-0457,+0590,-0461,2026/10/08,08:50:57,+0158304299,+0782025249,+00072802,11
XQ,+099089,-0456,+0591,-0461,2026/10/08,08:50:58,+0158304130,+0782025205,+00072975,12
XQ,+099078,-0453,+0591,-0461,2026/10/08,08:50:59,+0158304035,+0782025185,+00074740,10
XQ,+099063,-0452,+0591,-0461,2026/10/08,08:51:00,+0158303442,+0782025112,+00074793,12
XQ,+099057,-0451,+0591,-0461,2026/10/08,08:51:01,+0158303215,+0782025145,+00078596,12
XQ,+099043,-0455,+0591,-0461,2026/10/08,08:51:02,+0158303234,+0782025165,+00082135,10
XQ,+099034,-0459,+0591,-0463,2026/10/08,08:51:03,+0158303263,+0782025171,+00085434,12
XQ,+099026,-0461,+0590,-0460,2026/10/08,08:51:04,+0158303429,+0782025192,+00088491,12
XQ,+099008,-0463,+0590,-0461,2026/10/08,08:51:05,+0158303704,+0782025228,+00091521,11
XQ,+099000,-0465,+0590,-0464,2026/10/08,08:51:06,+0158303935,+0782025239,+00093388,13
XQ,+099000,-0465,+0590,-0464,2026/10/08,08:51:07,+0158304185,+0782025310,+00096339,14
XQ,+098999,-0466,+0590,-0464,2026/10/08,08:51:08,+0158304499,+0782025355,+00097961,14
XQ,+098997,-0466,+0590,-0465,2026/10/08,08:51:09,+0158304856,+0782025367,+00099893,13
XQ,+098998,-0464,+0591,-0465,2026/10/08,08:51:10,+0158305133,+0782025351,+00101138,13
XQ,+098993,-0466,+0591,-0465,2026/10/08,08:51:11,+0158305528,+0782025430,+00103506,14
XQ,+098996,-0465,+0591,-0467,2026/10/08,08:51:12,+0158305830,+0782025506,+00104605,13
XQ,+098997,-0466,+0591,-0465,2026/10/08,08:51:13,+0158306146,+0782025538,+00105774,13
XQ,+099004,-0465,+0591,-0465,2026/10/08,08:51:14,+0158306258,+0782025538,+00105690,12
XQ,+099027,-0458,+0591,-0463,2026/10/08,08:51:15,+0158306349,+0782025570,+00104216,12
XQ,+099072,-0453,+0591,-0461,2026/10/08,08:51:16,+0158306404,+0782025601,+00102382,11
XQ,+099093,-0453,+0591,-0461,2026/10/08,08:51:17,+0158306394,+0782025619,+00099734,12
XQ,+099141,-0453,+0591,-0458,2026/10/08,08:51:18,+0158306583,+0782025652,+00097730,12
XQ,+099165,-0447,+0590,-0457,2026/10/08,08:51:19,+0158306640,+0782025690,+00096234,12
XQ,+099187,-0450,+0590,-0457,2026/10/08,08:51:20,+0158306548,+0782025654,+00094197,13
XQ,+099190,-0452,+0589,-0458,2026/10/08,08:51:21,+0158306718,+0782025662,+00093716,13
XQ,+099197,-0449,+0590,-0456,2026/10/08,08:51:22,+0158306942,+0782025697,+00091938,13
XQ,+099222,-0442,+0589,-0451,2026/10/08,08:51:23,+0158307078,+0782025724,+00090125,12
XQ,+099263,-0438,+0589,-0451,2026/10/08,08:51:24,+0158306401,+0782025514,+00080987,12
XQ,+099298,-0434,+0589,-0449,2026/10/08,08:51:25,+0158306554,+0782025584,+00079509,10
XQ,+099341,-0437,+0589,-0447,2026/10/08,08:51:26,+0158306638,+0782025603,+00076460,11
XQ,+099380,-0439,+0588,-0447,2026/10/08,08:51:27,+0158306714,+0782025623,+00072954,12
XQ,+099403,-0435,+0589,-0447,2026/10/08,08:51:28,+0158306828,+0782025622,+00070772,15
XQ,+099443,-0430,+0588,-0443,2026/10/08,08:51:29,+0158306908,+0782025644,+00068200,13
XQ,+099469,-0427,+0588,-0440,2026/10/08,08:51:30,+0158306947,+0782025660,+00066156,13
XQ,+099528,-0428,+0588,-0440,2026/10/08,08:51:31,+0158307040,+0782025674,+00064103,11
XQ,+099549,-0429,+0589,-0439,2026/10/08,08:51:32,+0158307053,+0782025702,+00063198,12
XQ,+099588,-0429,+0589,-0439,2026/10/08,08:51:33,+0158307233,+0782025698,+00061125,12
XQ,+099621,-0437,+0589,-0439,2026/10/08,08:51:34,+0158307322,+0782025736,+00059243,10
XQ,+099659,-0449,+0590,-0440,2026/10/08,08:51:35,+0158307297,+0782025744,+00056796,11
XQ,+099695,-0464,+0591,-0444,2026/10/08,08:51:36,+0158307242,+0782025717,+00053498,13
XQ,+099726,-0480,+0591,-0449,2026/10/08,08:51:37,+0158307309,+0782025691,+00050874,12
XQ,+099759,-0494,+0592,-0457,2026/10/08,08:51:38,+0158307031,+0782025638,+00047155,14
XQ,+099800,-0504,+0594,-0464,2026/10/08,08:51:39,+0158307313,+0782025654,+00045594,12
XQ,+099835,-0507,+0595,-0468,2026/10/08,08:51:40,+0158307382,+0782025688,+00043432,13
XQ,+099873,-0507,+0597,-0474,2026/10/08,08:51:41,+0158307349,+0782025702,+00040483,14
XQ,+099891,-0508,+0599,-0478,2026/10/08,08:51:42,+0158307366,+0782025719,+00039230,15
XQ,+099920,-0512,+0600,-0483,2026/10/08,08:51:43,+0158307421,+0782025753,+00037557,14
XQ,+099968,-0522,+0600,-0486,2026/10/08,08:51:44,+0158307452,+0782025765,+00034330,13
XQ,+099999,-0531,+0601,-0493,2026/10/08,08:51:45,+0158307447,+0782025774,+00031198,13
XQ,+100041,-0534,+0602,-0497,2026/10/08,08:51:46,+0158307317,+0782025776,+00027987,15
XQ,+100052,-0546,+0601,-0503,2026/10/08,08:51:47,+0158307209,+0782025784,+00026060,14
XQ,+100055,-0563,+0601,-0514,2026/10/08,08:51:48,+0158307202,+0782025800,+00025576,14
XQ,+100096,-0562,+0602,-0520,2026/10/08,08:51:49,+0158307355,+0782025870,+00023841,15
XQ,+100123,-0561,+0602,-0524,2026/10/08,08:51:50,+0158307465,+0782025942,+00022202,14
XQ,+100143,-0560,+0603,-0526,2026/10/08,08:51:51,+0158307445,+0782025929,+00019890,15
XQ,+100149,-0574,+0602,-0533,2026/10/08,08:51:52,+0158307473,+0782025916,+00017996,15
XQ,+100169,-0578,+0602,-0539,2026/10/08,08:51:53,+0158307533,+0782025952,+00015900,15
XQ,+100202,-0586,+0603,-0547,2026/10/08,08:51:54,+0158307601,+0782025983,+00014090,15
XQ,+100227,-0603,+0604,-0554,2026/10/08,08:51:55,+0158307561,+0782026026,+00012070,15
XQ,+100248,-0622,+0610,-0566,2026/10/08,08:51:56,+0158307540,+0782026074,+00011075,15
XQ,+100274,-0636,+0617,-0574,2026/10/08,08:51:57,+0158307546,+0782026107,+00009528,15
XQ,+100306,-0649,+0625,-0585,2026/10/08,08:51:58,+0158307583,+0782026139,+00008848,15
XQ,+100331,-0653,+0632,-0591,2026/10/08,08:51:59,+0158307629,+0782026129,+00007607,15
XQ,+100341,-0655,+0639,-0596,2026/10/08,08:52:00,+0158307659,+0782026106,+00005650,15
XQ,+100357,-0653,+0646,-0601,2026/10/08,08:52:01,+0158307637,+0782026110,+00005244,15
XQ,+100378,-0650,+0652,-0607,2026/10/08,08:52:02,+0158307610,+0782026113,+00004919,15
XQ,+100385,-0657,+0656,-0612,2026/10/08,08:52:03,+0158307619,+0782026133,+00004491,15
XQ,+100385,-0663,+0662,-0619,2026/10/08,08:52:04,+0158307553,+0782026138,+00003277,15
XQ,+100395,-0669,+0666,-0623,2026/10/08,08:52:05,+0158307572,+0782026139,+00003235,15
XQ,+100399,-0672,+0670,-0630,2026/10/08,08:52:06,+0158307316,+0782026202,+00003606,15
XQ,+100410,-0671,+0674,-0631,2026/10/08,08:52:07,+0158307026,+0782026246,+00003476,15
XQ,+100400,-0670,+0679,-0637,2026/10/08,08:52:08,+0158306917,+0782026263,+00003336,15
XQ,+100397,-0669,+0683,-0638,2026/10/08,08:52:09,+0158306825,+0782026281,+00003304,15
XQ,+100402,-0664,+0687,-0641,2026/10/08,08:52:10,+0158306658,+0782026313,+00003088,15
XQ,+100399,-0662,+0690,-0641,2026/10/08,08:52:11,+0158306535,+0782026339,+00002983,15
XQ,+100388,-0664,+0694,-0644,2026/10/08,08:52:12,+0158306555,+0782026361,+00003326,15
XQ,+100397,-0665,+0696,-0645,2026/10/08,08:52:13,+0158306629,+0782026372,+00002935,15
XQ,+100409,-0665,+0700,-0645,2026/10/08,08:52:14,+0158306706,+0782026379,+00002908,15
XQ,+100413,-0667,+0704,-0649,2026/10/08,08:52:15,+0158306708,+0782026401,+00002710,15
XQ,+100416,-0669,+0707,-0649,2026/10/08,08:52:16,+0158306718,+0782026411,+00002509,15
XQ,+100423,-0665,+0711,-0651,2026/10/08,08:52:17,+0158306731,+0782026403,+00002265,15
XQ,+100426,-0663,+0715,-0651,2026/10/08,08:52:18,+0158306718,+0782026426,+00001317,15
XQ,+100436,-0652,+0719,-0647,2026/10/08,08:52:19,+0158306774,+0782026442,+00001233,15
XQ,+100441,-0637,+0721,-0644,2026/10/08,08:52:20,+0158306807,+0782026446,+00001311,15
XQ,+100438,-0618,+0722,-0640,2026/10/08,08:52:21,+0158306833,+0782026436,+00000896,15
XQ,+100439,-0613,+0723,-0637,2026/10/08,08:52:22,+0158306951,+0782026443,+00001592,15
XQ,+100445,-0629,+0724,-0637,2026/10/08,08:52:23,+0158307050,+0782026437,+00001626,15
XQ,+100436,-0643,+0724,-0638,2026/10/08,08:52:24,+0158307131,+0782026426,+00001499,15
XQ,+100439,-0648,+0725,-0637,2026/10/08,08:52:25,+0158307166,+0782026422,+00001288,15
XQ,+100438,-0648,+0727,-0638,2026/10/08,08:52:26,+0158307196,+0782026419,+00001210,15
XQ,+100442,-0656,+0726,-0640,2026/10/08,08:52:27,+0158307226,+0782026423,+00001055,15
XQ,+100442,-0656,+0727,-0641,2026/10/08,08:52:28,+0158307251,+0782026429,+00000900,15
XQ,+100441,-0655,+0727,-0640,2026/10/08,08:52:29,+0158307262,+0782026427,+00000780,15
XQ,+100442,-0653,+0728,-0640,2026/10/08,08:52:30,+0158307249,+0782026428,+00000430,15
XQ,+100437,-0657,+0727,-0641,2026/10/08,08:52:31,+0158307235,+0782026430,+00000109,15
XQ,+100442,-0658,+0727,-0640,2026/10/08,08:52:32,+0158307231,+0782026428,+00000427,15
XQ,+100443,-0661,+0725,-0642,2026/10/08,08:52:33,+0158307238,+0782026429,+00000377,15
XQ,+100436,-0663,+0725,-0642,2026/10/08,08:52:34,+0158307253,+0782026429,+00000181,15
XQ,+100440,-0659,+0726,-0642,2026/10/08,08:52:35,+0158307265,+0782026429,+00000152,15
XQ,+100442,-0660,+0725,-0644,2026/10/08,08:52:36,+0158307269,+0782026425,+00000114,15
XQ,+100440,-0660,+0726,-0644,2026/10/08,08:52:37,+0158307276,+0782026423,-00000043,15
XQ,+100442,-0658,+0727,-0645,2026/10/08,08:52:38,+0158307281,+0782026425,-00000051,15
XQ,+100443,-0660,+0727,-0644,2026/10/08,08:52:39,+0158307279,+0782026423,-00000178,15
XQ,+100436,-0663,+0726,-0645,2026/10/08,08:52:40,+0158307261,+0782026419,-00000197,15
XQ,+100439,-0660,+0727,-0647,2026/10/08,08:52:41,+0158307245,+0782026423,-00000359,15
XQ,+100443,-0660,+0727,-0645,2026/10/08,08:52:42,+0158307264,+0782026427,-00000286,15
XQ,+100440,-0661,+0728,-0647,2026/10/08,08:52:43,+0158307276,+0782026425,-00000242,15
XQ,+100437,-0661,+0728,-0645,2026/10/08,08:52:44,+0158307273,+0782026423,-00000289,15
XQ,+100439,-0662,+0729,-0648,2026/10/08,08:52:45,+0158307293,+0782026420,-00000184,15
XQ,+100440,-0660,+0731,-0647,2026/10/08,08:52:46,+0158307288,+0782026419,-00000271,15
XQ,+100438,-0659,+0732,-0647,2026/10/08,08:52:47,+0158307275,+0782026416,-00000414,15
XQ,+100440,-0662,+0733,-0647,2026/10/08,08:52:48,+0158307262,+0782026416,-00000742,15
XQ,+100443,-0659,+0735,-0647,2026/10/08,08:52:49,+0158307237,+0782026419,-00000968,15
XQ,+100441,-0658,+0736,-0647,2026/10/08,08:52:50,+0158307214,+0782026422,-00001025,15
XQ,+100439,-0657,+0737,-0645,2026/10/08,08:52:51,+0158307218,+0782026420,-00001214,15
XQ,+100442,-0658,+0738,-0645,2026/10/08,08:52:52,+0158307223,+0782026422,-00001334,15
XQ,+100441,-0657,+0739,-0645,2026/10/08,08:52:53,+0158307236,+0782026425,-00001163,15
XQ,+100443,-0659,+0740,-0648,2026/10/08,08:52:54,+0158307250,+0782026425,-00001122,15
XQ,+100439,-0660,+0740,-0647,2026/10/08,08:52:55,+0158307265,+0782026427,-00001144,15
XQ,+100444,-0663,+0739,-0648,2026/10/08,08:52:56,+0158307277,+0782026428,-00001102,15
XQ,+100442,-0664,+0738,-0647,2026/10/08,08:52:57,+0158307297,+0782026428,-00001367,15
XQ,+100448,-0663,+0738,-0648,2026/10/08,08:52:58,+0158307333,+0782026424,-00001320,15
XQ,+100436,-0656,+0739,-0644,2026/10/08,08:52:59,+0158307359,+0782026417,-00001291,15
XQ,+100449,-0656,+0739,-0642,2026/10/08,08:53:00,+0158307338,+0782026417,-00001172,15
XQ,+100449,-0659,+0738,-0640,2026/10/08,08:53:01,+0158307314,+0782026420,-00000871,15
XQ,+100442,-0660,+0736,-0640,2026/10/08,08:53:02,+0158307316,+0782026424,-00000389,15
XQ,+100440,-0660,+0735,-0637,2026/10/08,08:53:03,+0158307314,+0782026412,-00000542,15
XQ,+100443,-0660,+0736,-0637,2026/10/08,08:53:04,+0158307321,+0782026398,-00000761,15
XQ,+100448,-0656,+0736,-0635,2026/10/08,08:53:05,+0158307268,+0782026380,-00001195,15
XQ,+100450,-0655,+0737,-0634,2026/10/08,08:53:06,+0158307247,+0782026371,-00001267,15
XQ,+100456,-0656,+0737,-0633,2026/10/08,08:53:07,+0158307238,+0782026362,-00000874,15
XQ,+100457,-0660,+0736,-0634,2026/10/08,08:53:08,+0158307233,+0782026355,-00000604,15
XQ,+100457,-0661,+0735,-0631,2026/10/08,08:53:09,+0158307185,+0782026349,-00000214,15
